Аудио: CONFIG / SFX / streams	Audio: CONFIG / SFX / streams	Audio: CONFIG / SFX / streams
BankSlot.dat отсутствует или ≤ 2 байт — LoadBankSlotFile 0x4E0590 → 0 → CAEAudioHardware::Initialise fail → GetTrackPlayTime 0x4F1537 разыменует m_pStreamingChannel = NULL → краш при первом CAudioEngine::Service	BankSlot.dat missing or ≤ 2 bytes — LoadBankSlotFile 0x4E0590 → 0 → CAEAudioHardware::Initialise fails → GetTrackPlayTime 0x4F1537 dereferences m_pStreamingChannel = NULL → crash on the first CAudioEngine::Service	Falta BankSlot.dat o mide ≤ 2 bytes — LoadBankSlotFile 0x4E0590 → 0 → CAEAudioHardware::Initialise falla → GetTrackPlayTime 0x4F1537 desreferencia m_pStreamingChannel = NULL → crash en el primer CAudioEngine::Service
длина %u ≠ 2 + %d × 4820 — %s	length %u ≠ 2 + %d × 4820 — %s	longitud %u ≠ 2 + %d × 4820 — %s
Read(len−2) переполняет new(count×0x12D4)	Read(len−2) overflows new(count×0x12D4)	Read(len−2) desborda new(count×0x12D4)
хвост блока не инициализирован → мусорные размеры слотов → Malloc(мусор)	tail of the block left uninitialised → garbage slot sizes → Malloc(garbage)	la cola del bloque queda sin inicializar → tamaños de slot basura → Malloc(basura)
слот %d размера 0 — любая загрузка в него = переполнение следующего слота	slot %d has size 0 — any load into it overflows the next slot	slot %d de tamaño 0 — cualquier carga en él desborda el slot siguiente
%d слотов — exe запрашивает слоты до 42 (40 двигатель игрока, 41 generic feet, 42 bullet pass); запрос слота == count проходит (cmp di,[esi+0xC]; jg) → Service пишет таблицу звуков за массивом слотов → порча кучи	%d slots — the exe requests slots up to 42 (40 player engine, 41 generic feet, 42 bullet pass); a request for slot == count passes (cmp di,[esi+0xC]; jg) → Service writes the sound table past the slot array → heap corruption	%d slots — el exe pide slots hasta el 42 (40 motor del jugador, 41 generic feet, 42 bullet pass); la petición del slot == count pasa (cmp di,[esi+0xC]; jg) → Service escribe la tabla de sonidos fuera del array de slots → corrupción del heap
%d слотов — слоты 40..42 молча выброшены: нет звука двигателя игрока / generic feet / bullet pass	%d slots — slots 40..42 silently dropped: no player engine sound / generic feet / bullet pass	%d slots — los slots 40..42 se descartan en silencio: sin sonido de motor del jugador / generic feet / bullet pass
%d слотов (ваниль 45; слоты 43/44 exe не запрашивает)	%d slots (vanilla 45; slots 43/44 are never requested by the exe)	%d slots (vanilla 45; el exe nunca pide los slots 43/44)
сумма размеров слотов %llu ≠ ванильных 8578144 (m_nBufferSize)	sum of slot sizes %llu ≠ vanilla 8578144 (m_nBufferSize)	suma de tamaños de slots %llu ≠ 8578144 de vanilla (m_nBufferSize)
BankLkup.dat отсутствует или пуст — LoadBankLookupFile 0x4DFBD0 → 0 → краш инициализации аудио (AUD-01)	BankLkup.dat missing or empty — LoadBankLookupFile 0x4DFBD0 → 0 → audio init crash (AUD-01)	Falta BankLkup.dat o está vacío — LoadBankLookupFile 0x4DFBD0 → 0 → crash al inicializar el audio (AUD-01)
размер %u не кратен 12 — new((len/12)×12), Read(len) → переполнение кучи на %u байт	size %u not a multiple of 12 — new((len/12)×12), Read(len) → heap overflow by %u bytes	tamaño %u no múltiplo de 12 — new((len/12)×12), Read(len) → desbordamiento del heap de %u bytes
нет голосов педов %d..709	no ped voices %d..709	sin voces de peatones %d..709
, нет mission/script-аудио %d..364	, no mission/script audio %d..364	, sin audio de misión/script %d..364
, нет GENRL-банков %d..143	, no GENRL banks %d..143	, sin bancos GENRL %d..143
%d записей < 710 — банки с id ≥ %d немы (%s)%s	%d records < 710 — banks with id ≥ %d are mute (%s)%s	%d registros < 710 — los bancos con id ≥ %d quedan mudos (%s)%s
; банк %d грузится при старте: GetBankLookup 0x4E01C0 вернёт NULL при bankId == count → mov cl,[eax] → краш при запуске	; bank %d is loaded at startup: GetBankLookup 0x4E01C0 returns NULL for bankId == count → mov cl,[eax] → crash at launch	; el banco %d se carga al arrancar: GetBankLookup 0x4E01C0 devuelve NULL con bankId == count → mov cl,[eax] → crash al arrancar
; банк %d есть в таблице mission-аудио / сканера / машин: GetBankLookup → NULL при bankId == count → краш в момент первого запроса (сборка без этого события работает)	; bank %d is in the mission-audio / scanner / vehicle table: GetBankLookup → NULL for bankId == count → crash on its first request (a build that never triggers that event runs)	; el banco %d está en la tabla de audio de misión / escáner / vehículos: GetBankLookup → NULL con bankId == count → crash en su primera petición (una build que nunca dispara ese evento funciona)
Сохрани 710 записей BankLkup.dat (лишние банки могут указывать на любой пак), либо убедись, что ни один звук с id ≥ count не запрашивается.	Keep 710 records in BankLkup.dat (the extra banks may point at any pak), or make sure no sound with id ≥ count is ever requested.	Conserva 710 registros en BankLkup.dat (los bancos sobrantes pueden apuntar a cualquier pak) o asegúrate de que nunca se pida un sonido con id ≥ count.
PakFiles.dat отсутствует или пуст — LoadSFXPakLookupFile 0x4DFC70 → 0 → краш инициализации аудио	PakFiles.dat missing or empty — LoadSFXPakLookupFile 0x4DFC70 → 0 → audio init crash	Falta PakFiles.dat o está vacío — LoadSFXPakLookupFile 0x4DFC70 → 0 → crash al inicializar el audio
размер %u не кратен 52 — переполнение кучи на %u байт	size %u not a multiple of 52 — heap overflow by %u bytes	tamaño %u no múltiplo de 52 — desbordamiento del heap de %u bytes
запись %d без NUL: ран %u байт ≥ 118 — rep movsb 0x4DFD94 в буфер стека затирает сохранённые регистры/адрес возврата → краш	record %d without NUL: run of %u bytes ≥ 118 — rep movsb 0x4DFD94 into the stack buffer overwrites saved registers / return address → crash	registro %d sin NUL: tramo de %u bytes ≥ 118 — rep movsb 0x4DFD94 al búfer de pila sobrescribe registros guardados / dirección de retorno → crash
запись %d без NUL в 52 байтах — strlen склеивает имя со следующей записью → файл не найден (AUD-14)	record %d without NUL within 52 bytes — strlen glues the name to the next record → file not found (AUD-14)	registro %d sin NUL en 52 bytes — strlen pega el nombre al registro siguiente → archivo no encontrado (AUD-14)
audio/SFX/%s не найден — CdStreamOpen → 0: банки %d..%d читаются через handle 0 (%s) → не те сэмплы / тишина	audio/SFX/%s not found — CdStreamOpen → 0: banks %d..%d are read through handle 0 (%s) → wrong samples / silence	audio/SFX/%s no encontrado — CdStreamOpen → 0: los bancos %d..%d se leen por el handle 0 (%s) → muestras equivocadas / silencio
банк %d: pakFileIndex %d ≥ числа паков %d — m_paStreamHandles[pak] за блоком → мусорный handle, банк не грузится (тишина)	bank %d: pakFileIndex %d ≥ number of paks %d — m_paStreamHandles[pak] past the block → garbage handle, bank never loads (silence)	banco %d: pakFileIndex %d ≥ número de paks %d — m_paStreamHandles[pak] fuera del bloque → handle basura, el banco nunca carga (silencio)
банк %d: offset %u + 0x12C4 + size %u > размера %s (%llu) — CdStreamRead за EOF: устаревшие данные буфера / запрос не завершается	bank %d: offset %u + 0x12C4 + size %u > size of %s (%llu) — CdStreamRead past EOF: stale buffer data / request never completes	banco %d: offset %u + 0x12C4 + size %u > tamaño de %s (%llu) — CdStreamRead más allá del EOF: datos viejos del búfer / la petición nunca termina
%s банк %d	%s bank %d	%s banco %d
numSounds %d > 400 — следующее смещение для звука 399 заворачивается через %%400 → отрицательная длина	numSounds %d > 400 — the next offset for sound 399 wraps through %%400 → negative length	numSounds %d > 400 — el siguiente offset del sonido 399 da la vuelta por %%400 → longitud negativa
numSounds %d < 0 — GetSoundBuffer всегда 0: немой банк	numSounds %d < 0 — GetSoundBuffer always 0: mute bank	numSounds %d < 0 — GetSoundBuffer siempre 0: banco mudo
таблица звуков: смещения %s — soundSize = next − this заворачивается в огромное uint → %s	sound table: offsets %s — soundSize = next − this wraps to a huge uint → %s	tabla de sonidos: offsets %s — soundSize = next − this da la vuelta a un uint enorme → %s
не неубывающие	not non-decreasing	no monótonos
последнее больше size	last one larger than size	el último mayor que size
Malloc(huge) / копия state 3 в слот речи → краш	Malloc(huge) / state-3 copy into the speech slot → crash	Malloc(enorme) / copia del estado 3 al slot de voz → crash
отрицательная длина каналу	negative length handed to the channel	longitud negativa entregada al canal
в банке %d звуков, в ванили %d — exe зашивает id звуков по банку: LoadSound с soundId ≥ numSounds берёт неинициализированную запись таблицы → soundSize = весь банк (%u байт)%s	%d sounds in the bank, %d in vanilla — the exe hard-codes sound ids per bank: LoadSound with soundId ≥ numSounds takes an uninitialised table entry → soundSize = the whole bank (%u bytes)%s	%d sonidos en el banco, %d en vanilla — el exe fija los id de sonido por banco: LoadSound con soundId ≥ numSounds toma una entrada de tabla sin inicializar → soundSize = el banco entero (%u bytes)%s
 > слота %u → копия за слот → краш	 > slot %u → copy past the slot → crash	 > slot %u → copia fuera del slot → crash
%s: %u байт > размера слота %u — Service копирует rep movsd без сравнения со slot.size → переполнение следующих слотов	%s: %u bytes > slot size %u — Service copies with rep movsd without comparing against slot.size → overflows the following slots	%s: %u bytes > tamaño del slot %u — Service copia con rep movsd sin comparar con slot.size → desborda los slots siguientes
банк целиком в слот %d	whole bank into slot %d	banco entero al slot %d
dummy-банк машины в слоты 7..16	vehicle dummy bank into slots 7..16	banco dummy del vehículo a los slots 7..16
player-банк машины в слот 40	vehicle player bank into slot 40	banco player del vehículo al slot 40
mission-банк в слоты 26..29	mission bank into slots 26..29	banco de misión a los slots 26..29
mission-банк %u байт влезает только в слот 29 (%u), слоты 26..28 = %u — слот выбирает скрипт (ваниль: банки 35, 209, 339)	mission bank of %u bytes fits only slot 29 (%u), slots 26..28 = %u — the script chooses the slot (vanilla: banks 35, 209, 339)	banco de misión de %u bytes solo cabe en el slot 29 (%u), slots 26..28 = %u — el slot lo elige el script (vanilla: bancos 35, 209, 339)
самый большой звук PLY в слот 25	largest PLY sound into slot 25	sonido PLY más grande al slot 25
самый большой звук речи в слоты 20..24	largest speech sound into slots 20..24	sonido de voz más grande a los slots 20..24
звук сканера полиции в слоты 33..37	police scanner sound into slots 33..37	sonido del escáner de policía a los slots 33..37
звук сканера %u байт больше ванильного максимума банка %d (%d) — пара банк→слот строится динамически в AddAudioEvent	scanner sound of %u bytes exceeds the vanilla maximum of bank %d (%d) — the bank→slot pairing is built dynamically in AddAudioEvent	sonido del escáner de %u bytes supera el máximo vanilla del banco %d (%d) — el par banco→slot se construye dinámicamente en AddAudioEvent
script speech в слоты 26..29	script speech into slots 26..29	script speech a los slots 26..29
script speech %u байт влезает только в слот 29 (%u), слоты 26..28 = %u — слот выбирает скрипт	script speech of %u bytes fits only slot 29 (%u), slots 26..28 = %u — the script chooses the slot	script speech de %u bytes solo cabe en el slot 29 (%u), slots 26..28 = %u — el slot lo elige el script
loading tune (банк 82) в слоты 2/5	loading tune (bank 82) into slots 2/5	loading tune (banco 82) a los slots 2/5
StrmPaks.dat отсутствует — LoadStreamPackTable 0x4E0970 → 0 → краш инициализации аудио	StrmPaks.dat missing — LoadStreamPackTable 0x4E0970 → 0 → audio init crash	Falta StrmPaks.dat — LoadStreamPackTable 0x4E0970 → 0 → crash al inicializar el audio
StrmPaks.dat пуст — Initialise 0x4E0C76 делает lstrlen по Malloc(0): мусорный путь → OpenFile fail → return 0 → краш инициализации	StrmPaks.dat empty — Initialise 0x4E0C76 runs lstrlen on Malloc(0): garbage path → OpenFile fails → return 0 → init crash	StrmPaks.dat vacío — Initialise 0x4E0C76 hace lstrlen sobre Malloc(0): ruta basura → OpenFile falla → return 0 → crash de inicialización
запись %d без NUL в 16 байтах — имя склеивается со следующим → файл не найден	record %d without NUL within 16 bytes — the name is glued to the next one → file not found	registro %d sin NUL en 16 bytes — el nombre se pega al siguiente → archivo no encontrado
первый стрим-пак audio/streams/%s отсутствует — Initialise 0x4E0C50: OpenFile fail → DVD fail → return 0 → краш инициализации аудио	first stream pak audio/streams/%s missing — Initialise 0x4E0C50: OpenFile fails → DVD fails → return 0 → audio init crash	falta el primer stream pak audio/streams/%s — Initialise 0x4E0C50: OpenFile falla → DVD falla → return 0 → crash al inicializar el audio
TrakLkup.dat отсутствует — LoadTrackLookupTable 0x4E09F0 → 0 → краш инициализации аудио	TrakLkup.dat missing — LoadTrackLookupTable 0x4E09F0 → 0 → audio init crash	Falta TrakLkup.dat — LoadTrackLookupTable 0x4E09F0 → 0 → crash al inicializar el audio
размер %u не кратен 12	size %u not a multiple of 12	tamaño %u no múltiplo de 12
%d треков < 1922 — id треков радио/катсцен/эмбиента зашиты в exe: GetTrackInfo → NULL, треки ≥ %d немы	%d tracks < 1922 — radio/cutscene/ambience track ids are hard-coded in the exe: GetTrackInfo → NULL, tracks ≥ %d are mute	%d pistas < 1922 — los id de pistas de radio/cinemáticas/ambiente están fijos en el exe: GetTrackInfo → NULL, las pistas ≥ %d quedan mudas
трек %d: streamPakIndex %d ≥ числа стрим-паков %d — мусорное имя, CreateFileA fail, трек нем	track %d: streamPakIndex %d ≥ number of stream paks %d — garbage name, CreateFileA fails, track mute	pista %d: streamPakIndex %d ≥ número de stream paks %d — nombre basura, CreateFileA falla, pista muda
audio/streams/%s отсутствует, а на него ссылаются треки — CAEDataStream::Initialise fail → декодер выброшен, треки немы	audio/streams/%s missing while tracks reference it — CAEDataStream::Initialise fails → decoder discarded, tracks mute	falta audio/streams/%s aunque hay pistas que lo referencian — CAEDataStream::Initialise falla → decodificador descartado, pistas mudas
трек %d в %s: offset %u + 0x1F84 + %u > %llu	track %d in %s: offset %u + 0x1F84 + %u > %llu	pista %d en %s: offset %u + 0x1F84 + %u > %llu
трек %d в %s @%llu	track %d in %s @%llu	pista %d en %s @%llu
%d треков выходят за размер своего стрим-пака (первый: %s) — ReadFile 0 байт → Ogg sync fail → трек нем	%d tracks run past the size of their stream pak (first: %s) — ReadFile 0 bytes → Ogg sync fails → track mute	%d pistas sobrepasan el tamaño de su stream pak (primera: %s) — ReadFile 0 bytes → falla la sincronización Ogg → pista muda
На нестоковой установке (пустые стрим-паки, StrmPaks с перенаправлением) это ожидаемо.	Expected on a non-stock install (empty stream paks, redirected StrmPaks).	En una instalación no original (stream paks vacíos, StrmPaks redirigido) es lo esperado.
%d треков: расшифрованные байты по offset+0x1F84 ≠ «OggS» (первый: %s) — ov_open fail → трек нем	%d tracks: decrypted bytes at offset+0x1F84 ≠ «OggS» (first: %s) — ov_open fails → track mute	%d pistas: los bytes descifrados en offset+0x1F84 ≠ «OggS» (primera: %s) — ov_open falla → pista muda
Ключ XOR EA 3A C4 A1 9A A8 14 F3 48 B0 D7 23 9D E8 FF F1, индекс = смещение & 15. На установке с перенаправленным StrmPaks.dat (пустые стрим-паки) это ожидаемо.	XOR key EA 3A C4 A1 9A A8 14 F3 48 B0 D7 23 9D E8 FF F1, index = offset & 15. Expected on an install with a redirected StrmPaks.dat (empty stream paks).	Clave XOR EA 3A C4 A1 9A A8 14 F3 48 B0 D7 23 9D E8 FF F1, índice = offset & 15. En una instalación con StrmPaks.dat redirigido (stream paks vacíos) es lo esperado.
EventVol.dat %s — CAudioEngine::Initialise 0x5B9C60 выходит до инициализации сущностей: аудио сломано, возможный поздний краш	EventVol.dat %s — CAudioEngine::Initialise 0x5B9C60 returns before the entities are initialised: audio broken, possible later crash	EventVol.dat %s — CAudioEngine::Initialise 0x5B9C60 sale antes de inicializar las entidades: audio roto, posible crash posterior
короче 45401 байт (%llu)	shorter than 45401 bytes (%llu)	más corto que 45401 bytes (%llu)
отсутствует	missing	falta
id %d > 630 — CAEVehicleAudioEntity::Initialise 0x4F7670 копирует 36 байт из 0x860AF0+(id−400)×36 без проверки: за 231-й строкой лежит таблица байтов 0/1 → мусорный тип звука/банки/радио	id %d > 630 — CAEVehicleAudioEntity::Initialise 0x4F7670 copies 36 bytes from 0x860AF0+(id−400)×36 unchecked: past row 231 lies a 0/1 byte table → garbage sound type / banks / radio	id %d > 630 — CAEVehicleAudioEntity::Initialise 0x4F7670 copia 36 bytes desde 0x860AF0+(id−400)×36 sin comprobar: tras la fila 231 hay una tabla de bytes 0/1 → tipo de sonido / bancos / radio basura
id %d в 612..630 — ванильная запись-заглушка: soundType 10 (немой двигатель, без гудка и дверей)	id %d in 612..630 — vanilla placeholder row: soundType 10 (mute engine, no horn or doors)	id %d en 612..630 — fila vanilla de relleno: soundType 10 (motor mudo, sin bocina ni puertas)
id %d (ваниль %s): soundType 10 — немой двигатель, без гудка и дверей%s	id %d (vanilla %s): soundType 10 — mute engine, no horn or door sounds%s	id %d (vanilla %s): soundType 10 — motor mudo, sin bocina ni puertas%s
 — замена на этом id будет немой	 — a replacement on this id will be mute	 — un reemplazo en este id será mudo
id %d занимает место ванильной «%s»: звук берётся по id — тип %d, банки player %d / dummy %d, гудок %d, двери %d, радио %d/%d	id %d takes the place of vanilla «%s»: audio comes from the id — type %d, banks player %d / dummy %d, horn %d, doors %d, radio %d/%d	id %d ocupa el lugar del vanilla «%s»: el audio sale del id — tipo %d, bancos player %d / dummy %d, bocina %d, puertas %d, radio %d/%d
не CLUMP	not a CLUMP	no es CLUMP
нет STRUCT клампа	no clump STRUCT	sin STRUCT del clump
нет FRAMELIST	no FRAMELIST	sin FRAMELIST
FRAMELIST без STRUCT	FRAMELIST without STRUCT	FRAMELIST sin STRUCT
число фреймов вне разумного	frame count out of any reasonable range	número de frames fuera de lo razonable
FRAMELIST STRUCT обрезан	FRAMELIST STRUCT truncated	STRUCT de FRAMELIST truncado
нет GEOMETRYLIST	no GEOMETRYLIST	sin GEOMETRYLIST
GEOMETRYLIST без STRUCT	GEOMETRYLIST without STRUCT	GEOMETRYLIST sin STRUCT
число геометрий вне разумного	geometry count out of any reasonable range	número de geometrías fuera de lo razonable
GEOMETRY №%u не найдена	GEOMETRY #%u not found	GEOMETRY n.º %u no encontrada
Одежда CJ: player.img / clothes.dat	CJ clothes: player.img / clothes.dat	Ropa de CJ: player.img / clothes.dat
models/player.img не найден — CDirectory::ReadDirFile 0x532350 не проверяет fopen: каталог пуст, любая часть одежды → CLO-03 (чтение по мусорному offset/size) → краш/зависание при первом ребилде CJ	models/player.img not found — CDirectory::ReadDirFile 0x532350 does not check fopen: empty directory, any clothes part → CLO-03 (read at garbage offset/size) → crash/hang on the first CJ rebuild	models/player.img no encontrado — CDirectory::ReadDirFile 0x532350 no comprueba fopen: directorio vacío, cualquier prenda → CLO-03 (lectura con offset/size basura) → crash/cuelgue en la primera reconstrucción de CJ
player.img не VER2 — ReadDirFile читает 4 байта magic без проверки и число записей из следующих 4 байт → каталог из мусора	player.img is not VER2 — ReadDirFile reads 4 magic bytes unchecked and the entry count from the next 4 → garbage directory	player.img no es VER2 — ReadDirFile lee 4 bytes de magic sin comprobar y el número de entradas de los 4 siguientes → directorio basura
%d записей > 550 — CDirectory::Init(0x226): лишние записи выброшены («Too many objects without modelinfo structures»), обращение к ним → CLO-03/04 → краш	%d entries > 550 — CDirectory::Init(0x226): the extra entries are dropped («Too many objects without modelinfo structures»), using them → CLO-03/04 → crash	%d entradas > 550 — CDirectory::Init(0x226): las entradas sobrantes se descartan («Too many objects without modelinfo structures»), usarlas → CLO-03/04 → crash
Ваниль: 542 записи, свободно 8 слотов.	Vanilla: 542 entries, 8 free slots.	Vanilla: 542 entradas, 8 slots libres.
имя записи занимает все 24 байта без NUL — GetUppercaseKey 0x53CF30 читает до NUL в следующую запись: ключ никогда не совпадёт → CLO-03	entry name fills all 24 bytes without NUL — GetUppercaseKey 0x53CF30 reads up to a NUL in the next entry: the key never matches → CLO-03	el nombre de la entrada ocupa los 24 bytes sin NUL — GetUppercaseKey 0x53CF30 lee hasta un NUL de la entrada siguiente: la clave nunca coincide → CLO-03
streaming size (байты 4-5) = 0 — FindItem вернёт 0 секторов: чтение клампа проваливается → BlendGeometry(NULL)	streaming size (bytes 4-5) = 0 — FindItem returns 0 sectors: the clump read fails → BlendGeometry(NULL)	streaming size (bytes 4-5) = 0 — FindItem devuelve 0 sectores: la lectura del clump falla → BlendGeometry(NULL)
%u секторов > %u (наибольшая запись стрим-IMG, чётно) — player.img не поднимает ms_streamingBufferSize (AddImageToList(…,0)), ConvertBufferToObject читает size<<11 из общего буфера → переполнение	%u sectors > %u (largest streamed-IMG entry, rounded to even) — player.img does not raise ms_streamingBufferSize (AddImageToList(…,0)), ConvertBufferToObject reads size<<11 from the shared buffer → overflow	%u sectores > %u (entrada más grande de los IMG en streaming, redondeada a par) — player.img no eleva ms_streamingBufferSize (AddImageToList(…,0)), ConvertBufferToObject lee size<<11 del búfer compartido → desbordamiento
базовые TXD (0x8D0A4C)	base TXDs (0x8D0A4C)	TXD base (0x8D0A4C)
data/clothes.dat не найден — LoadClothesFile 0x5A7B30 не проверяет OpenFile → LoadLine(NULL) → краш при старте	data/clothes.dat not found — LoadClothesFile 0x5A7B30 does not check OpenFile → LoadLine(NULL) → crash at startup	data/clothes.dat no encontrado — LoadClothesFile 0x5A7B30 no comprueba OpenFile → LoadLine(NULL) → crash al arrancar
строка «%.40s» вне блока rule … end — игнорируется	line «%.40s» outside the rule … end block — ignored	línea «%.40s» fuera del bloque rule … end — ignorada
«%s» начинается со строчного «end» — strncmp("end",3) закрывает блок правил: все правила до следующего «rule» игнорируются (ваниль пишет ENDIGNORE/ENDEXCLUSIVE прописными)	«%s» starts with lowercase «end» — strncmp("end",3) closes the rule block: every rule up to the next «rule» is ignored (vanilla writes ENDIGNORE/ENDEXCLUSIVE in upper case)	«%s» empieza por «end» en minúsculas — strncmp("end",3) cierra el bloque de reglas: todas las reglas hasta el siguiente «rule» se ignoran (vanilla escribe ENDIGNORE/ENDEXCLUSIVE en mayúsculas)
неизвестное ключевое слово «%s» — тип правила наследуется от предыдущей строки (%s), аргументы читаются по его схеме	unknown keyword «%s» — the rule type is inherited from the previous line (%s), the arguments are read with its layout	palabra clave desconocida «%s» — el tipo de regla se hereda de la línea anterior (%s), los argumentos se leen con su esquema
на первой строке — мусор	garbage on the first line	basura en la primera línea
предыдущее правило	previous rule	regla anterior
%s: %d аргументов вместо %d — strtok вернёт NULL → GetUppercaseKey(NULL) 0x53CF36 mov al,[edi] → краш при первом ребилде CJ	%s: %d arguments instead of %d — strtok returns NULL → GetUppercaseKey(NULL) 0x53CF36 mov al,[edi] → crash on the first CJ rebuild	%s: %d argumentos en vez de %d — strtok devuelve NULL → GetUppercaseKey(NULL) 0x53CF36 mov al,[edi] → crash en la primera reconstrucción de CJ
компонент «%s» не из torso head hands legs feet necklace watch glasses hat extra1 (строчные, точно) — GetClothesModelFromName → 0 = torso	component «%s» not one of torso head hands legs feet necklace watch glasses hat extra1 (lowercase, exact) — GetClothesModelFromName → 0 = torso	componente «%s» no es uno de torso head hands legs feet necklace watch glasses hat extra1 (minúsculas, exacto) — GetClothesModelFromName → 0 = torso
clothes.dat SETC (строка %d)	clothes.dat SETC (line %d)	clothes.dat SETC (línea %d)
clothes.dat CUTS (строка %d)	clothes.dat CUTS (line %d)	clothes.dat CUTS (línea %d)
clothes.dat TEX (строка %d)	clothes.dat TEX (line %d)	clothes.dat TEX (línea %d)
9-й одновременно активный тег %s «%s» — PreprocessClothesDesc local_20[8]: тег молча не регистрируется	9th simultaneously active tag %s «%s» — PreprocessClothesDesc local_20[8]: the tag is silently not registered	9.ª etiqueta %s «%s» activa a la vez — PreprocessClothesDesc local_20[8]: la etiqueta no se registra en silencio
%d слов правил > 600 — ms_clothesRules 0xBC1300 переполнен (с 607 затирается ms_lastClothesDesc, с 636 — g_bCutSceneFinishing и состояние катсцен)	%d rule words > 600 — ms_clothesRules 0xBC1300 overflows (from 607 ms_lastClothesDesc is overwritten, from 636 g_bCutSceneFinishing and the cutscene state)	%d palabras de reglas > 600 — ms_clothesRules 0xBC1300 se desborda (desde 607 se sobrescribe ms_lastClothesDesc, desde 636 g_bCutSceneFinishing y el estado de las cinemáticas)
Ваниль — 587 слов (SETC 5, CUTS/TEX/HIDE 3, прочие 2).	Vanilla — 587 words (SETC 5, CUTS/TEX/HIDE 3, others 2).	Vanilla — 587 palabras (SETC 5, CUTS/TEX/HIDE 3, resto 2).
%d слов правил из 600	%d rule words out of 600	%d palabras de reglas de 600
shopping.dat %s (строка %d)	shopping.dat %s (line %d)	shopping.dat %s (línea %d)
texturename «%s» длиннее 19 — «%s.TXD» не влезает в 24-байтовое имя записи player.img	texturename «%s» longer than 19 — «%s.TXD» does not fit the 24-byte player.img entry name	texturename «%s» de más de 19 — «%s.TXD» no cabe en el nombre de 24 bytes de la entrada de player.img
modelname «%s» длиннее 19	modelname «%s» longer than 19	modelname «%s» de más de 19
type %d не из {0,1,2,3,13..17} — SetTextureAndModel 0x5A8050 пишет textures[type] за пределами CPedClothesDesc (18 слотов)	type %d not in {0,1,2,3,13..17} — SetTextureAndModel 0x5A8050 writes textures[type] outside CPedClothesDesc (18 slots)	type %d no está en {0,1,2,3,13..17} — SetTextureAndModel 0x5A8050 escribe textures[type] fuera de CPedClothesDesc (18 slots)
Tattoos type1 %d не в 4..12 — LoadPrices case 6 хэширует 4-й токен «%s» в models[GetTextureDependency(%d)]: ищется DFF с таким именем → CLO-03 → краш	Tattoos type1 %d not in 4..12 — LoadPrices case 6 hashes the 4th token «%s» into models[GetTextureDependency(%d)]: a DFF of that name is looked up → CLO-03 → crash	Tattoos type1 %d no está en 4..12 — LoadPrices case 6 hashea el 4.º token «%s» en models[GetTextureDependency(%d)]: se busca un DFF con ese nombre → CLO-03 → crash
Tattoos type1 «-» = −1 — слот текстуры −1, татуировка не применяется	Tattoos type1 «-» = −1 — texture slot −1, the tattoo is never applied	Tattoos type1 «-» = −1 — slot de textura −1, el tatuaje no se aplica
нет «%s.dff» в player.img (используется: %s) — FindItem промахивается, но ConstructGeometryArray 0x5A55A0 не проверяет результат: RequestFile с неинициализированным offset/size → чтение за EOF (зависание стриминга) или BlendGeometry(NULL) → краш при ребилде CJ	no «%s.dff» in player.img (used by: %s) — FindItem misses, but ConstructGeometryArray 0x5A55A0 ignores the result: RequestFile with an uninitialised offset/size → read past EOF (streaming hang) or BlendGeometry(NULL) → crash on the CJ rebuild	no hay «%s.dff» en player.img (lo usa: %s) — FindItem falla, pero ConstructGeometryArray 0x5A55A0 ignora el resultado: RequestFile con offset/size sin inicializar → lectura más allá del EOF (cuelgue del streaming) o BlendGeometry(NULL) → crash al reconstruir a CJ
нет «%s.txd» в player.img (используется: %s) — RequestTexture 0x5A4220 с мусорным offset/size → словарь NULL → RwTexDictionaryFindNamedTexture/GetFirstTexture(NULL) → CopyTexture mov ebx,[eax] → краш	no «%s.txd» in player.img (used by: %s) — RequestTexture 0x5A4220 with a garbage offset/size → NULL dictionary → RwTexDictionaryFindNamedTexture/GetFirstTexture(NULL) → CopyTexture mov ebx,[eax] → crash	no hay «%s.txd» en player.img (lo usa: %s) — RequestTexture 0x5A4220 con offset/size basura → diccionario NULL → RwTexDictionaryFindNamedTexture/GetFirstTexture(NULL) → CopyTexture mov ebx,[eax] → crash
CLUMP №%d не разбирается (%s) — RpClumpStreamRead вернёт 0 → LoadClumpFile (флаг 2) прекращает чтение, часть не загружена → BlendGeometry(NULL) → краш	CLUMP #%d does not parse (%s) — RpClumpStreamRead returns 0 → LoadClumpFile (flag 2) stops reading, the part is not loaded → BlendGeometry(NULL) → crash	el CLUMP n.º %d no se puede analizar (%s) — RpClumpStreamRead devuelve 0 → LoadClumpFile (flag 2) deja de leer, la prenda no se carga → BlendGeometry(NULL) → crash
в записи нет ни одного CLUMP — часть не загружается → BlendGeometry(NULL) → краш	the entry holds no CLUMP at all — the part never loads → BlendGeometry(NULL) → crash	la entrada no contiene ningún CLUMP — la prenda nunca carga → BlendGeometry(NULL) → crash
%d CLUMP в записи (ваниль всегда 3: normal / fat / ripped по одному атомику)	%d CLUMPs in the entry (vanilla always 3: normal / fat / ripped with one atomic each)	%d CLUMP en la entrada (vanilla siempre 3: normal / fat / ripped con un atomic cada uno)
%d атомиков — лишние сливаются в кламп, но не используются	%d atomics — the extra ones are merged into the clump but never used	%d atomics — los sobrantes se fusionan en el clump pero no se usan
нет атомика на фрейме «%s» (stricmp по всем клампам записи) — GetAtomicWithName 0x5A4810 → 0, BlendGeometry читает [0+0x18] → краш при ребилде CJ	no atomic on frame «%s» (stricmp across every clump of the entry) — GetAtomicWithName 0x5A4810 → 0, BlendGeometry reads [0+0x18] → crash on the CJ rebuild	no hay atomic en el frame «%s» (stricmp por todos los clumps de la entrada) — GetAtomicWithName 0x5A4810 → 0, BlendGeometry lee [0+0x18] → crash al reconstruir a CJ
Запись одежды = три склеенных DFF-клампа, атомики на фреймах Normal / Fat / Ripped.	A clothes entry = three concatenated DFF clumps with atomics on frames Normal / Fat / Ripped.	Una entrada de ropa = tres clumps DFF concatenados con atomics en los frames Normal / Fat / Ripped.
атомик «%s» ссылается на несуществующую геометрию %d	atomic «%s» references a non-existent geometry %d	el atomic «%s» referencia una geometría inexistente %d
геометрия «%s» без нормалей (флаг 0x10) — BlendGeometry читает массив нормалей всех трёх без проверки → NULL → краш	geometry «%s» without normals (flag 0x10) — BlendGeometry reads the normal arrays of all three unchecked → NULL → crash	geometría «%s» sin normales (flag 0x10) — BlendGeometry lee los arrays de normales de las tres sin comprobar → NULL → crash
геометрия «%s» без UV0 — BlendGeometry читает texcoords[0] → NULL → краш	geometry «%s» without UV0 — BlendGeometry reads texcoords[0] → NULL → crash	geometría «%s» sin UV0 — BlendGeometry lee texcoords[0] → NULL → crash
геометрия «%s» без Skin PLG — RpSkinGetVertexBoneIndices(NULL) → краш	geometry «%s» without a Skin PLG — RpSkinGetVertexBoneIndices(NULL) → crash	geometría «%s» sin Skin PLG — RpSkinGetVertexBoneIndices(NULL) → crash
число вершин normal/fat/ripped = %d/%d/%d — цикл BlendGeometry идёт по normal и читает fat/ripped в ногу: меньшая геометрия → чтение за кучей	vertex counts normal/fat/ripped = %d/%d/%d — the BlendGeometry loop runs over normal and reads fat/ripped in step: a smaller geometry → read past the heap	número de vértices normal/fat/ripped = %d/%d/%d — el bucle de BlendGeometry recorre normal y lee fat/ripped en paralelo: una geometría menor → lectura fuera del heap
%d вершин в normal — сумма по 10 надетым частям может превысить 65535 (u16-индексы треугольников и short-смещение в ConstructGeometryAndSkinArrays 0x5A6530); ваниль макс 734	%d vertices in normal — the sum over the 10 worn parts can exceed 65535 (u16 triangle indices and a short base offset in ConstructGeometryAndSkinArrays 0x5A6530); vanilla max 734	%d vértices en normal — la suma de las 10 prendas puestas puede superar 65535 (índices de triángulo u16 y desplazamiento short en ConstructGeometryAndSkinArrays 0x5A6530); máximo vanilla 734
у атомика «%s» нет HAnim PLG на его фрейме или ниже — GetAnimHierarchyFromFrame 0x734AB0 → NULL, StoreBoneArray 0x5A48B0 читает hierarchy+4 → краш	atomic «%s» has no HAnim PLG on its frame or below — GetAnimHierarchyFromFrame 0x734AB0 → NULL, StoreBoneArray 0x5A48B0 reads hierarchy+4 → crash	el atomic «%s» no tiene HAnim PLG en su frame ni debajo — GetAnimHierarchyFromFrame 0x734AB0 → NULL, StoreBoneArray 0x5A48B0 lee hierarchy+4 → crash
HAnim «%s»: %d нод > 64 — gBoneIndices[i][64] переполняется (для extra1 — поверх каталога player.img)	HAnim «%s»: %d nodes > 64 — gBoneIndices[i][64] overflows (for extra1 — over the player.img directory)	HAnim «%s»: %d nodos > 64 — gBoneIndices[i][64] se desborda (para extra1, encima del directorio de player.img)
«%s»: индекс кости %d ≥ числа нод HAnim %d — BuildBoneIndexConversionTable читает мусор стека, вершина следует за случайной костью	«%s»: bone index %d ≥ HAnim node count %d — BuildBoneIndexConversionTable reads stack garbage, the vertex follows a random bone	«%s»: índice de hueso %d ≥ número de nodos HAnim %d — BuildBoneIndexConversionTable lee basura de la pila, el vértice sigue a un hueso aleatorio
первый атомик первого клампа не скинен — SetClump 0x4C4F70 (флаг 2) не назначает иерархии ни одному атомику → StoreBoneArray(NULL) → краш	the first atomic of the first clump is not skinned — SetClump 0x4C4F70 (flag 2) assigns no hierarchy to any atomic → StoreBoneArray(NULL) → crash	el primer atomic del primer clump no está skinned — SetClump 0x4C4F70 (flag 2) no asigna jerarquía a ningún atomic → StoreBoneArray(NULL) → crash
TXD не разбирается — словарь NULL → CopyTexture → краш	TXD does not parse — NULL dictionary → CopyTexture → crash	el TXD no se puede analizar — diccionario NULL → CopyTexture → crash
в TXD нет текстур — GetFirstTexture → NULL → CopyTexture mov ebx,[eax] → краш	the TXD holds no textures — GetFirstTexture → NULL → CopyTexture mov ebx,[eax] → crash	el TXD no tiene texturas — GetFirstTexture → NULL → CopyTexture mov ebx,[eax] → crash
%d текстур — используется только первая («%s»)	%d textures — only the first one is used («%s»)	%d texturas — solo se usa la primera («%s»)
растр «%s»: %d bpp%s%s — CopyTexture/BlendTextures/PlaceTextureOnTopOfTexture читают и пишут 4 байта на пиксель через RwRasterLock: буфер сжатого растра в 4–8 раз меньше w×h×4 → переполнение кучи	raster «%s»: %d bpp%s%s — CopyTexture/BlendTextures/PlaceTextureOnTopOfTexture read and write 4 bytes per pixel through RwRasterLock: a compressed raster buffer is 4–8× smaller than w×h×4 → heap overflow	raster «%s»: %d bpp%s%s — CopyTexture/BlendTextures/PlaceTextureOnTopOfTexture leen y escriben 4 bytes por píxel vía RwRasterLock: el búfer de un raster comprimido es 4–8 veces menor que w×h×4 → desbordamiento del heap
, палитра	, palette	, paleta
Все растры player.img — несжатые 32 bpp (ваниль: формат 0x500/0x600, 1 мип).	Every player.img raster is uncompressed 32 bpp (vanilla: format 0x500/0x600, 1 mip).	Todos los rasters de player.img son 32 bpp sin comprimir (vanilla: formato 0x500/0x600, 1 mip).
torso-слот	torso slot	slot torso
legs-слот	legs slot	slot legs
татуировка	tattoo	tatuaje
%s: %d×%d вместо %d×%d — PlaceTextureOnTopOfTexture 0x5A57B0 идёт по w×h источника: больший overlay пишет за растр назначения (краш), меньший оставляет остаток нетронутым	%s: %d×%d instead of %d×%d — PlaceTextureOnTopOfTexture 0x5A57B0 loops over the source w×h: a larger overlay writes past the destination raster (crash), a smaller one leaves the rest untouched	%s: %d×%d en vez de %d×%d — PlaceTextureOnTopOfTexture 0x5A57B0 recorre el w×h de la fuente: un overlay mayor escribe fuera del raster destino (crash), uno menor deja el resto intacto
в %s.txd нет текстуры «%s» — RwTexDictionaryFindNamedTexture → NULL → RwRasterLock(NULL) в BlendTextures → краш	%s.txd has no texture «%s» — RwTexDictionaryFindNamedTexture → NULL → RwRasterLock(NULL) in BlendTextures → crash	%s.txd no tiene la textura «%s» — RwTexDictionaryFindNamedTexture → NULL → RwRasterLock(NULL) en BlendTextures → crash
«%s» %d×%d ≠ «%s» %d×%d — цикл BlendTextures ограничен растром _fat, 4 Б/пиксель	«%s» %d×%d ≠ «%s» %d×%d — the BlendTextures loop is bounded by the _fat raster, 4 B/pixel	«%s» %d×%d ≠ «%s» %d×%d — el bucle de BlendTextures está limitado por el raster _fat, 4 B/píxel
пустой базовый TXD	empty base TXD	TXD base vacío
нет player.dff (скинированный кламп CJ, модель 0) — CreateSkinnedClump 0x5A6C6A: GetFirstAtomic/RpSkinGeometryGetSkin по NULL → краш	no player.dff (the skinned CJ clump, model 0) — CreateSkinnedClump 0x5A6C6A: GetFirstAtomic/RpSkinGeometryGetSkin on NULL → crash	no hay player.dff (clump skinned de CJ, modelo 0) — CreateSkinnedClump 0x5A6C6A: GetFirstAtomic/RpSkinGeometryGetSkin sobre NULL → crash
нет csplay.dff (катсценный скелет CJ, hier 1 в default.ide) — RebuildCutscenePlayer → CreateSkinnedClump(NULL) → краш при первой катсцене	no csplay.dff (the cutscene CJ skeleton, hier 1 in default.ide) — RebuildCutscenePlayer → CreateSkinnedClump(NULL) → crash on the first cutscene	no hay csplay.dff (esqueleto de cinemáticas de CJ, hier 1 en default.ide) — RebuildCutscenePlayer → CreateSkinnedClump(NULL) → crash en la primera cinemática
нет player.txd — RequestSpecialModel назначает модели 0 словарь «generic», и каждый ребилд CJ уничтожает ВСЕ текстуры generic.txd (RwTexDictionaryForAllTextures(destroy) 0x5A69D0)	no player.txd — RequestSpecialModel gives model 0 the «generic» dictionary, and every CJ rebuild destroys ALL textures of generic.txd (RwTexDictionaryForAllTextures(destroy) 0x5A69D0)	no hay player.txd — RequestSpecialModel asigna al modelo 0 el diccionario «generic», y cada reconstrucción de CJ destruye TODAS las texturas de generic.txd (RwTexDictionaryForAllTextures(destroy) 0x5A69D0)
нет строки «hier 1, csplay, player» — LoadCutsceneData 0x4D5E80 делает RequestModel(1) для катсценного CJ	no «hier 1, csplay, player» line — LoadCutsceneData 0x4D5E80 does RequestModel(1) for the cutscene CJ	falta la línea «hier 1, csplay, player» — LoadCutsceneData 0x4D5E80 hace RequestModel(1) para el CJ de cinemáticas
%s не скинен — RpSkinGeometryGetSkin → NULL, RpSkinGetNumBones(NULL) → краш при ребилде CJ	%s is not skinned — RpSkinGeometryGetSkin → NULL, RpSkinGetNumBones(NULL) → crash on the CJ rebuild	%s no está skinned — RpSkinGeometryGetSkin → NULL, RpSkinGetNumBones(NULL) → crash al reconstruir a CJ
нет IFP-блока «%s» — RequestMotionGroupAnims 0x5A8120: GetAnimationBlockIndex = −1, запрос ложного id 25574; анимации толстого/качка не грузятся	no IFP block «%s» — RequestMotionGroupAnims 0x5A8120: GetAnimationBlockIndex = −1, request of the bogus id 25574; fat/muscular animations never load	no hay bloque IFP «%s» — RequestMotionGroupAnims 0x5A8120: GetAnimationBlockIndex = −1, petición del id falso 25574; las animaciones de gordo/musculoso no cargan
%s: id поверхности %d > 178 — SurfaceInfos читается за пределами таблицы (трение/звук из мусора)	%s: surface id %d > 178 — SurfaceInfos is read past the table (friction/sound from garbage)	%s: id de superficie %d > 178 — SurfaceInfos se lee fuera de la tabla (fricción/sonido basura)
COL1: numSpheres %d читается как int16 — секции сместятся	COL1: numSpheres %d is read as int16 — the sections shift	COL1: numSpheres %d se lee como int16 — las secciones se desplazan
сфера	sphere	esfera
COL1: numLines %d — движок берёт младший байт со знаком (%d) и не пропустит данные линий	COL1: numLines %d — the engine takes the low byte as signed (%d) and will not skip the line data	COL1: numLines %d — el motor toma el byte bajo con signo (%d) y no saltará los datos de líneas
COL1: numBoxes %d читается как int16	COL1: numBoxes %d is read as int16	COL1: numBoxes %d se lee como int16
бокс	box	caja
бокс %d: min > max — никогда не пересечётся	box %d: min > max — never intersects	caja %d: min > max — nunca intersecta
COL1: numVertices %d не помещается в запись	COL1: numVertices %d does not fit in the entry	COL1: numVertices %d no cabe en la entrada
COL1: %d координат вне ±255.99 — при загрузке *128 → int16 заворачивается на 512 м	COL1: %d coordinates outside ±255.99 — *128 at load → int16 wraps at 512 m	COL1: %d coordenadas fuera de ±255.99 — al cargar *128 → int16 da la vuelta a los 512 m
COL1: numFaces %d ≥ 32768 — счётчик int16, все треугольники игнорируются, m_pTriangles = NULL при флаге	COL1: numFaces %d ≥ 32768 — int16 counter, every triangle is ignored, m_pTriangles = NULL with the flag	COL1: numFaces %d ≥ 32768 — contador int16, se ignoran todos los triángulos, m_pTriangles = NULL con el flag
COL1: %d граней не помещаются в запись	COL1: %d faces do not fit in the entry	COL1: %d caras no caben en la entrada
грань	face	cara
COL1: %d граней с индексом вершины ≥ %d — плоскости из мусора за массивом	COL1: %d faces with a vertex index ≥ %d — planes from garbage past the array	COL1: %d caras con índice de vértice ≥ %d — planos de basura fuera del array
%d граней с |n·v| ≥ 256 — расстояние плоскости не влезает в int16 (заворачивается)	%d faces with |n·v| ≥ 256 — the plane distance does not fit int16 (wraps)	%d caras con |n·v| ≥ 256 — la distancia del plano no cabe en int16 (da la vuelta)
COL1: данные выходят за размер записи (size занижен)	COL1: data runs past the entry size (size understated)	COL1: los datos sobrepasan el tamaño de la entrada (size demasiado pequeño)
ограничивающий бокс не накрывает примитивы — объект попадает не во все секторы мира (нет коллизии в части объекта)	the bounding box does not cover the primitives — the object is not put into every world sector it touches (no collision on part of it)	la caja envolvente no cubre las primitivas — el objeto no entra en todos los sectores del mundo que toca (sin colisión en parte del objeto)
ограничивающая сфера не накрывает примитивы — DFF будет отсекаться на экране, широкая фаза коллизии пропустит контакты	the bounding sphere does not cover the primitives — the DFF gets culled on screen, the broad phase misses contacts	la esfera envolvente no cubre las primitivas — el DFF se recortará en pantalla, la fase amplia de colisión perderá contactos
COL%d: size %u меньше заголовка (24 + 0x%X) — dataSize−0x%X заворачивается, Malloc(огромное) → NULL → краш	COL%d: size %u smaller than the header (24 + 0x%X) — dataSize−0x%X wraps, Malloc(huge) → NULL → crash	COL%d: size %u menor que la cabecera (24 + 0x%X) — dataSize−0x%X da la vuelta, Malloc(enorme) → NULL → crash
%s: count %u при offset 0 — указатель NULL, краш при первом тесте коллизии	%s: count %u with offset 0 — NULL pointer, crash on the first collision test	%s: count %u con offset 0 — puntero NULL, crash en la primera prueba de colisión
%s: offset 0x%X + %u×%u выходит за запись (0x%X..0x%X) — указатели вне блока	%s: offset 0x%X + %u×%u runs past the entry (0x%X..0x%X) — pointers outside the block	%s: offset 0x%X + %u×%u sobrepasa la entrada (0x%X..0x%X) — punteros fuera del bloque
флаг 2 установлен у пустой записи (только заголовок) — m_pColData = NULL, объект без коллизии	flag 2 set on an empty entry (header only) — m_pColData = NULL, object without collision	flag 2 activado en una entrada vacía (solo cabecera) — m_pColData = NULL, objeto sin colisión
счётчики > 0 у записи без данных	counters > 0 on an entry without data	contadores > 0 en una entrada sin datos
numFaces %d ≥ 32768 — читается как int16 со знаком, все треугольники игнорируются%s	numFaces %d ≥ 32768 — read as a signed int16, every triangle is ignored%s	numFaces %d ≥ 32768 — se lee como int16 con signo, se ignoran todos los triángulos%s
, а с face-группами — краш	, and with face groups — crash	, y con face-groups — crash
флаг 2 («есть коллизия») снят при наличии примитивов — все экземпляры получат SetUsesCollision(false)	flag 2 («has collision») cleared while primitives exist — every instance gets SetUsesCollision(false)	flag 2 («tiene colisión») desactivado aunque hay primitivas — todas las instancias reciben SetUsesCollision(false)
Ставь flags |= 2, когда есть хоть один примитив.	Set flags |= 2 whenever there is at least one primitive.	Pon flags |= 2 cuando haya al menos una primitiva.
флаг 2 при нулевых счётчиках — коллизии нет, но объект считается коллизионным	flag 2 with zero counters — no collision, yet the object counts as collidable	flag 2 con contadores a cero — no hay colisión, pero el objeto cuenta como colisionable
флаг 1 установлен — движок его сбрасывает (не используй)	flag 1 set — the engine clears it (do not use)	flag 1 activado — el motor lo limpia (no lo uses)
сферы	spheres	esferas
боксы	boxes	cajas
бокс %d: min > max	box %d: min > max	caja %d: min > max
грани есть, а offVertices = 0	faces present but offVertices = 0	hay caras pero offVertices = 0
offVertices 0x%X вне записи	offVertices 0x%X outside the entry	offVertices 0x%X fuera de la entrada
грани	faces	caras
%d граней с индексом вершины ≥ %d (в файле столько вершин по размеру секции) — нормали из мусора за массивом	%d faces with a vertex index ≥ %d (that many vertices fit in the section by size) — normals from garbage past the array	%d caras con índice de vértice ≥ %d (tantos vértices caben en la sección por tamaño) — normales de basura fuera del array
%d граней с |n·v| ≥ 256 — расстояние плоскости заворачивается в int16	%d faces with |n·v| ≥ 256 — the plane distance wraps in int16	%d caras con |n·v| ≥ 256 — la distancia del plano da la vuelta en int16
флаг face-групп (8), но перед гранями нет места для счётчика групп	face-group flag (8), but no room before the faces for the group counter	flag de face-groups (8), pero no hay sitio antes de las caras para el contador de grupos
флаг face-групп (8), а счётчик перед гранями = %u — группы читаются из чужих байт	face-group flag (8), yet the counter before the faces = %u — groups are read from unrelated bytes	flag de face-groups (8), pero el contador antes de las caras = %u — los grupos se leen de bytes ajenos
%d face-групп с last ≥ numFaces — чтение треугольников и плоскостей за массивами	%d face groups with last ≥ numFaces — triangles and planes are read past the arrays	%d face-groups con last ≥ numFaces — lectura de triángulos y planos fuera de los arrays
%d граней не входят ни в одну face-группу — не сталкиваются с движущимися объектами	%d faces belong to no face group — they never collide with moving objects	%d caras no pertenecen a ningún face-group — no colisionan con objetos en movimiento
numShadowFaces > 0 при нулевых offsets — тень отключена (безвредно)	numShadowFaces > 0 with zero offsets — shadow disabled (harmless)	numShadowFaces > 0 con offsets a cero — sombra desactivada (inofensivo)
shadow-грани	shadow faces	caras de sombra
shadow-грани ссылаются на вершину %d, а в секции теневых вершин только %d — чтение за массивом при рендере тени	shadow faces reference vertex %d, but the shadow-vertex section holds only %d — read past the array when the shadow is rendered	las caras de sombra referencian el vértice %d, pero la sección de vértices de sombra solo tiene %d — lectura fuera del array al renderizar la sombra
радиус ограничивающей сферы %.3f — DFF будет отсекаться всегда/никогда	bounding sphere radius %.3f — the DFF will be culled always/never	radio de la esfera envolvente %.3f — el DFF se recortará siempre/nunca
ограничивающий бокс не накрывает примитивы — объект попадёт не во все секторы мира (нет коллизии в части объекта)	the bounding box does not cover the primitives — the object ends up in not every world sector it touches (no collision on part of it)	la caja envolvente no cubre las primitivas — el objeto no entrará en todos los sectores del mundo que toca (sin colisión en parte del objeto)
ограничивающая сфера не накрывает примитивы — DFF отсекается на экране, широкая фаза коллизии пропускает контакты	the bounding sphere does not cover the primitives — the DFF gets culled on screen, the broad phase misses contacts	la esfera envolvente no cubre las primitivas — el DFF se recorta en pantalla, la fase amplia de colisión pierde contactos
запись №%d в формате COL4 — стартовый проход (LoadCollisionFileFirstTime) принимает только COLL/COL2/COL3: эта и ВСЕ последующие записи файла пропущены	entry #%d is COL4 — the first pass (LoadCollisionFileFirstTime) accepts only COLL/COL2/COL3: this and EVERY following entry of the file is skipped	entrada n.º %d en formato COL4 — la pasada inicial (LoadCollisionFileFirstTime) solo acepta COLL/COL2/COL3: esta y TODAS las entradas siguientes del archivo se saltan
Сохраняй COL3.	Save as COL3.	Guarda en COL3.
запись №%d: неизвестный fourcc 0x%08X (мусор между моделями?) — разбор файла прекращён, остальные записи не загрузятся	entry #%d: unknown fourcc 0x%08X (garbage between models?) — parsing stops, the remaining entries never load	entrada n.º %d: fourcc desconocido 0x%08X (¿basura entre modelos?) — se detiene el análisis del archivo, el resto de entradas no cargará
запись №%d: size %u выходит за буфер (%u байт) — парсер уйдёт в следующую модель / за буфер	entry #%d: size %u runs past the buffer (%u bytes) — the parser walks into the next model / past the buffer	entrada n.º %d: size %u sobrepasa el búfer (%u bytes) — el parser se mete en el modelo siguiente / fuera del búfer
имя «%s» без NUL в 22 байтах — хэш считается по мусору со стека, модель не найдётся	name «%s» without NUL in 22 bytes — the hash is computed over stack garbage, the model is never found	nombre «%s» sin NUL en 22 bytes — el hash se calcula sobre basura de la pila, el modelo no se encontrará
Имя ≤ 21 символа + NUL.	Name ≤ 21 characters + NUL.	Nombre ≤ 21 caracteres + NUL.
«%s» — %s-модель, она не владеет COL (SetColModel(x,false)) — запись пропущена	«%s» is a %s model, which owns no COL (SetColModel(x,false)) — entry skipped	«%s» es un modelo %s, que no posee COL (SetColModel(x,false)) — entrada saltada
подсказка id %u не совпадает с IDE (%d) — безвредно, имя главнее	id hint %u differs from the IDE (%d) — harmless, the name wins	la pista de id %u no coincide con el IDE (%d) — inofensivo, manda el nombre
«%s» не совпадает ни с одной IDE-моделью — запись молча пропущена	«%s» matches no IDE model — entry silently skipped	«%s» no coincide con ningún modelo del IDE — entrada saltada en silencio
Имя сравнивается без регистра по хэшу.	Names are compared case-insensitively by hash.	El nombre se compara por hash sin distinguir mayúsculas.
«%s» встречается в файле дважды — вторая CColModel течёт / перезаписывает данные	«%s» appears twice in the file — the second CColModel leaks / overwrites the data	«%s» aparece dos veces en el archivo — el segundo CColModel se fuga / sobrescribe los datos
COLFILE: запись «%s» %u байт > 32 КБ — статический буфер 0xBC40D8 переполнится (затирает gCurrIplInstancesCount)	COLFILE: entry «%s» %u bytes > 32 KB — the static buffer 0xBC40D8 overflows (overwrites gCurrIplInstancesCount)	COLFILE: entrada «%s» de %u bytes > 32 KB — el búfer estático 0xBC40D8 se desborda (sobrescribe gCurrIplInstancesCount)
«%s» есть и в %s — какая коллизия останется, зависит от порядка стриминга; утечка CColModel	«%s» also exists in %s — which collision survives depends on the streaming order; CColModel leak	«%s» también está en %s — qué colisión queda depende del orden de streaming; fuga de CColModel
нет записи COL	no COL entry	no hay entrada COL
COLFILE не прочитан: 	COLFILE not read: 	COLFILE no leído: 
COLFILE не поддерживается	COLFILE is not supported	COLFILE no está soportado
запись COL повреждена	the COL entry is damaged	la entrada COL está dañada
COL1: вершины	COL1: vertices	COL1: vértices
COL: короткий заголовок	COL: short header	COL: cabecera corta
запись не найдена в файле COL	entry not found in the COL file	entrada no encontrada en el archivo COL
%d .col файлов во всех IMG — пул CColStore на 255 слотов (0 = generic), AddColSlot пишет по NULL при старте	%d .col files across all IMGs — the CColStore pool has 255 slots (0 = generic), AddColSlot writes through NULL at startup	%d archivos .col en todos los IMG — el pool CColStore tiene 255 slots (0 = generic), AddColSlot escribe por NULL al arrancar
Лимит-аджастер включён.	Limit adjuster enabled.	Limit adjuster activado.
Ваниль: 251, свободно 3.	Vanilla: 251, 3 free.	Vanilla: 251, 3 libres.
%d .col файлов из 254 возможных	%d .col files out of 254 possible	%d archivos .col de 254 posibles
не удалось прочитать запись: 	could not read the entry: 	no se pudo leer la entrada: 
имя файла с интерьерным префиксом — коллизия грузится только когда игрок в интерьере (area ≠ 0)	file name with an interior prefix — the collision loads only while the player is in an interior (area ≠ 0)	nombre de archivo con prefijo de interior — la colisión solo carga cuando el jugador está en un interior (area ≠ 0)
COLFILE: файл не найден	COLFILE: file not found	COLFILE: archivo no encontrado
%d COL-записей — пул CColModel на 10150 (каждая совпавшая запись занимает слот навсегда) → operator new вернёт NULL, краш	%d COL entries — the CColModel pool holds 10150 (every matched entry takes a slot forever) → operator new returns NULL, crash	%d entradas COL — el pool CColModel es de 10150 (cada entrada coincidente ocupa un slot para siempre) → operator new devuelve NULL, crash
≈%d объектов CColModel из 10150 в пуле (ваниль ≈ 10080; педы и динамика добавляют свои)	≈%d CColModel objects out of 10150 in the pool (vanilla ≈ 10080; peds and dynamic objects add their own)	≈%d objetos CColModel de 10150 en el pool (vanilla ≈ 10080; peatones y dinámicos añaden los suyos)
Катсцены: cuts.img / cutscene.img	Cutscenes: cuts.img / cutscene.img	Cinemáticas: cuts.img / cutscene.img
anim/cuts.img не найден или не читается — ReadDirFile не проверяет fopen: каталог катсцен пуст, каждая катсцена стартует без объектов	anim/cuts.img not found or unreadable — ReadDirFile does not check fopen: the cutscene directory is empty, every cutscene starts without objects	anim/cuts.img no encontrado o ilegible — ReadDirFile no comprueba fopen: el directorio de cinemáticas queda vacío, cada cinemática arranca sin objetos
cuts.img не VER2 — ReadDirFile читает magic без проверки, каталог из мусора	cuts.img is not VER2 — ReadDirFile reads the magic unchecked, garbage directory	cuts.img no es VER2 — ReadDirFile lee el magic sin comprobar, directorio basura
%d записей > 512 — CDirectory(0x200): лишние выброшены, катсцены с этими файлами стартуют без объектов/анимаций	%d entries > 512 — CDirectory(0x200): the extra ones are dropped, cutscenes using those files start without objects/animations	%d entradas > 512 — CDirectory(0x200): las sobrantes se descartan, las cinemáticas con esos archivos arrancan sin objetos/animaciones
Ваниль: 444 записи (148 × .cut/.ifp/.dat).	Vanilla: 444 entries (148 × .cut/.ifp/.dat).	Vanilla: 444 entradas (148 × .cut/.ifp/.dat).
имя записи занимает все 24 байта без NUL — FindItem (stricmp) никогда не совпадёт	entry name fills all 24 bytes without NUL — FindItem (stricmp) never matches	el nombre de la entrada ocupa los 24 bytes sin NUL — FindItem (stricmp) nunca coincide
streaming size 0 у .cut — new(0) и разбор мусора кучи до первого NUL	streaming size 0 on a .cut — new(0) and parsing of heap garbage up to the first NUL	streaming size 0 en un .cut — new(0) y análisis de basura del heap hasta el primer NUL
streaming size 0 — файл пуст	streaming size 0 — empty file	streaming size 0 — archivo vacío
%d DFF без IDE-строки во всех стрим-IMG > 550 — ms_pExtraObjectsDir (CDirectory 0x226) переполнен: лишние special-модели выброшены → RequestSpecialModel с мусорным offset/size	%d IDE-less DFFs across all streamed IMGs > 550 — ms_pExtraObjectsDir (CDirectory 0x226) overflows: the extra special models are dropped → RequestSpecialModel with a garbage offset/size	%d DFF sin línea IDE en todos los IMG de streaming > 550 — ms_pExtraObjectsDir (CDirectory 0x226) se desborda: los modelos especiales sobrantes se descartan → RequestSpecialModel con offset/size basura
Ваниль: 392 (317 cutscene.img + 75 gta3.img).	Vanilla: 392 (317 cutscene.img + 75 gta3.img).	Vanilla: 392 (317 cutscene.img + 75 gta3.img).
имя катсцены «%s» длиной %d > 11 — LoadCutsceneData_overlay 0x5B13F0 копирует его в ms_cutsceneName[8] без границы: затирается ms_pCutsceneObjects[0] (0xBC3F18) → краш	cutscene name «%s» of length %d > 11 — LoadCutsceneData_overlay 0x5B13F0 copies it into ms_cutsceneName[8] unbounded: ms_pCutsceneObjects[0] (0xBC3F18) is overwritten → crash	nombre de cinemática «%s» de longitud %d > 11 — LoadCutsceneData_overlay 0x5B13F0 lo copia en ms_cutsceneName[8] sin límite: se sobrescribe ms_pCutsceneObjects[0] (0xBC3F18) → crash
Имена катсцен ≤ 7 символов (ваниль).	Cutscene names ≤ 7 characters (vanilla).	Nombres de cinemática ≤ 7 caracteres (vanilla).
имя катсцены «%s» длиной %d ≥ 8 — вылезает за ms_cutsceneName[8] в неиспользуемые байты 0xBC3F10..17	cutscene name «%s» of length %d ≥ 8 — spills past ms_cutsceneName[8] into the unused bytes 0xBC3F10..17	nombre de cinemática «%s» de longitud %d ≥ 8 — se sale de ms_cutsceneName[8] hacia los bytes sin usar 0xBC3F10..17
%s.cut без %s.ifp — объекты не анимируются; остаются ассоциации предыдущей катсцены (возможный use-after-free)	%s.cut without %s.ifp — the objects do not animate; the previous cutscene associations remain (possible use-after-free)	%s.cut sin %s.ifp — los objetos no se animan; quedan las asociaciones de la cinemática anterior (posible use-after-free)
%s.cut без %s.dat — HasCutsceneFinished вернёт true сразу: катсцена мгновенно заканчивается	%s.cut without %s.dat — HasCutsceneFinished returns true at once: the cutscene ends instantly	%s.cut sin %s.dat — HasCutsceneFinished devuelve true de inmediato: la cinemática termina al instante
%s.%s без %s.cut — катсцена без объектов	%s.%s without %s.cut — cutscene without objects	%s.%s sin %s.cut — cinemática sin objetos
в записи нет NUL — читатель 0x5B0830 идёт за конец буфера new(size<<11) до первого нуля в куче	no NUL in the entry — the reader 0x5B0830 walks past the new(size<<11) buffer up to the first zero in the heap	la entrada no tiene NUL — el lector 0x5B0830 sigue más allá del búfer new(size<<11) hasta el primer cero del heap
Дополни файл нулями до границы сектора (ваниль: пробелы, затем нули).	Pad the file with zeros up to the sector boundary (vanilla: spaces, then zeros).	Rellena el archivo con ceros hasta el límite del sector (vanilla: espacios y luego ceros).
строка длиной %u ≥ 1024 — 1024-байтовый буфер стека без границы → краш	line of length %u ≥ 1024 — unbounded 1024-byte stack buffer → crash	línea de longitud %u ≥ 1024 — búfer de pila de 1024 bytes sin límite → crash
заголовок «%s» с пробелами/запятой — repe cmpsb сравнивает строку целиком: блок молча пропущен	header «%s» with blanks/comma — repe cmpsb compares the whole line: the block is silently skipped	cabecera «%s» con espacios/coma — repe cmpsb compara la línea entera: el bloque se salta en silencio
неизвестная секция «%s» — пропущена до «end»	unknown section «%s» — skipped up to «end»	sección desconocida «%s» — saltada hasta «end»
«%s»: sscanf %%f %%f %%f не разобрал все три числа — LoadScene по мусору со стека	«%s»: sscanf %%f %%f %%f did not parse all three numbers — LoadScene at stack garbage	«%s»: sscanf %%f %%f %%f no analizó los tres números — LoadScene con basura de la pila
строка model «%s» без имени модели — strcpy из strtok(NULL) 0x5B0B40 → краш	model line «%s» without a model name — strcpy from strtok(NULL) 0x5B0B40 → crash	línea model «%s» sin nombre de modelo — strcpy desde strtok(NULL) 0x5B0B40 → crash
имя модели «%s» длиной %d ≥ 64 — переполнение 64-байтного локала	model name «%s» of length %d ≥ 64 — overflows the 64-byte local	nombre de modelo «%s» de longitud %d ≥ 64 — desbordamiento del local de 64 bytes
имя модели «%s» длиной %d ≥ 32 — strcpy в ms_cLoadObjectName[32] уезжает в следующий слот	model name «%s» of length %d ≥ 32 — strcpy into ms_cLoadObjectName[32] spills into the next slot	nombre de modelo «%s» de longitud %d ≥ 32 — strcpy a ms_cLoadObjectName[32] se pasa al slot siguiente
строка model «%s» без токена анимации — молча выброшена, объект не создаётся	model line «%s» without an animation token — silently dropped, the object is not created	línea model «%s» sin token de animación — descartada en silencio, el objeto no se crea
51-й слот объекта — массивы [50] (0xBC38C8/0xBC3288/0xBC31C0): затираются ms_cutsceneTimer и ms_cutsceneName → краш	51st object slot — the [50] arrays (0xBC38C8/0xBC3288/0xBC31C0): ms_cutsceneTimer and ms_cutsceneName are overwritten → crash	51.º slot de objeto — arrays [50] (0xBC38C8/0xBC3288/0xBC31C0): se sobrescriben ms_cutsceneTimer y ms_cutsceneName → crash
имя анимации «%s» длиной %d ≥ 32 — уезжает в следующий слот	animation name «%s» of length %d ≥ 32 — spills into the next slot	nombre de animación «%s» de longitud %d ≥ 32 — se pasa al slot siguiente
модель «%s» не в IDE и нет «%s.dff» ни в одном стрим-IMG — RequestSpecialModel 0x409F76 игнорирует промах FindItem: RequestFile с мусорным offset/size → чтение за EOF (зависание стриминга) или CreateCutsceneObject(NULL) → краш	model «%s» is not in any IDE and there is no «%s.dff» in any streamed IMG — RequestSpecialModel 0x409F76 ignores the FindItem miss: RequestFile with a garbage offset/size → read past EOF (streaming hang) or CreateCutsceneObject(NULL) → crash	el modelo «%s» no está en el IDE y no hay «%s.dff» en ningún IMG de streaming — RequestSpecialModel 0x409F76 ignora el fallo de FindItem: RequestFile con offset/size basura → lectura más allá del EOF (cuelgue del streaming) o CreateCutsceneObject(NULL) → crash
special-модель «%s» без одноимённого «%s.txd» — FindTxdSlot → «generic»: текстуры модели не найдутся	special model «%s» without a matching «%s.txd» — FindTxdSlot → «generic»: the model textures are not found	modelo especial «%s» sin su «%s.txd» — FindTxdSlot → «generic»: las texturas del modelo no se encontrarán
21-я special-модель в катсцене — ids 300..319 исчерпаны, цикл IsModelLoaded без границы грузит её поверх IDE-модели 320+ → порча хранилища моделей	21st special model in the cutscene — ids 300..319 exhausted, the unbounded IsModelLoaded loop loads it over IDE model 320+ → model store corruption	21.º modelo especial en la cinemática — ids 300..319 agotados, el bucle IsModelLoaded sin límite lo carga sobre el modelo IDE 320+ → corrupción del almacén de modelos
65-я строка text — ms_cTextOutput[64] полон, дальше затирается ms_iModelIndex	65th text line — ms_cTextOutput[64] is full, ms_iModelIndex gets overwritten next	65.ª línea de text — ms_cTextOutput[64] lleno, a continuación se sobrescribe ms_iModelIndex
«%s» не по форме start,duration,LABEL (sscanf %%d,%%d,%%s) — время/метка из мусора стека	«%s» is not of the form start,duration,LABEL (sscanf %%d,%%d,%%s) — time/label from stack garbage	«%s» no tiene la forma start,duration,LABEL (sscanf %%d,%%d,%%s) — tiempo/etiqueta de basura de la pila
метка «%s» длиной %d ≥ 24 — 20-байтный локал → курсор строки esp+0x34 → краш	label «%s» of length %d ≥ 24 — 20-byte local → line cursor esp+0x34 → crash	etiqueta «%s» de longitud %d ≥ 24 — local de 20 bytes → cursor de línea esp+0x34 → crash
метка «%s» длиной %d — переполняет 20-байтный локал (портит extracol)	label «%s» of length %d — overflows the 20-byte local (corrupts extracol)	etiqueta «%s» de longitud %d — desborda el local de 20 bytes (corrompe extracol)
GXT-метка «%s» длиннее 7 — strcpy в ms_cTextOutput[n][8] затирает следующий слот	GXT label «%s» longer than 7 — strcpy into ms_cTextOutput[n][8] overwrites the next slot	etiqueta GXT «%s» de más de 7 — strcpy a ms_cTextOutput[n][8] sobrescribe el slot siguiente
строка uncompress только из пробелов — strtok → NULL → чтение байта по адресу 0 → краш	uncompress line made of blanks only — strtok → NULL → byte read at address 0 → crash	línea uncompress solo de espacios — strtok → NULL → lectura de un byte en la dirección 0 → crash
8-е имя uncompress — ms_aUncompressedCutsceneAnims[8][32]: терминатор слота 8 обнуляет младший байт ms_iTextDuration[0]	8th uncompress name — ms_aUncompressedCutsceneAnims[8][32]: the terminator of slot 8 zeroes the low byte of ms_iTextDuration[0]	8.º nombre uncompress — ms_aUncompressedCutsceneAnims[8][32]: el terminador del slot 8 pone a cero el byte bajo de ms_iTextDuration[0]
имя «%s» длиной %d ≥ 32 — копия без границы в [8][32]	name «%s» of length %d ≥ 32 — unbounded copy into [8][32]	nombre «%s» de longitud %d ≥ 32 — copia sin límite a [8][32]
51-я строка attach — ms_iAttachObjectToBone[50] переполнен	51st attach line — ms_iAttachObjectToBone[50] overflows	51.ª línea attach — ms_iAttachObjectToBone[50] desbordado
«%s» не по форме objA,objB,boneId — индексы из мусора → ms_pCutsceneObjects[мусор] → краш	«%s» is not of the form objA,objB,boneId — indices from garbage → ms_pCutsceneObjects[garbage] → crash	«%s» no tiene la forma objA,objB,boneId — índices basura → ms_pCutsceneObjects[basura] → crash
attach %ld,%ld,%ld: индекс объекта вне 0..%d (0-based, без проверки) → мусорный указатель → краш	attach %ld,%ld,%ld: object index outside 0..%d (0-based, unchecked) → garbage pointer → crash	attach %ld,%ld,%ld: índice de objeto fuera de 0..%d (base 0, sin comprobar) → puntero basura → crash
51-я строка remove — ms_crToHideItems[50] переполнен	51st remove line — ms_crToHideItems[50] overflows	51.ª línea remove — ms_crToHideItems[50] desbordado
«%s» не по форме x,y,z,modelname	«%s» is not of the form x,y,z,modelname	«%s» no tiene la forma x,y,z,modelname
имя «%s» длиной %d ≥ 32	name «%s» of length %d ≥ 32	nombre «%s» de longitud %d ≥ 32
remove: модель «%s» не в IDE — пропускается в рантайме (ваниль: bcesa5w, synd_7)	remove: model «%s» is not in any IDE — skipped at runtime (vanilla: bcesa5w, synd_7)	remove: el modelo «%s» no está en el IDE — se salta en tiempo de ejecución (vanilla: bcesa5w, synd_7)
9-я строка peffect — ms_pParticleEffects[8] переполнен (9-й = ms_crToHideItems)	9th peffect line — ms_pParticleEffects[8] overflows (the 9th = ms_crToHideItems)	9.ª línea peffect — ms_pParticleEffects[8] desbordado (el 9.º = ms_crToHideItems)
peffect: %d полей вместо 11 (name,start,end,objId,part,x,y,z,dx,dy,dz) — strncpy/atoi/atof по NULL → краш	peffect: %d fields instead of 11 (name,start,end,objId,part,x,y,z,dx,dy,dz) — strncpy/atoi/atof on NULL → crash	peffect: %d campos en vez de 11 (name,start,end,objId,part,x,y,z,dx,dy,dz) — strncpy/atoi/atof sobre NULL → crash
эффект «%s» нет в effects.fxp — CreateFxSystem → NULL, эффект пропускается	effect «%s» is not in effects.fxp — CreateFxSystem → NULL, the effect is skipped	el efecto «%s» no está en effects.fxp — CreateFxSystem → NULL, el efecto se salta
peffect objId %ld вне 1..%d (1-based) — проверка 0 < id ≤ numObjs не проходит, эффект пропускается (ваниль: crashv1, ryder3a)	peffect objId %ld outside 1..%d (1-based) — the check 0 < id ≤ numObjs fails, the effect is skipped (vanilla: crashv1, ryder3a)	peffect objId %ld fuera de 1..%d (base 1) — la comprobación 0 < id ≤ numObjs no pasa, el efecto se salta (vanilla: crashv1, ryder3a)
вторая строка extracol — читается только первая	second extracol line — only the first one is read	segunda línea extracol — solo se lee la primera
extracol «%s» не число	extracol «%s» is not a number	extracol «%s» no es un número
extracol %ld вне 0..16 — StartExtraColour: строка timecyc (v−1)/8+21 за пределами 23 строк → мусорные цвета	extracol %ld outside 0..16 — StartExtraColour: timecyc row (v−1)/8+21 beyond the 23 rows → garbage colours	extracol %ld fuera de 0..16 — StartExtraColour: fila timecyc (v−1)/8+21 más allá de las 23 filas → colores basura
нет корректной строки «offset X Y Z» в секции info — три локала не инициализированы → CStreaming::LoadScene по мусору → краш	no valid «offset X Y Z» line in the info section — three locals stay uninitialised → CStreaming::LoadScene at garbage → crash	no hay una línea «offset X Y Z» válida en la sección info — tres locales sin inicializar → CStreaming::LoadScene con basura → crash
анимация «%s» из %s.cut отсутствует в %s.ifp — объект остаётся статичным	animation «%s» from %s.cut is missing in %s.ifp — the object stays static	la animación «%s» de %s.cut no está en %s.ifp — el objeto queda estático
%d анимаций IFP не упомянуты в %s.cut (ваниль: 15 таких IFP)	%d IFP animations are not mentioned in %s.cut (vanilla: 15 such IFPs)	%d animaciones del IFP no se mencionan en %s.cut (vanilla: 15 IFP así)
данные после 4-го блока — не читаются	data after the 4th block — never read	datos tras el 4.º bloque — no se leen
блок %d: count «%s» не число — n = 0, пустой сплайн	block %d: count «%s» is not a number — n = 0, empty spline	bloque %d: count «%s» no es un número — n = 0, spline vacío
блок %d: %d токенов вместо %d — %s	block %d: %d tokens instead of %d — %s	bloque %d: %d tokens en vez de %d — %s
atof-цикл без границы пишет за malloc(n*размер+4) → переполнение кучи	the unbounded atof loop writes past malloc(n*size+4) → heap overflow	el bucle de atof sin límite escribe fuera de malloc(n*tamaño+4) → desbordamiento del heap
следующие записи сдвигаются	the following entries shift	las entradas siguientes se desplazan
не ровно 4 блока «N / N строк / ;» (прочитано блоков: %d%s) — LoadPathSplines читает дальше в следующую запись IMG как текст	not exactly 4 blocks «N / N lines / ;» (blocks read: %d%s) — LoadPathSplines keeps reading into the next IMG entry as text	no son exactamente 4 bloques «N / N líneas / ;» (bloques leídos: %d%s) — LoadPathSplines sigue leyendo la siguiente entrada del IMG como texto
, в последнем не хватает %ld строк	, the last one is short by %ld lines	, al último le faltan %ld líneas
%s без чанка EXTENSION — _rwPluginRegistryReadDataChunks ищет его до конца файла → LOAD-FAIL	%s without an EXTENSION chunk — _rwPluginRegistryReadDataChunks looks for it up to the end of the file → LOAD-FAIL	%s sin chunk EXTENSION — _rwPluginRegistryReadDataChunks lo busca hasta el final del archivo → LOAD-FAIL
%s: EXTENSION длиной %u выходит за конец файла	%s: EXTENSION of length %u runs past the end of the file	%s: EXTENSION de longitud %u sobrepasa el final del archivo
%s: плагин %s (0x%X) длиной %u не помещается в EXTENSION (осталось %u) — остаток читается как данные плагина → LOAD-FAIL	%s: plugin %s (0x%X) of length %u does not fit in the EXTENSION (%u left) — the remainder is read as plugin data → LOAD-FAIL	%s: el plugin %s (0x%X) de longitud %u no cabe en la EXTENSION (quedan %u) — el resto se lee como datos del plugin → LOAD-FAIL
%s: длины дочерних чанков EXTENSION не сходятся (%u байт хвоста)	%s: the child chunk lengths of the EXTENSION do not add up (%u trailing bytes)	%s: las longitudes de los chunks hijos de la EXTENSION no cuadran (%u bytes de cola)
UV-анимация «%s»: тип интерполятора 0x%X (ожидается 0x1C1) — словарь не прочитается, анимации станут статичными	UV animation «%s»: interpolator type 0x%X (0x1C1 expected) — the dictionary will not load, the animations become static	animación UV «%s»: tipo de interpolador 0x%X (se espera 0x1C1) — el diccionario no se leerá, las animaciones quedarán estáticas
UV-анимация «%s»: %d кадров	UV animation «%s»: %d frames	animación UV «%s»: %d fotogramas
FRAMELIST: numFrames = %d не помещается в STRUCT (%u байт)	FRAMELIST: numFrames = %d does not fit in the STRUCT (%u bytes)	FRAMELIST: numFrames = %d no cabe en el STRUCT (%u bytes)
фрейм %d: NaN в матрице	frame %d: NaN in the matrix	frame %d: NaN en la matriz
фрейм %d ссылается на родителя %d (%s) — RwFrameAddChild по неинициализированному указателю	frame %d references parent %d (%s) — RwFrameAddChild on an uninitialised pointer	el frame %d referencia al padre %d (%s) — RwFrameAddChild con un puntero sin inicializar
нет такого фрейма	no such frame	no existe tal frame
родитель идёт ПОСЛЕ ребёнка	the parent comes AFTER the child	el padre va DESPUÉS del hijo
Родитель должен быть записан раньше ребёнка (индекс меньше).	The parent must be written before the child (lower index).	El padre debe escribirse antes que el hijo (índice menor).
фрейм %d	frame %d	frame %d
имя фрейма «%s» — %u символов (чанк NodeName %u байт) — NodeNameStreamRead читает весь чанк в 24-байтовый плагин и пишет name[%u]=0 за его пределы	frame name «%s» — %u characters (NodeName chunk %u bytes) — NodeNameStreamRead reads the whole chunk into the 24-byte plugin and writes name[%u]=0 past it	nombre de frame «%s» — %u caracteres (chunk NodeName de %u bytes) — NodeNameStreamRead lee el chunk entero en el plugin de 24 bytes y escribe name[%u]=0 fuera de él
Имя фрейма ≤ 23 символов. Суффиксы вроде _DFF игре не нужны (objs-модель ищется по id; из имени читаются только _dam / _l0). Кнопка «Исправить»: авто (обрезать до 23) или вручную.	Frame name ≤ 23 characters. Suffixes like _DFF mean nothing to the game (objs models are found by id; only _dam / _l0 are read from the name). The «Fix» button: auto (cut to 23) or manual.	Nombre de frame ≤ 23 caracteres. Sufijos como _DFF no le dicen nada al juego (los modelos objs se buscan por id; del nombre solo se leen _dam / _l0). Botón «Corregir»: automático (recortar a 23) o manual.
имя фрейма «%s» — %u символов, но чанк NodeName %u байт (дополнен нулями) — движок пишет name[%u]=0 на один байт за пределы 24-байтового плагина	frame name «%s» — %u characters, but the NodeName chunk is %u bytes (zero-padded) — the engine writes name[%u]=0 one byte past the 24-byte plugin	nombre de frame «%s» — %u caracteres, pero el chunk NodeName es de %u bytes (relleno con ceros) — el motor escribe name[%u]=0 un byte más allá del plugin de 24 bytes
Так писал старый экспортёр INU Tools (паддинг до 24). Кнопка «Исправить» убирает паддинг (авто) или даёт переименовать фреймы вручную; суффикс _DFF игре безразличен.	This is how the old INU Tools exporter wrote it (padding to 24). The «Fix» button strips the padding (auto) or lets you rename the frames by hand; the _DFF suffix is irrelevant to the game.	Así lo escribía el exportador antiguo de INU Tools (relleno hasta 24). El botón «Corregir» quita el relleno (automático) o permite renombrar los frames a mano; el sufijo _DFF le da igual al juego.
HAnim: numNodes = %d — мусор	HAnim: numNodes = %d — garbage	HAnim: numNodes = %d — basura
HAnim на фрейме «%s»: таблица узлов обрезана	HAnim on frame «%s»: node table truncated	HAnim en el frame «%s»: tabla de nodos truncada
MATERIAL без STRUCT	MATERIAL without STRUCT	MATERIAL sin STRUCT
STRUCT материала длиной %u > 28 — RwStreamRead переполняет локальный буфер, краш при возврате	material STRUCT of length %u > 28 — RwStreamRead overflows the local buffer, crash on return	STRUCT del material de longitud %u > 28 — RwStreamRead desborda el búfer local, crash al retornar
STRUCT материала длиной %u < 28 — поля обнулятся (чёрный цвет, текстура не читается)	material STRUCT of length %u < 28 — the fields are zeroed (black colour, texture not read)	STRUCT del material de longitud %u < 28 — los campos quedan a cero (color negro, la textura no se lee)
материал с textured=1 без чанка TEXTURE	material with textured=1 without a TEXTURE chunk	material con textured=1 sin chunk TEXTURE
STRUCT текстуры длиной %u > 0x110 — переполнение стека RwTextureStreamRead	texture STRUCT of length %u > 0x110 — RwTextureStreamRead stack overflow	STRUCT de textura de longitud %u > 0x110 — desbordamiento de pila en RwTextureStreamRead
имя текстуры «%s»: строковый чанк > 128 байт — переполнение буфера _rwStringStreamFindAndRead	texture name «%s»: string chunk > 128 bytes — _rwStringStreamFindAndRead buffer overflow	nombre de textura «%s»: chunk de cadena > 128 bytes — desbordamiento del búfer de _rwStringStreamFindAndRead
имя маски > 128 байт	mask name > 128 bytes	nombre de máscara > 128 bytes
текстура	texture	textura
материал	material	material
UV-анимация: маска слотов 0x%X использует биты ≥ 8 — имена не читаются, STRUCT рассинхронизируется → LOAD-FAIL	UV animation: slot mask 0x%X uses bits ≥ 8 — the names are not read, the STRUCT desynchronises → LOAD-FAIL	animación UV: la máscara de slots 0x%X usa bits ≥ 8 — los nombres no se leen, el STRUCT se desincroniza → LOAD-FAIL
UV-анимация: имя обрезано	UV animation: name truncated	animación UV: nombre truncado
GEOMETRY без STRUCT	GEOMETRY without STRUCT	GEOMETRY sin STRUCT
геометрия %d	geometry %d	geometría %d
%s: numVertices = %d, numTriangles = %d — RpGeometryCreate вернёт NULL (лимит 65535 вершин) → LOAD-FAIL	%s: numVertices = %d, numTriangles = %d — RpGeometryCreate returns NULL (65535-vertex limit) → LOAD-FAIL	%s: numVertices = %d, numTriangles = %d — RpGeometryCreate devuelve NULL (límite de 65535 vértices) → LOAD-FAIL
%s: %d наборов UV — RpGeometryCreate пишет указатели за пределы массива (+0x34..+0x50) → краш	%s: %d UV sets — RpGeometryCreate writes pointers past the array (+0x34..+0x50) → crash	%s: %d conjuntos UV — RpGeometryCreate escribe punteros fuera del array (+0x34..+0x50) → crash
%s: %d наборов UV, пайплайны используют максимум 2	%s: %d UV sets, the pipelines use at most 2	%s: %d conjuntos UV, los pipelines usan como máximo 2
%s: флаг NATIVE (0x01000000) — на PC массивы не выделяются, чтение вершин в NULL → краш	%s: NATIVE flag (0x01000000) — on PC the arrays are not allocated, vertices are read into NULL → crash	%s: flag NATIVE (0x01000000) — en PC no se reservan los arrays, lectura de vértices en NULL → crash
%s: numMorphTargets = 0 — движок всё равно читает один morph-блок, поток рассинхронизируется → LOAD-FAIL	%s: numMorphTargets = 0 — the engine still reads one morph block, the stream desynchronises → LOAD-FAIL	%s: numMorphTargets = 0 — el motor lee igualmente un bloque morph, el flujo se desincroniza → LOAD-FAIL
%s: %d morph-целей, рендерится только первая	%s: %d morph targets, only the first one is rendered	%s: %d morph targets, solo se renderiza el primero
%s: %d вершин, %d треугольников — пустая геометрия	%s: %d vertices, %d triangles — empty geometry	%s: %d vértices, %d triángulos — geometría vacía
%s: prelit-цвета обрезаны	%s: prelit colours truncated	%s: colores prelit truncados
%s: UV обрезаны	%s: UVs truncated	%s: UV truncados
%s: треугольники обрезаны	%s: triangles truncated	%s: triángulos truncados
%s: morph-блок обрезан	%s: morph block truncated	%s: bloque morph truncado
%s: hasNormals=1, но у геометрии нет флага NORMALS — RwStreamRead в NULL → краш	%s: hasNormals=1, but the geometry lacks the NORMALS flag — RwStreamRead into NULL → crash	%s: hasNormals=1, pero la geometría no tiene el flag NORMALS — RwStreamRead en NULL → crash
%s: hasVertices=0 при %d вершинах — массив вершин останется мусором	%s: hasVertices=0 with %d vertices — the vertex array stays garbage	%s: hasVertices=0 con %d vértices — el array de vértices queda como basura
%s: NaN в вершинах	%s: NaN in the vertices	%s: NaN en los vértices
%s: нормали обрезаны	%s: normals truncated	%s: normales truncadas
%s: данные вершин короче объявленного (флаг PRELIT/UV не соответствует данным?) → LOAD-FAIL	%s: vertex data shorter than declared (PRELIT/UV flag not matching the data?) → LOAD-FAIL	%s: los datos de vértices son más cortos de lo declarado (¿flag PRELIT/UV que no corresponde a los datos?) → LOAD-FAIL
%s: STRUCT геометрии на %d байт %s, чем прочитано	%s: geometry STRUCT is %d bytes %s than what was read	%s: el STRUCT de la geometría es %d bytes %s de lo leído
длиннее	longer	más largo
короче	shorter	más corto
%s: радиус ограничивающей сферы %.3f ≤ 0 — считается «всегда внутри фрустума», D3D-клиппинг выключается	%s: bounding sphere radius %.3f ≤ 0 — treated as «always inside the frustum», D3D clipping is switched off	%s: radio de la esfera envolvente %.3f ≤ 0 — se considera «siempre dentro del frustum», el clipping de D3D se desactiva
%s: сфера r=%.2f не накрывает вершины (вершины отстоят до %.2f по оси, до %.2f по диагонали) — треугольники у камеры не клипуются	%s: sphere r=%.2f does not cover the vertices (vertices reach %.2f along an axis, %.2f diagonally) — triangles near the camera are not clipped	%s: la esfera r=%.2f no cubre los vértices (los vértices llegan a %.2f por eje, %.2f en diagonal) — los triángulos junto a la cámara no se recortan
Пересчитай ограничивающую сферу при экспорте.	Recompute the bounding sphere on export.	Recalcula la esfera envolvente al exportar.
%s: нет MATERIALLIST	%s: no MATERIALLIST	%s: sin MATERIALLIST
%s: MATERIALLIST без STRUCT	%s: MATERIALLIST without STRUCT	%s: MATERIALLIST sin STRUCT
%s: numMaterials = %d — мусор	%s: numMaterials = %d — garbage	%s: numMaterials = %d — basura
%s: материал %d переиспользует слот %d, который ещё не прочитан — инкремент refCount по мусорному указателю	%s: material %d reuses slot %d, which has not been read yet — refCount increment through a garbage pointer	%s: el material %d reutiliza el slot %d, que aún no se ha leído — incremento de refCount por un puntero basura
%s: заявлено %d материалов, найдено %d чанков MATERIAL	%s: %d materials declared, %d MATERIAL chunks found	%s: declarados %d materiales, encontrados %d chunks MATERIAL
%s: BinMesh %d с materialIndex %d	%s: BinMesh %d with materialIndex %d	%s: BinMesh %d con materialIndex %d
%s: BinMesh %d: %u индексов — мусор	%s: BinMesh %d: %u indices — garbage	%s: BinMesh %d: %u índices — basura
%s: BinMesh обрезан (индексы меша %d)	%s: BinMesh truncated (mesh %d indices)	%s: BinMesh truncado (índices del mesh %d)
%s: блок ночных цветов %u байт вместо %u (numVertices×4) — RwStreamRead игнорирует длину чанка → рассинхрон → LOAD-FAIL	%s: night-colour block of %u bytes instead of %u (numVertices×4) — RwStreamRead ignores the chunk length → desync → LOAD-FAIL	%s: bloque de colores nocturnos de %u bytes en vez de %u (numVertices×4) — RwStreamRead ignora la longitud del chunk → desincronización → LOAD-FAIL
%s: есть ночные цвета, но нет флага PRELIT / дневных цветов — DN-пайплайн не подключится, модель без вершинного цвета	%s: night colours present, but no PRELIT flag / day colours — the DN pipeline will not attach, the model has no vertex colour	%s: hay colores nocturnos pero no flag PRELIT / colores diurnos — el pipeline DN no se conecta, modelo sin color de vértice
Экспортируй дневные vertex colours вместе с ночными.	Export the day vertex colours together with the night ones.	Exporta los vertex colours diurnos junto con los nocturnos.
%s: 2dfx count = %d — мусор	%s: 2dfx count = %d — garbage	%s: 2dfx count = %d — basura
%s: 2dfx-запись %d обрезана	%s: 2dfx entry %d truncated	%s: entrada 2dfx %d truncada
%s: 2dfx-запись %d объявляет %u байт, в чанке осталось %u	%s: 2dfx entry %d declares %u bytes, %u left in the chunk	%s: la entrada 2dfx %d declara %u bytes, quedan %u en el chunk
%s: 2dfx light №%d с dataSize %u (нужно 0x50/0x4C) — эффект отброшен	%s: 2dfx light #%d with dataSize %u (0x50/0x4C needed) — effect dropped	%s: 2dfx light n.º %d con dataSize %u (hacen falta 0x50/0x4C) — efecto descartado
2dfx light №%d: текстура короны «%s» нет в particle.txd — корона не рисуется	2dfx light #%d: corona texture «%s» is not in particle.txd — the corona is not drawn	2dfx light n.º %d: la textura de corona «%s» no está en particle.txd — la corona no se dibuja
2dfx light №%d: shadowSize %.2f ≠ 0, а текстуры тени «%s» нет в particle.txd — RenderStaticShadows разыменует NULL	2dfx light #%d: shadowSize %.2f ≠ 0, yet shadow texture «%s» is not in particle.txd — RenderStaticShadows dereferences NULL	2dfx light n.º %d: shadowSize %.2f ≠ 0, pero la textura de sombra «%s» no está en particle.txd — RenderStaticShadows desreferencia NULL
2dfx light №%d: coronaShowMode %d > 13 — свет никогда не включится	2dfx light #%d: coronaShowMode %d > 13 — the light never switches on	2dfx light n.º %d: coronaShowMode %d > 13 — la luz nunca se enciende
2dfx light №%d: не заданы флаги atDay/atNight (0x20/0x40) — свет никогда не включится	2dfx light #%d: no atDay/atNight flags (0x20/0x40) — the light never switches on	2dfx light n.º %d: sin flags atDay/atNight (0x20/0x40) — la luz nunca se enciende
2dfx light №%d: coronaFarClip %.1f — корона не рисуется	2dfx light #%d: coronaFarClip %.1f — the corona is not drawn	2dfx light n.º %d: coronaFarClip %.1f — la corona no se dibuja
%s: 2dfx particle №%d с dataSize %u (нужно 0x18) — отброшен	%s: 2dfx particle #%d with dataSize %u (0x18 needed) — dropped	%s: 2dfx particle n.º %d con dataSize %u (hace falta 0x18) — descartado
2dfx particle №%d с пустым именем системы — эффект не создастся	2dfx particle #%d with an empty system name — the effect is not created	2dfx particle n.º %d con nombre de sistema vacío — el efecto no se crea
2dfx particle №%d: система «%s» отсутствует в effects.fxp — эффект не создастся	2dfx particle #%d: system «%s» is missing in effects.fxp — the effect is not created	2dfx particle n.º %d: el sistema «%s» no está en effects.fxp — el efecto no se crea
%s: 2dfx ped attractor №%d с dataSize %u (нужно 0x38) — отброшен	%s: 2dfx ped attractor #%d with dataSize %u (0x38 needed) — dropped	%s: 2dfx ped attractor n.º %d con dataSize %u (hace falta 0x38) — descartado
%s: 2dfx sun glare №%d с dataSize %u — движок не читает и не пропускает данные → рассинхрон → LOAD-FAIL	%s: 2dfx sun glare #%d with dataSize %u — the engine neither reads nor skips the data → desync → LOAD-FAIL	%s: 2dfx sun glare n.º %d con dataSize %u — el motor ni lee ni salta los datos → desincronización → LOAD-FAIL
%s: 2dfx enex №%d с dataSize %u (нужно 0x2C) — отброшен	%s: 2dfx enex #%d with dataSize %u (0x2C needed) — dropped	%s: 2dfx enex n.º %d con dataSize %u (hace falta 0x2C) — descartado
2dfx enex №%d размером 0x28 — flags2 остаётся мусором со стека; пиши 0x2C	2dfx enex #%d of size 0x28 — flags2 stays stack garbage; write 0x2C	2dfx enex n.º %d de tamaño 0x28 — flags2 queda como basura de la pila; escribe 0x2C
%s: 2dfx roadsign №%d с dataSize %u (нужно 0x58) — отброшен	%s: 2dfx roadsign #%d with dataSize %u (0x58 needed) — dropped	%s: 2dfx roadsign n.º %d con dataSize %u (hace falta 0x58) — descartado
%s: 2dfx trigger №%d с dataSize %u (нужно 4) — отброшен	%s: 2dfx trigger #%d with dataSize %u (4 needed) — dropped	%s: 2dfx trigger n.º %d con dataSize %u (hacen falta 4) — descartado
%s: 2dfx cover point №%d с dataSize %u (нужно 0xC) — отброшен	%s: 2dfx cover point #%d with dataSize %u (0xC needed) — dropped	%s: 2dfx cover point n.º %d con dataSize %u (hace falta 0xC) — descartado
%s: 2dfx escalator №%d с dataSize %u (нужно 0x28) — отброшен	%s: 2dfx escalator #%d with dataSize %u (0x28 needed) — dropped	%s: 2dfx escalator n.º %d con dataSize %u (hace falta 0x28) — descartado
%s: 2dfx №%d неизвестного типа %u — движок ничего не читает и не пропускает → рассинхрон → LOAD-FAIL	%s: 2dfx #%d of unknown type %u — the engine neither reads nor skips anything → desync → LOAD-FAIL	%s: 2dfx n.º %d de tipo desconocido %u — el motor no lee ni salta nada → desincronización → LOAD-FAIL
%s: 2dfx-запись %d выходит за чанк	%s: 2dfx entry %d runs past the chunk	%s: la entrada 2dfx %d sobrepasa el chunk
%s: в чанке 2dfx %u лишних байт после %d записей	%s: %u extra bytes in the 2dfx chunk after %d entries	%s: %u bytes sobrantes en el chunk 2dfx tras %d entradas
%s: чанк Skin короче, чем требуют его счётчики (numBones %d, вершин %d) — RpClumpStreamRead вернёт NULL	%s: the Skin chunk is shorter than its counters require (numBones %d, %d vertices) — RpClumpStreamRead returns NULL	%s: el chunk Skin es más corto de lo que exigen sus contadores (numBones %d, %d vértices) — RpClumpStreamRead devuelve NULL
%s: в чанке Skin %u лишних байт	%s: %u extra bytes in the Skin chunk	%s: %u bytes sobrantes en el chunk Skin
%s: Breakable объявляет %d вершин / %d треугольников / %d материалов, но данных %u байт вместо %u — массивы останутся мусором	%s: Breakable declares %d vertices / %d triangles / %d materials, but holds %u bytes of data instead of %u — the arrays stay garbage	%s: Breakable declara %d vértices / %d triángulos / %d materiales, pero hay %u bytes de datos en vez de %u — los arrays quedan como basura
%s: Breakable: индекс вершины %d ≥ %d — краш при разрушении	%s: Breakable: vertex index %d ≥ %d — crash on break	%s: Breakable: índice de vértice %d ≥ %d — crash al romperse
%s: Breakable: индекс материала %d ≥ %d	%s: Breakable: material index %d ≥ %d	%s: Breakable: índice de material %d ≥ %d
%s: чанк NativeData (0x510) — платформенные данные, на PC-экспорте не место	%s: NativeData chunk (0x510) — platform data, does not belong in a PC export	%s: chunk NativeData (0x510) — datos de plataforma, no pintan nada en una exportación para PC
%s: 0 материалов при наличии мешей/треугольников — _rpMaterialListGetMaterial разыменует NULL → краш	%s: 0 materials while meshes/triangles exist — _rpMaterialListGetMaterial dereferences NULL → crash	%s: 0 materiales habiendo meshes/triángulos — _rpMaterialListGetMaterial desreferencia NULL → crash
%s: BinMesh materialIndex %d ≥ numMaterials %d — указатель за массивом, краш при рендере	%s: BinMesh materialIndex %d ≥ numMaterials %d — pointer past the array, crash on render	%s: BinMesh materialIndex %d ≥ numMaterials %d — puntero fuera del array, crash al renderizar
%s: сумма индексов мешей %u > totalIndices %u — запись за выделенный буфер (порча кучи)	%s: sum of mesh indices %u > totalIndices %u — write past the allocated buffer (heap corruption)	%s: la suma de índices de los meshes %u > totalIndices %u — escritura fuera del búfer reservado (corrupción del heap)
%s: сумма индексов %u < totalIndices %u	%s: sum of indices %u < totalIndices %u	%s: suma de índices %u < totalIndices %u
%s: BinMesh без мешей — ничего не рисуется (невидимая модель)	%s: BinMesh without meshes — nothing is drawn (invisible model)	%s: BinMesh sin meshes — no se dibuja nada (modelo invisible)
%s: индекс %d в BinMesh ≥ numVertices %d — треугольники из мусора (при большом выходе — краш инстансера)	%s: index %d in the BinMesh ≥ numVertices %d — triangles from garbage (far out of range → instancer crash)	%s: índice %d en el BinMesh ≥ numVertices %d — triángulos de basura (si se pasa mucho, crash del instanciador)
%s: BinMesh flags=%d (%s), а у геометрии флаг TRISTRIP %s — при наличии BinMesh рисуется по его флагу	%s: BinMesh flags=%d (%s), while the geometry TRISTRIP flag is %s — with a BinMesh present its flag decides the drawing	%s: BinMesh flags=%d (%s), pero el flag TRISTRIP de la geometría %s — con BinMesh presente se dibuja según su flag
есть	set	está
нет	not set	no está
%s: без BinMesh; matId %d в треугольниках ≥ numMaterials %d — RpGeometryUnlock разыменует мусор	%s: no BinMesh; matId %d in the triangles ≥ numMaterials %d — RpGeometryUnlock dereferences garbage	%s: sin BinMesh; matId %d en los triángulos ≥ numMaterials %d — RpGeometryUnlock desreferencia basura
%s: индекс вершины %d ≥ numVertices %d	%s: vertex index %d ≥ numVertices %d	%s: índice de vértice %d ≥ numVertices %d
%s: без чанка BinMesh — меши строятся при загрузке из треугольников	%s: no BinMesh chunk — the meshes are built from the triangles at load	%s: sin chunk BinMesh — los meshes se construyen al cargar a partir de los triángulos
%s: %d из %d материалов чёрные (0,0,0) при флаге MODULATEMATERIALCOLOR — prelit × 0 = %s	%s: %d of %d materials are black (0,0,0) with the MODULATEMATERIALCOLOR flag — prelit × 0 = %s	%s: %d de %d materiales negros (0,0,0) con el flag MODULATEMATERIALCOLOR — prelit × 0 = %s
вся геометрия чёрная	the whole geometry is black	toda la geometría negra
эти меши чёрные (если не задумано)	those meshes are black (unless intended)	esos meshes negros (si no es intencionado)
%s: материал %d с alpha %u ≠ 255 — меш уходит в альфа-проход (сортировка)	%s: material %d with alpha %u ≠ 255 — the mesh goes into the alpha pass (sorting)	%s: material %d con alpha %u ≠ 255 — el mesh pasa al pase alfa (ordenación)
%s: материал %d textured=1 с пустым именем — texture = NULL	%s: material %d textured=1 with an empty name — texture = NULL	%s: material %d textured=1 con nombre vacío — texture = NULL
%s: имя текстуры «%s» длиннее 31 символа — в TXD имена обрезаются до 31, совпадения не будет	%s: texture name «%s» longer than 31 characters — TXD names are cut to 31, it will never match	%s: nombre de textura «%s» de más de 31 caracteres — en el TXD los nombres se recortan a 31, nunca coincidirá
%s: материал %d: %d UV-анимаций (максимум 8)	%s: material %d: %d UV animations (maximum 8)	%s: material %d: %d animaciones UV (máximo 8)
ATOMIC без STRUCT	ATOMIC without STRUCT	ATOMIC sin STRUCT
STRUCT атомика длиной %u > 16 — RwStreamRead в 16-байтовый локальный буфер затирает адрес возврата → краш	atomic STRUCT of length %u > 16 — RwStreamRead into a 16-byte local buffer overwrites the return address → crash	STRUCT del atomic de longitud %u > 16 — RwStreamRead en un búfer local de 16 bytes sobrescribe la dirección de retorno → crash
атомик %d: frameIndex %d вне 0..%d — атомик привязывается к мусорному фрейму	atomic %d: frameIndex %d outside 0..%d — the atomic is attached to a garbage frame	atomic %d: frameIndex %d fuera de 0..%d — el atomic se engancha a un frame basura
атомик %d при пустом списке фреймов — GetFrameNodeName(NULL) → краш	atomic %d with an empty frame list — GetFrameNodeName(NULL) → crash	atomic %d con lista de frames vacía — GetFrameNodeName(NULL) → crash
атомик %d: geometryIndex %d вне 0..%d — RpGeometryAddRef по мусору	atomic %d: geometryIndex %d outside 0..%d — RpGeometryAddRef on garbage	atomic %d: geometryIndex %d fuera de 0..%d — RpGeometryAddRef sobre basura
атомик %d: список геометрий пуст и нет встроенной GEOMETRY	atomic %d: the geometry list is empty and there is no embedded GEOMETRY	atomic %d: la lista de geometrías está vacía y no hay GEOMETRY incrustada
атомик %d	atomic %d	atomic %d
атомик %d: плагин Pipeline Set длиной %d вместо 4 — PipelineStreamRead пишет %s	atomic %d: Pipeline Set plugin of length %d instead of 4 — PipelineStreamRead writes %s	atomic %d: plugin Pipeline Set de longitud %d en vez de 4 — PipelineStreamRead escribe %s
за пределы плагина (порча кучи)	past the plugin (heap corruption)	fuera del plugin (corrupción del heap)
неполный id	an incomplete id	un id incompleto
файл короче 12 байт	file shorter than 12 bytes	archivo más corto que 12 bytes
не найден чанк CLUMP (0x10) — не DFF или мусор	no CLUMP chunk (0x10) found — not a DFF, or garbage	no se encontró el chunk CLUMP (0x10) — no es un DFF o es basura
версия RW 0x%X (libid 0x%08X) вне %s — RwErrorSet, RpClumpStreamRead вернёт NULL → модель никогда не загрузится	RW version 0x%X (libid 0x%08X) outside %s — RwErrorSet, RpClumpStreamRead returns NULL → the model never loads	versión RW 0x%X (libid 0x%08X) fuera de %s — RwErrorSet, RpClumpStreamRead devuelve NULL → el modelo nunca se carga
SA: сохраняй с libid 0x1803FFFF. Файлы III/VC (0x31000/0x33002) в SA не работают.	SA: save with libid 0x1803FFFF. III/VC files (0x31000/0x33002) do not work in SA.	SA: guarda con libid 0x1803FFFF. Los archivos de III/VC (0x31000/0x33002) no funcionan en SA.
VC (RW 3.4.0.3) читает файлы III и VC; файлы SA (0x36003) нужно пересохранить с libid 0x0C02FFFF.	VC (RW 3.4.0.3) reads III and VC files; SA files (0x36003) must be re-saved with libid 0x0C02FFFF.	VC (RW 3.4.0.3) lee archivos de III y VC; los archivos de SA (0x36003) deben volver a guardarse con libid 0x0C02FFFF.
III (RW 3.3.0.2) читает только 3.1–3.3; файлы VC/SA нужно пересохранить с libid 0x0800FFFF.	III (RW 3.3.0.2) reads only 3.1–3.3; VC/SA files must be re-saved with libid 0x0800FFFF.	III (RW 3.3.0.2) sólo lee 3.1–3.3; los archivos de VC/SA deben volver a guardarse con libid 0x0800FFFF.
CLUMP объявляет %u байт, файл короче	CLUMP declares %u bytes, the file is shorter	CLUMP declara %u bytes, el archivo es más corto
CLUMP без STRUCT	CLUMP without STRUCT	CLUMP sin STRUCT
GEOMETRYLIST объявляет %d геометрий, найдено %d → LOAD-FAIL	GEOMETRYLIST declares %d geometries, %d found → LOAD-FAIL	GEOMETRYLIST declara %d geometrías, encontradas %d → LOAD-FAIL
CLUMP объявляет %d атомиков, найдено %d → LOAD-FAIL	CLUMP declares %d atomics, %d found → LOAD-FAIL	CLUMP declara %d atomics, encontrados %d → LOAD-FAIL
словарь UV-анимаций (0x2B) стоит ПОСЛЕ CLUMP — ConvertBufferToObject смотрит только первый чанк файла, словарь не читается, все UV-анимации станут статичными	the UV-animation dictionary (0x2B) comes AFTER the CLUMP — ConvertBufferToObject looks only at the first chunk of the file, the dictionary is not read, every UV animation becomes static	el diccionario de animaciones UV (0x2B) está DESPUÉS del CLUMP — ConvertBufferToObject solo mira el primer chunk del archivo, el diccionario no se lee, todas las animaciones UV quedarán estáticas
второй CLUMP — низкодетальная модель педа (III: CFileLoader::LoadClumpFile → SetLowDetailClump)	second CLUMP — the ped's low-detail model (III: CFileLoader::LoadClumpFile → SetLowDetailClump)	segundo CLUMP — modelo de bajo detalle del ped (III: CFileLoader::LoadClumpFile → SetLowDetailClump)
в файле несколько CLUMP — читаются только для мультикламповых катсценных объектов	several CLUMPs in the file — only read for multi-clump cutscene objects	varios CLUMP en el archivo — solo se leen en objetos de cinemática multi-clump
HAnim «%s»: версия 0x%X вместо 0x100 — RpClumpStreamRead вернёт NULL	HAnim «%s»: version 0x%X instead of 0x100 — RpClumpStreamRead returns NULL	HAnim «%s»: versión 0x%X en vez de 0x100 — RpClumpStreamRead devuelve NULL
нет таблицы узлов HAnim (numNodes > 0) ни на одном фрейме — движок пишет по нулевому указателю при загрузке	no HAnim node table (numNodes > 0) on any frame — the engine writes through a null pointer at load	no hay tabla de nodos HAnim (numNodes > 0) en ningún frame — el motor escribe por un puntero nulo al cargar
таблица узлов HAnim на %d фреймах — используется первая, остальные утекут	HAnim node tables on %d frames — the first is used, the rest leak	tabla de nodos HAnim en %d frames — se usa la primera, el resto se fuga
HAnim «%s»: флаг 0x2 (без матриц) — краш при загрузке	HAnim «%s»: flag 0x2 (no matrices) — crash at load	HAnim «%s»: flag 0x2 (sin matrices) — crash al cargar
HAnim «%s»: размер ключа %d < 28 — переполнение кучи при каждом спавне	HAnim «%s»: key size %d < 28 — heap overflow on every spawn	HAnim «%s»: tamaño de clave %d < 28 — desbordamiento del heap en cada spawn
HAnim: %d узлов > 256 — переполнение буфера матриц	HAnim: %d nodes > 256 — matrix buffer overflow	HAnim: %d nodos > 256 — desbordamiento del búfer de matrices
таблица узлов лежит на корневом фрейме «%s» — пед отрисуется в начале координат; таблицу несёт первая кость	the node table sits on the root frame «%s» — the ped renders at the origin; the first bone must carry the table	la tabla de nodos está en el frame raíz «%s» — el peatón se dibujará en el origen; la tabla debe llevarla el primer hueso
id кости %d повторяется (узлы %d и %d) — коллизия и анимация крутят разные копии	bone id %d repeats (nodes %d and %d) — collision and animation drive different copies	el id de hueso %d se repite (nodos %d y %d) — colisión y animación mueven copias distintas
узел %d (id %d) несёт индекс %d — порядок узлов не совпадает с порядком матриц скина	node %d (id %d) carries index %d — the node order does not match the skin matrix order	el nodo %d (id %d) lleva el índice %d — el orden de nodos no coincide con el orden de matrices del skin
глубина push %d на узле %d > 31 — стек костей затрёт адрес возврата	push depth %d at node %d > 31 — the bone stack overwrites the return address	profundidad de push %d en el nodo %d > 31 — la pila de huesos sobrescribe la dirección de retorno
узел %d (id %d) делает pop из пустого стека, а за ним ещё есть узлы — мусорная родительская матрица	node %d (id %d) pops from an empty stack while more nodes follow — garbage parent matrix	el nodo %d (id %d) hace pop de una pila vacía y aún quedan nodos — matriz padre basura
нет костей с id %s — CPed заполняет m_pFrames по этим тегам (RpHAnimIDGetIndex даёт −1 → указатель перед массивом)	no bones with id %s — CPed fills m_pFrames by these tags (RpHAnimIDGetIndex gives −1 → pointer before the array)	faltan huesos con id %s — CPed rellena m_pFrames por estas etiquetas (RpHAnimIDGetIndex da −1 → puntero antes del array)
нет костей с id %s — движок обращается к ним на каждом педе (хит-сферы, тени, m_apBones) и пишет мимо массива матриц	no bones with ids %s — the engine accesses them on every ped (hit spheres, shadows, m_apBones) and writes past the matrix array	no hay huesos con id %s — el motor accede a ellos en cada peatón (esferas de impacto, sombras, m_apBones) y escribe fuera del array de matrices
нет костей с id %s — root/pelvis/spine (PedIK берёт spine по id)	no bones with id %s — root/pelvis/spine (PedIK takes spine by id)	faltan huesos con id %s — root/pelvis/spine (PedIK toma spine por id)
нет костей с id %s — используются по условию (дождь, открытая машина, байк, пальцы, лицо)	no bones with ids %s — used conditionally (rain, open car, bike, fingers, face)	no hay huesos con id %s — se usan condicionalmente (lluvia, coche abierto, moto, dedos, cara)
в клампе нет атомиков — CreateHitColModelSkinned обратится к NULL-иерархии	no atomics in the clump — CreateHitColModelSkinned will use a NULL hierarchy	el clump no tiene atomics — CreateHitColModelSkinned accederá a una jerarquía NULL
последний атомик файла (геометрия %d) без скина — движок берёт его как первый, иерархия не назначится → краш	the last atomic of the file (geometry %d) has no skin — the engine takes it as the first one, no hierarchy gets assigned → crash	el último atomic del archivo (geometría %d) no tiene skin — el motor lo toma como el primero, no se asigna jerarquía → crash
геометрия %d: skin.numBones = 0 — таблица костей нулевого размера, порча кучи при спавне	geometry %d: skin.numBones = 0 — zero-sized bone table, heap corruption on spawn	geometría %d: skin.numBones = 0 — tabla de huesos de tamaño cero, corrupción del heap al hacer spawn
геометрия %d: %d костей > 64 — переполнение стека при спавне	geometry %d: %d bones > 64 — stack overflow on spawn	geometría %d: %d huesos > 64 — desbordamiento de pila al hacer spawn
геометрия %d: костей в скине %d, а узлов в HAnim %d — палитра и ключи читаются мимо массивов	geometry %d: %d bones in the skin but %d nodes in the HAnim — the palette and keys are read past the arrays	geometría %d: %d huesos en el skin pero %d nodos en el HAnim — la paleta y las claves se leen fuera de los arrays
геометрия %d: maxWeights = %d — допустимо 1..4	geometry %d: maxWeights = %d — 1..4 allowed	geometría %d: maxWeights = %d — se admite 1..4
геометрия %d: список используемых костей пуст — палитра не загрузится	geometry %d: the used-bone list is empty — the palette will not load	geometría %d: la lista de huesos usados está vacía — la paleta no cargará
геометрия %d: %d вершин без единого веса — деление 1/0 при нормализации, вершины NaN	geometry %d: %d vertices without a single weight — 1/0 division at normalisation, NaN vertices	geometría %d: %d vértices sin ningún peso — división 1/0 al normalizar, vértices NaN
геометрия %d: у %d вершин сумма весов ≠ 1	geometry %d: %d vertices whose weights do not sum to 1	geometría %d: %d vértices cuya suma de pesos ≠ 1
геометрия %d: %d отрицательных весов	geometry %d: %d negative weights	geometría %d: %d pesos negativos
геометрия %d: %d весов NaN/inf	geometry %d: %d NaN/inf weights	geometría %d: %d pesos NaN/inf
геометрия %d: индексы костей ≥ numBones (%d) — такие вершины прилипнут к кости 0	geometry %d: bone indices ≥ numBones (%d) — those vertices stick to bone 0	geometría %d: índices de hueso ≥ numBones (%d) — esos vértices se pegarán al hueso 0
геометрия %d: кости %s имеют веса, но не входят в список используемых — их матрица останется от предыдущей модели	geometry %d: bones %s have weights but are not in the used list — their matrix stays from the previous model	geometría %d: los huesos %s tienen pesos pero no están en la lista de usados — su matriz quedará la del modelo anterior
геометрия %d: матрица кости %d содержит NaN/inf	geometry %d: bone matrix %d contains NaN/inf	geometría %d: la matriz del hueso %d contiene NaN/inf
геометрия %d: матрица кости %d вырождена (det ≈ 0) — мусорные смещения костей	geometry %d: bone matrix %d is degenerate (det ≈ 0) — garbage bone offsets	geometría %d: la matriz del hueso %d es degenerada (det ≈ 0) — desplazamientos de hueso basura
атомик «%s» с суффиксом _dam, а модель в IDE без флага 0x1000 — SetDamagedAtomic(this=NULL) → краш	atomic «%s» with the _dam suffix while the IDE model lacks flag 0x1000 — SetDamagedAtomic(this=NULL) → crash	atomic «%s» con sufijo _dam pero el modelo en el IDE no tiene el flag 0x1000 — SetDamagedAtomic(this=NULL) → crash
Добавь флаг 0x1000 в IDE или переименуй фрейм.	Add flag 0x1000 in the IDE or rename the frame.	Añade el flag 0x1000 en el IDE o renombra el frame.
атомик «%s»: трансформация фрейма будет отброшена (objs-модель получает новый единичный фрейм)	atomic «%s»: the frame transform will be discarded (an objs model gets a fresh identity frame)	atomic «%s»: la transformación del frame se descartará (un modelo objs recibe un frame identidad nuevo)
0 атомиков в objs/tobj-модели — SetAtomic не вызывается, LoadAtomicFile вернёт 0 → LOAD-FAIL	0 atomics in an objs/tobj model — SetAtomic is never called, LoadAtomicFile returns 0 → LOAD-FAIL	0 atomics en un modelo objs/tobj — SetAtomic no se llama, LoadAtomicFile devuelve 0 → LOAD-FAIL
%d обычных атомиков в objs/tobj-модели — SetAtomic хранит один, отрисуется только ПЕРВЫЙ в файле, остальные (и их 2dfx) потеряны	%d regular atomics in an objs/tobj model — SetAtomic keeps one, only the FIRST in the file is drawn, the others (and their 2dfx) are lost	%d atomics normales en un modelo objs/tobj — SetAtomic guarda uno, solo se dibuja el PRIMERO del archivo, el resto (y sus 2dfx) se pierde
objs-модель = ровно один атомик (+ один _dam для разрушаемых).	An objs model = exactly one atomic (+ one _dam for breakables).	Un modelo objs = exactamente un atomic (+ un _dam en los rompibles).
модель с флагом 0x1000 (разрушаемая) без атомика _dam — повреждённая версия невидима	model with flag 0x1000 (breakable) without a _dam atomic — the damaged version is invisible	modelo con flag 0x1000 (rompible) sin atomic _dam — la versión dañada es invisible
%d атомиков _dam — используется один	%d _dam atomics — one is used	%d atomics _dam — se usa uno
кламп-модель (anim/hier) без атомиков — CEntity::CreateRwObject: GetFirstAtomic → NULL → краш при первом размещении	clump model (anim/hier) without atomics — CEntity::CreateRwObject: GetFirstAtomic → NULL → crash on the first placement	modelo clump (anim/hier) sin atomics — CEntity::CreateRwObject: GetFirstAtomic → NULL → crash en la primera colocación
атомик %d без флага rpATOMICRENDER (4) — RpClumpRender его пропустит (невидим)	atomic %d without the rpATOMICRENDER flag (4) — RpClumpRender skips it (invisible)	atomic %d sin el flag rpATOMICRENDER (4) — RpClumpRender lo saltará (invisible)
UV-анимации в кламп-модели (anim/hier) — словарь читается только для атомик-моделей, PreRender их не обновляет	UV animations in a clump model (anim/hier) — the dictionary is read only for atomic models, PreRender does not update them	animaciones UV en un modelo clump (anim/hier) — el diccionario solo se lee en modelos atomic, PreRender no las actualiza
2dfx на %d атомиках кламп-модели — учитываются только эффекты последнего в файле атомика с эффектами	2dfx on %d atomics of a clump model — only the effects of the last atomic with effects in the file count	2dfx en %d atomics de un modelo clump — solo cuentan los efectos del último atomic con efectos del archivo
атомик %d: Pipeline Set 0x%08X неизвестен — стандартный RW-пайплайн с динамическим освещением вместо building-шейдера	atomic %d: Pipeline Set 0x%08X unknown — the standard RW pipeline with dynamic lighting instead of the building shader	atomic %d: Pipeline Set 0x%08X desconocido — pipeline RW estándar con iluminación dinámica en vez del shader de edificios
атомик %d: car-пайплайн 0x53F2009A на объекте карты (тюнинг-детали так и делают)	atomic %d: car pipeline 0x53F2009A on a map object (tuning parts do this)	atomic %d: pipeline de coche 0x53F2009A en un objeto del mapa (las piezas de tuning lo hacen así)
атомик %d: UV-анимации в материалах, но у атомика нет плагина MatFX (0x120) с ненулевым флагом — RpMatFXAtomicQueryEffects = 0, анимации заморожены	atomic %d: UV animations in the materials, but the atomic has no MatFX plugin (0x120) with a non-zero flag — RpMatFXAtomicQueryEffects = 0, the animations are frozen	atomic %d: animaciones UV en los materiales, pero el atomic no tiene plugin MatFX (0x120) con flag distinto de cero — RpMatFXAtomicQueryEffects = 0, animaciones congeladas
геометрия %d: prelit без ночных цветов — статичный vertex colour (не реагирует на день/ночь)	geometry %d: prelit without night colours — static vertex colour (does not react to day/night)	geometría %d: prelit sin colores nocturnos — vertex colour estático (no reacciona al día/noche)
%d 2dfx-эффектов — счётчик модели байтовый, эффекты выше 255 перепутаются	%d 2dfx effects — the model counter is a byte, effects above 255 get mixed up	%d efectos 2dfx — el contador del modelo es un byte, los efectos por encima de 255 se mezclan
материал ссылается на UV-анимацию «%s», но в файле нет словаря — подставится статичная identity-анимация	material references UV animation «%s», but the file has no dictionary — a static identity animation is substituted	el material referencia la animación UV «%s», pero el archivo no tiene diccionario — se sustituye por una animación identidad estática
UV-анимация «%s» отсутствует в словаре — статичная identity-анимация (в ванили встречается)	UV animation «%s» is missing in the dictionary — static identity animation (occurs in vanilla)	la animación UV «%s» no está en el diccionario — animación identidad estática (ocurre en vanilla)
материал с UV-анимацией имеет MatFX effect %d вместо 5 (UV transform)	material with a UV animation has MatFX effect %d instead of 5 (UV transform)	el material con animación UV tiene el efecto MatFX %d en vez de 5 (UV transform)
материал с текстурой «%s» не используется ни одним полигоном — текстура из TXD «%s» грузится зря	material with texture «%s» is used by no polygon — the texture from TXD «%s» loads for nothing	el material con la textura «%s» no lo usa ningún polígono — la textura del TXD «%s» se carga en vano
Лишний материал экспорта; убери его при переэкспорте, а текстуру — из TXD, если её не рисует никто другой (QLT-12).	A leftover export material; drop it on re-export, and the texture from the TXD if nobody else draws it (QLT-12).	Material sobrante de la exportación; quítalo al reexportar, y la textura del TXD si nadie más la dibuja (QLT-12).
материал с текстурой «%s» не используется ни одним полигоном, самой текстуры в TXD «%s» тоже нет — на вид не влияет	the material with texture «%s» is used by no polygon, and the texture is not in TXD «%s» either — no visible effect	el material con la textura «%s» no lo usa ningún polígono, y la textura tampoco está en el TXD «%s» — no afecta a la vista
Лишний материал экспорта; можно убрать при переэкспорте.	An exporter leftover; it goes away on re-export.	Sobrante de la exportación; desaparece al reexportar.
текстура «%s» отсутствует в TXD «%s»%s — материал отрисуется без текстуры (белый/серый)	texture «%s» is missing in TXD «%s»%s — the material renders without a texture (white/grey)	la textura «%s» no está en el TXD «%s»%s — el material se dibujará sin textura (blanco/gris)
 (есть только в generic.txd)	 (only in generic.txd)	 (solo está en generic.txd)
RwTextureRead ищет по цепочке TXD → родители (регистр не важен); не найдено → material->texture = NULL.	RwTextureRead searches the TXD chain → parents (case-insensitive); not found → material->texture = NULL.	RwTextureRead busca por la cadena TXD → padres (sin distinguir mayúsculas); si no la encuentra → material->texture = NULL.
ped-модель без Skin-плагина — CPedModelInfo::SetClump ждёт скин на первом атомике	ped model without a Skin plugin — CPedModelInfo::SetClump expects a skin on the first atomic	modelo de peatón sin plugin Skin — CPedModelInfo::SetClump espera un skin en el primer atomic
нет фреймов %s — m_pFrames[PED_*] остаются пустыми, PedIK/оружие/хит-сферы разыменуют NULL	no frames %s — m_pFrames[PED_*] stay empty, PedIK/weapons/hit spheres dereference NULL	faltan frames %s — m_pFrames[PED_*] quedan vacíos, PedIK/armas/esferas de impacto desreferencian NULL
III (без скина): CPedModelInfo::SetFrameIds ищет фреймы по имени без учёта регистра: Smid Shead Supperarml Supperarmr SLhand SRhand Supperlegl Supperlegr Sfootl Sfootr Slowerlegr.	III (no skin): CPedModelInfo::SetFrameIds looks frames up by name, case-insensitive: Smid Shead Supperarml Supperarmr SLhand SRhand Supperlegl Supperlegr Sfootl Sfootr Slowerlegr.	III (sin skin): CPedModelInfo::SetFrameIds busca los frames por nombre sin distinguir mayúsculas: Smid Shead Supperarml Supperarmr SLhand SRhand Supperlegl Supperlegr Sfootl Sfootr Slowerlegr.
ped-модель со Skin-плагином — gta3.exe (PC) рисует педов иерархией фреймов, скин не используется	ped model with a Skin plugin — gta3.exe (PC) draws peds as a frame hierarchy, the skin is not used	modelo de ped con plugin Skin — gta3.exe (PC) dibuja los peds como jerarquía de frames, el skin no se usa
плагин коллизии в DFF не начинается с COL2/COL3 — старый формат (III/VC), в SA не используется	the collision plugin in the DFF does not start with COL2/COL3 — old format (III/VC), unused in SA	el plugin de colisión del DFF no empieza por COL2/COL3 — formato antiguo (III/VC), no se usa en SA
DFF в архиве, но ни один IDE его не объявляет — мёртвый груз (или IDE не в gta.dat)	DFF in the archive, but no IDE declares it — dead weight (or the IDE is not in gta.dat)	DFF en el archivo, pero ningún IDE lo declara — peso muerto (o el IDE no está en gta.dat)
…и ещё %d DFF без IDE-объявления	…and %d more DFFs without an IDE declaration	…y %d DFF más sin declaración en IDE
data/handling.cfg не найден — LoadHandlingData не проверяет FILE*, fgets(NULL) → краш при старте	data/handling.cfg not found — LoadHandlingData does not check the FILE*, fgets(NULL) → crash at startup	data/handling.cfg no encontrado — LoadHandlingData no comprueba el FILE*, fgets(NULL) → crash al arrancar
строка длиннее 511 символов — LoadLine разрежет её на две	line longer than 511 characters — LoadLine cuts it in two	línea de más de 511 caracteres — LoadLine la cortará en dos
пустая (или пробельная) строка до «;the end» — car-ветка делает strtok("") → NULL и без проверки идёт в FindExactWord(NULL) → strncmp(NULL) → краш	empty (or blank) line before «;the end» — the car branch does strtok("") → NULL and goes unchecked into FindExactWord(NULL) → strncmp(NULL) → crash	línea vacía (o de espacios) antes de «;the end» — la rama de coches hace strtok("") → NULL y sin comprobar va a FindExactWord(NULL) → strncmp(NULL) → crash
В handling.cfg не должно быть пустых строк; комментарий — только «;» первым символом. «#» комментарием НЕ является.	handling.cfg must not contain empty lines; a comment is only «;» as the first character. «#» is NOT a comment.	handling.cfg no debe tener líneas vacías; un comentario es solo «;» como primer carácter. «#» NO es un comentario.
строка из одного «!» — цикл кончается сразу и ConvertBikeDataToGameUnits(предыдущий указатель) — NULL для первой байк-строки → краш	line of a single «!» — the loop ends at once and ConvertBikeDataToGameUnits(previous pointer) — NULL for the first bike line → crash	línea con un solo «!» — el bucle termina de inmediato y ConvertBikeDataToGameUnits(puntero anterior) — NULL para la primera línea de moto → crash
строка из одного «%c» — ничего не записано	line of a single «%c» — nothing written	línea con un solo «%c» — no se escribe nada
байк	bike	moto
летающая	flying	volador
лодка	boat	barco
%c %s: имя не из 210 встроенных — FindExactWord вернёт 210: запись уйдёт в чужой массив (%s)	%c %s: name not among the 210 built-ins — FindExactWord returns 210: the record goes into a foreign array (%s)	%c %s: nombre no incluido en los 210 integrados — FindExactWord devuelve 210: el registro irá a un array ajeno (%s)
внутрь m_aBoatHandling[2..3] REEFER/RIO	into m_aBoatHandling[2..3] REEFER/RIO	dentro de m_aBoatHandling[2..3] REEFER/RIO
Своих имён в handling.cfg быть не может — таблица имён вшита в exe; переиспользуй одно из 210.	Custom names are impossible in handling.cfg — the name table is built into the exe; reuse one of the 210.	En handling.cfg no puede haber nombres propios — la tabla de nombres está en el exe; reutiliza uno de los 210.
имя «%s» совпало с «%s» только по префиксу (strncmp по длине ячейки) — данные лягут в %s	name «%s» matched «%s» by prefix only (strncmp over the cell length) — the data lands in %s	el nombre «%s» coincidió con «%s» solo por prefijo (strncmp por la longitud de la celda) — los datos irán a %s
%c %s: индекс %d не из диапазона %s (%s) — запись ложится в чужую структуру (%s)	%c %s: index %d not in the range %s (%s) — the record lands in a foreign structure (%s)	%c %s: el índice %d no está en el rango %s (%s) — el registro cae en una estructura ajena (%s)
0x8F54+id*0x40 внутри m_aVehicleHandling	0x8F54+id*0x40 inside m_aVehicleHandling	0x8F54+id*0x40 dentro de m_aVehicleHandling
0x7B24+id*0x58 внутри m_aVehicleHandling	0x7B24+id*0x58 inside m_aVehicleHandling	0x7B24+id*0x58 dentro de m_aVehicleHandling
%c-строка: %d полей после имени вместо %d — недостающие остаются старыми/нулевыми, лишние игнорируются	%c line: %d fields after the name instead of %d — the missing ones keep their old/zero values, extras are ignored	línea %c: %d campos tras el nombre en vez de %d — los que faltan conservan el valor anterior/cero, los sobrantes se ignoran
поле %d «%s» не число (atof → 0)	field %d «%s» is not a number (atof → 0)	campo %d «%s» no es un número (atof → 0)
поле %d «%s»: atof читает числовой префикс, хвост игнорируется (ваниль: RCRAIDER «0.1s»)	field %d «%s»: atof reads the numeric prefix, the tail is ignored (vanilla: RCRAIDER «0.1s»)	campo %d «%s»: atof lee el prefijo numérico, la cola se ignora (vanilla: RCRAIDER «0.1s»)
^-строка: %d токенов вместо 36	^ line: %d tokens instead of 36	línea ^: %d tokens en vez de 36
^-строка: индекс группы «%s» вне 0..29 — CopyAnimGroup пишет по 0xC1CDC0+idx*0x94 без границы	^ line: group index «%s» outside 0..29 — CopyAnimGroup writes at 0xC1CDC0+idx*0x94 unbounded	línea ^: índice de grupo «%s» fuera de 0..29 — CopyAnimGroup escribe en 0xC1CDC0+idx*0x94 sin límite
«%s» не из 210 встроенных имён%s — FindExactWord вернёт 210: 0xE0 байт лягут в m_aBikeHandling[0..3] (BIKE, MOPED, DIRTBIKE, FCR900)	«%s» is not among the 210 built-in names%s — FindExactWord returns 210: 0xE0 bytes land in m_aBikeHandling[0..3] (BIKE, MOPED, DIRTBIKE, FCR900)	«%s» no está entre los 210 nombres integrados%s — FindExactWord devuelve 210: 0xE0 bytes caen en m_aBikeHandling[0..3] (BIKE, MOPED, DIRTBIKE, FCR900)
 («#» — не комментарий, строка разбирается как машина)	 («#» is not a comment, the line is parsed as a car)	 («#» no es comentario, la línea se analiza como coche)
 (регистр важен: имена в верхнем регистре)	 (case matters: names are upper-case)	 (importan las mayúsculas: los nombres van en mayúsculas)
Своих имён быть не может; для мода переиспользуй имя из 210.	Custom names are impossible; reuse one of the 210 names for a mod.	No puede haber nombres propios; para un mod reutiliza un nombre de los 210.
«%s» совпало с «%s» только по префиксу — данные лягут в %s	«%s» matched «%s» by prefix only — the data lands in %s	«%s» coincidió con «%s» solo por prefijo — los datos irán a %s
%d токенов вместо 36 — недостающие поля остаются старыми/нулевыми, лишние игнорируются	%d tokens instead of 36 — the missing fields keep their old/zero values, extras are ignored	%d tokens en vez de 36 — los campos que faltan conservan el valor anterior/cero, los sobrantes se ignoran
поле %d «%s» должно быть hex	field %d «%s» must be hex	el campo %d «%s» debe ser hex
поле %d «%s»: atof читает числовой префикс, хвост игнорируется	field %d «%s»: atof reads the numeric prefix, the tail is ignored	campo %d «%s»: atof lee el prefijo numérico, la cola se ignora
driveType «%s» не F/R/4	driveType «%s» is not F/R/4	driveType «%s» no es F/R/4
engineType «%s» не P/D/E	engineType «%s» is not P/D/E	engineType «%s» no es P/D/E
mass ≤ 0 — 1/mass = INF, физика взрывается	mass ≤ 0 — 1/mass = INF, the physics blows up	mass ≤ 0 — 1/mass = INF, la física explota
percentSubmerged %s вне 1..255 (байт; 0 = деление на ноль в плавучести)	percentSubmerged %s outside 1..255 (byte; 0 = division by zero in buoyancy)	percentSubmerged %s fuera de 1..255 (byte; 0 = división por cero en la flotabilidad)
numGears %d — 0: машина не едет (NaN-передачи); ≥6: InitGearRatios затирает driveType/engineType/numGears/флаги (+0x74..+0x80)	numGears %d — 0: the car does not move (NaN gears); ≥6: InitGearRatios overwrites driveType/engineType/numGears/flags (+0x74..+0x80)	numGears %d — 0: el coche no se mueve (marchas NaN); ≥6: InitGearRatios sobrescribe driveType/engineType/numGears/flags (+0x74..+0x80)
frontLights %s вне 0..3	frontLights %s outside 0..3	frontLights %s fuera de 0..3
rearLights %s вне 0..3	rearLights %s outside 0..3	rearLights %s fuera de 0..3
animGroup %s ≥ 30 — индекс m_vehicleAnimGroups[30] без границы (анимации посадки из мусора)	animGroup %s ≥ 30 — index into m_vehicleAnimGroups[30] unbounded (entry animations from garbage)	animGroup %s ≥ 30 — índice en m_vehicleAnimGroups[30] sin límite (animaciones de entrada de basura)
нет строки «;the end» — читается до конца файла	no «;the end» line — read up to the end of the file	no hay línea «;the end» — se lee hasta el final del archivo
data/carcols.dat не найден — LoadVehicleColours не проверяет FILE* → краш при старте	data/carcols.dat not found — LoadVehicleColours does not check the FILE* → crash at startup	data/carcols.dat no encontrado — LoadVehicleColours no comprueba el FILE* → crash al arrancar
строка ≥ 1024 байт — ReadLine(0x400) режет её на две записи	line ≥ 1024 bytes — ReadLine(0x400) cuts it into two records	línea ≥ 1024 bytes — ReadLine(0x400) la corta en dos registros
цвет №%d: sscanf("%%d %%d %%d") разобрал только %d значений (например «77.93,96») — остальные каналы берутся со стека предыдущей строки	colour #%d: sscanf("%%d %%d %%d") parsed only %d values (e.g. «77.93,96») — the remaining channels come from the previous line's stack	color n.º %d: sscanf("%%d %%d %%d") solo analizó %d valores (p. ej. «77.93,96») — el resto de canales sale de la pila de la línea anterior
цвет №%d: канал %s вне 0..255 (хранится байтом)	colour #%d: channel %s outside 0..255 (stored as a byte)	color n.º %d: canal %s fuera de 0..255 (se guarda en un byte)
цвет №%d без «#»-комментария — движок сканирует строку за буфер до ближайшего «#» (только чтение)	colour #%d without a «#» comment — the engine scans the line past the buffer up to the nearest «#» (read only)	color n.º %d sin comentario «#» — el motor escanea la línea más allá del búfer hasta el «#» más cercano (solo lectura)
129-й цвет — таблица ms_vehicleColourTable на 128, дальше затираются ms_pVehicleStructurePool/TXD-указатели и статики до CAnimManager	129th colour — ms_vehicleColourTable holds 128, beyond it ms_pVehicleStructurePool/TXD pointers and the statics up to CAnimManager are overwritten	color n.º 129 — la tabla ms_vehicleColourTable es de 128, después se sobrescriben ms_pVehicleStructurePool/punteros TXD y los estáticos hasta CAnimManager
%s «%s»: имя не является моделью ни в одном IDE — GetModelInfo → NULL, запись numVariations по адресу 0x2D0 → краш	%s «%s»: the name is not a model in any IDE — GetModelInfo → NULL, numVariations written at address 0x2D0 → crash	%s «%s»: el nombre no es un modelo de ningún IDE — GetModelInfo → NULL, escritura de numVariations en la dirección 0x2D0 → crash
«%s» — модель типа %s, не машина: запись цветов +0x2B0..+0x2D0 уходит за пределы modelinfo (порча соседних записей хранилища)	«%s» is a model of type %s, not a vehicle: the colour write +0x2B0..+0x2D0 runs past the modelinfo (corrupts the neighbouring store entries)	«%s» es un modelo de tipo %s, no un vehículo: la escritura de colores +0x2B0..+0x2D0 se sale del modelinfo (corrompe entradas vecinas del almacén)
%d чисел, sscanf читает максимум %d (ваниль stafford — 18)	%d numbers, sscanf reads at most %d (vanilla stafford — 18)	%d números, sscanf lee como máximo %d (vanilla stafford — 18)
индекс цвета %d вне байта	colour index %d outside a byte	índice de color %d fuera de un byte
индексы цветов %s ≥ числа цветов в col (%d) — ChooseVehicleColour читает за таблицей (мусорный цвет; ваниль: moonbeam 227)	colour indices %s ≥ number of colours in col (%d) — ChooseVehicleColour reads past the table (garbage colour; vanilla: moonbeam 227)	índices de color %s ≥ número de colores en col (%d) — ChooseVehicleColour lee fuera de la tabla (color basura; vanilla: moonbeam 227)
data/carmods.dat не найден — LoadVehicleUpgrades не проверяет FILE* → краш при старте	data/carmods.dat not found — LoadVehicleUpgrades does not check the FILE* → crash at startup	data/carmods.dat no encontrado — LoadVehicleUpgrades no comprueba el FILE* → crash al arrancar
%s: «%s» не определена ни в одном IDE — SetupVehicleUpgradeFlags вызывается с this = NULL (mov ax,[ecx+0x12]) → краш при старте	%s: «%s» is not defined in any IDE — SetupVehicleUpgradeFlags is called with this = NULL (mov ax,[ecx+0x12]) → crash at startup	%s: «%s» no está definido en ningún IDE — SetupVehicleUpgradeFlags se llama con this = NULL (mov ax,[ecx+0x12]) → crash al arrancar
Все имена carmods.dat (машины, детали, link, wheel, hydralics/stereo) должны быть моделями IDE (ваниль: veh_mods.ide).	Every name in carmods.dat (vehicles, parts, link, wheel, hydralics/stereo) must be an IDE model (vanilla: veh_mods.ide).	Todos los nombres de carmods.dat (vehículos, piezas, link, wheel, hydralics/stereo) deben ser modelos del IDE (vanilla: veh_mods.ide).
link: меньше двух имён	link: fewer than two names	link: menos de dos nombres
31-я link-строка — ms_linkedUpgrades на 30, AddUpgradeLink затирает собственный счётчик	31st link line — ms_linkedUpgrades holds 30, AddUpgradeLink overwrites its own counter	31.ª línea link — ms_linkedUpgrades es de 30, AddUpgradeLink sobrescribe su propio contador
mods: «%s» — модель типа %s, не машина: слоты апгрейдов пишутся по +0x2D6 за пределами modelinfo	mods: «%s» is a model of type %s, not a vehicle: the upgrade slots are written at +0x2D6 past the modelinfo	mods: «%s» es un modelo de tipo %s, no un vehículo: los slots de mejoras se escriben en +0x2D6 fuera del modelinfo
%d деталей в строке mods — m_anUpgrades[18] с hydralics/stereo: 17-я затирает m_anRemapTxds (+0x2FA), 18-я — m_nAnimBlockIndex (+0x304) → краш стриминга	%d parts in a mods line — m_anUpgrades[18] with hydralics/stereo: the 17th overwrites m_anRemapTxds (+0x2FA), the 18th m_nAnimBlockIndex (+0x304) → streaming crash	%d piezas en la línea mods — m_anUpgrades[18] con hydralics/stereo: la 17.ª sobrescribe m_anRemapTxds (+0x2FA), la 18.ª m_nAnimBlockIndex (+0x304) → crash del streaming
деталь «%s» без известного префикса (chss_ wheel_ exh_ fbmp_ rbmp_ misc_a_/b_/c_ bnt_ bntl_ bntr_ spl_ wg_l_ wg_r_ fbb_ bbb_ lgt_ rf_ nto_ hydralics stereo) — слот в мод-шопе не назначится	part «%s» without a known prefix (chss_ wheel_ exh_ fbmp_ rbmp_ misc_a_/b_/c_ bnt_ bntl_ bntr_ spl_ wg_l_ wg_r_ fbb_ bbb_ lgt_ rf_ nto_ hydralics stereo) — no mod-shop slot gets assigned	pieza «%s» sin prefijo conocido (chss_ wheel_ exh_ fbmp_ rbmp_ misc_a_/b_/c_ bnt_ bntl_ bntr_ spl_ wg_l_ wg_r_ fbb_ bbb_ lgt_ rf_ nto_ hydralics stereo) — no se asignará slot en el taller
wheel: первый токен должен быть номером группы	wheel: the first token must be the group number	wheel: el primer token debe ser el número de grupo
wheel: группа %d вне 0..3 — AddWheelUpgrade пишет мимо ms_upgradeWheels[4][15] (счётчики, ms_compsUsed, таблица цветов)	wheel: group %d outside 0..3 — AddWheelUpgrade writes past ms_upgradeWheels[4][15] (counters, ms_compsUsed, colour table)	wheel: grupo %d fuera de 0..3 — AddWheelUpgrade escribe fuera de ms_upgradeWheels[4][15] (contadores, ms_compsUsed, tabla de colores)
16-я модель в группе колёс %d — по 15 на группу, дальше затираются счётчики	16th model in wheel group %d — 15 per group, beyond that the counters are overwritten	16.º modelo en el grupo de ruedas %d — 15 por grupo, después se sobrescriben los contadores
встроенное имя «%s» не определено ни в одном IDE — LoadVehicleUpgrades ищет его для каждой mods-строки → SetupVehicleUpgradeFlags(NULL)	built-in name «%s» is not defined in any IDE — LoadVehicleUpgrades looks it up for every mods line → SetupVehicleUpgradeFlags(NULL)	el nombre integrado «%s» no está definido en ningún IDE — LoadVehicleUpgrades lo busca en cada línea mods → SetupVehicleUpgradeFlags(NULL)
data/cargrp.dat не найден — LoadCarGroups не проверяет FILE* → краш при старте	data/cargrp.dat not found — LoadCarGroups does not check the FILE* → crash at startup	data/cargrp.dat no encontrado — LoadCarGroups no comprueba el FILE* → crash al arrancar
последняя строка без перевода строки — сканер ищет 0x0A мимо NUL за буфером (обычно упирается в старый 0x0A; порча стека только если строка самая длинная в файле)	last line without a line break — the scanner looks for 0x0A past the NUL beyond the buffer (usually hits an old 0x0A; stack corruption only when the line is the longest in the file)	última línea sin salto de línea — el escáner busca 0x0A más allá del NUL fuera del búfer (normalmente topa con un 0x0A viejo; corrupción de pila solo si la línea es la más larga del archivo)
строка ≥ 1024 байт — ReadLine(0x400) режет её на две группы	line ≥ 1024 bytes — ReadLine(0x400) cuts it into two groups	línea ≥ 1024 bytes — ReadLine(0x400) la corta en dos grupos
больше 23 имён в строке (%d) — движок читает первые 23	more than 23 names in the line (%d) — the engine reads the first 23	más de 23 nombres en la línea (%d) — el motor lee los 23 primeros
«%s» не модель ни в одном IDE — молча пропущено	«%s» is not a model in any IDE — silently skipped	«%s» no es un modelo de ningún IDE — saltado en silencio
«%s» — модель типа %s, не машина: id попадёт в группу трафика, CCarCtrl построит машину из чужой modelinfo → краш	«%s» is a model of type %s, not a vehicle: the id lands in a traffic group, CCarCtrl builds a car from a foreign modelinfo → crash	«%s» es un modelo de tipo %s, no un vehículo: el id caerá en un grupo de tráfico, CCarCtrl construirá un coche con un modelinfo ajeno → crash
35-я группа — m_nNumCarsInGroup на 34; счётчик и модели уходят в паддинг и далее в m_PedGroups (педы со id машин → краш при спавне)	35th group — m_nNumCarsInGroup holds 34; the counter and the models run into the padding and on into m_PedGroups (peds with car ids → crash on spawn)	35.º grupo — m_nNumCarsInGroup es de 34; el contador y los modelos se van al relleno y luego a m_PedGroups (peatones con id de coche → crash al hacer spawn)
%d remap-TXD для машины «%s» (%s) — m_anRemapTxds на 4, 5-й и далее уходят в паддинг и молча теряются	%d remap TXDs for vehicle «%s» (%s) — m_anRemapTxds holds 4, the 5th and later run into the padding and are silently lost	%d TXD de remap para el vehículo «%s» (%s) — m_anRemapTxds es de 4, el 5.º y siguientes se van al relleno y se pierden en silencio
имя «%s» после среза цифр = «%s» (другая машина, id %d) — её TXD «%s.txd» зарегистрируется как remap чужой машины (AssignRemapTxd срезает все хвостовые цифры)	name «%s» with the trailing digits cut = «%s» (another vehicle, id %d) — its TXD «%s.txd» gets registered as a remap of that vehicle (AssignRemapTxd strips every trailing digit)	el nombre «%s» tras cortar los dígitos = «%s» (otro vehículo, id %d) — su TXD «%s.txd» se registrará como remap de ese vehículo (AssignRemapTxd corta todos los dígitos finales)
handling «%s» не из 210 встроенных имён (точно, верхний регистр, ≤ 13 символов) — GetHandlingId вернёт 210 = m_aBikeHandling[0] (BIKE) как tHandlingData: mass 0.35, turnMass 0.34 → физика-мусор	handling «%s» is not among the 210 built-in names (exact, upper-case, ≤ 13 characters) — GetHandlingId returns 210 = m_aBikeHandling[0] (BIKE) read as tHandlingData: mass 0.35, turnMass 0.34 → garbage physics	handling «%s» no está entre los 210 nombres integrados (exacto, mayúsculas, ≤ 13 caracteres) — GetHandlingId devuelve 210 = m_aBikeHandling[0] (BIKE) leído como tHandlingData: mass 0.35, turnMass 0.34 → física basura
Своих имён handling нет; выбери одно из 210 (см. handling.cfg).	There are no custom handling names; pick one of the 210 (see handling.cfg).	No hay nombres de handling propios; elige uno de los 210 (ver handling.cfg).
162..174 (байки)	162..174 (bikes)	162..174 (motos)
175..186 (лодки)	175..186 (boats)	175..186 (barcos)
186..209 (летающие)	186..209 (flying)	186..209 (voladores)
тип %s с handling «%s» (индекс %d) не из %s — CBike/GetBoatPointer/GetFlyingPointer возьмут чужие данные (PREDATOR/SEAPLANE/индекс за массивом)	type %s with handling «%s» (index %d) not in %s — CBike/GetBoatPointer/GetFlyingPointer take foreign data (PREDATOR/SEAPLANE/index past the array)	tipo %s con handling «%s» (índice %d) fuera de %s — CBike/GetBoatPointer/GetFlyingPointer tomarán datos ajenos (PREDATOR/SEAPLANE/índice fuera del array)
anims «%s»: файла «%s.ifp» нет ни в одном IMG — GetAnimationBlockIndex → −1, блок анимаций не стримится с машиной	anims «%s»: no «%s.ifp» in any IMG — GetAnimationBlockIndex → −1, the animation block is not streamed with the vehicle	anims «%s»: no hay «%s.ifp» en ningún IMG — GetAnimationBlockIndex → −1, el bloque de animaciones no se transmite con el vehículo
wheelScaleFront %s ≤ 0 — радиус колёсной сферы = scale/2 в SetupSuspensionLines	wheelScaleFront %s ≤ 0 — wheel sphere radius = scale/2 in SetupSuspensionLines	wheelScaleFront %s ≤ 0 — radio de la esfera de la rueda = scale/2 en SetupSuspensionLines
поле 12 для байка = угол руля %s° — должен быть в (0, 90): CBike ctor берёт tan(deg2rad) → NaN/∞	field 12 for a bike = steering angle %s° — must be in (0, 90): the CBike ctor takes tan(deg2rad) → NaN/∞	campo 12 en una moto = ángulo de dirección %s° — debe estar en (0, 90): el ctor de CBike calcula tan(deg2rad) → NaN/∞
wheelUpgradeClass %d не в {−1,0,1,2,3} — GetNumWheelUpgrades/GetWheelUpgrade читают за таблицей колёс в мод-шопе	wheelUpgradeClass %d not in {−1,0,1,2,3} — GetNumWheelUpgrades/GetWheelUpgrade read past the wheel table in the mod shop	wheelUpgradeClass %d no está en {−1,0,1,2,3} — GetNumWheelUpgrades/GetWheelUpgrade leen fuera de la tabla de ruedas en el taller
«%s» нет в carcols.dat — m_nNumColorVariations = 0, цвет 0/0/0	«%s» is not in carcols.dat — m_nNumColorVariations = 0, colour 0/0/0	«%s» no está en carcols.dat — m_nNumColorVariations = 0, color 0/0/0
в vehicle.txd нет текстуры «%s» — CCustomCarPlateMgr::Initialise делает mov byte [tex+0x50],1 без NULL-проверки → краш при старте	vehicle.txd has no texture «%s» — CCustomCarPlateMgr::Initialise does mov byte [tex+0x50],1 without a NULL check → crash at startup	vehicle.txd no tiene la textura «%s» — CCustomCarPlateMgr::Initialise hace mov byte [tex+0x50],1 sin comprobar NULL → crash al arrancar
в vehicle.txd нет текстуры «%s» — NULL-текстура фар, краш при отрисовке света машины	vehicle.txd has no texture «%s» — NULL headlight texture, crash when the vehicle light is drawn	vehicle.txd no tiene la textura «%s» — textura de faros NULL, crash al dibujar la luz del vehículo
в particle.txd нет текстуры «white» — LoadEnvironmentMaps пишет *(tex+0x10) без NULL-проверки → краш при старте	particle.txd has no texture «white» — LoadEnvironmentMaps writes *(tex+0x10) without a NULL check → crash at startup	particle.txd no tiene la textura «white» — LoadEnvironmentMaps escribe *(tex+0x10) sin comprobar NULL → crash al arrancar
data/handling.cfg не найден — LoadHandlingData разбирает work_buff с прошлым содержимым, «;the end» не найден → чтение за буфером	data/handling.cfg not found — LoadHandlingData parses work_buff with its previous contents, no «;the end» → read past the buffer	data/handling.cfg no encontrado — LoadHandlingData analiza work_buff con su contenido anterior, sin «;the end» → lectura fuera del búfer
файл %u байт > work_buff[55000] — LoadFile обрезает его, «;the end» теряется, цикл разбора уходит за буфер	file is %u bytes > work_buff[55000] — LoadFile truncates it, «;the end» is lost, the parse loop runs past the buffer	archivo de %u bytes > work_buff[55000] — LoadFile lo trunca, «;the end» se pierde, el bucle de análisis sale del búfer
строка «;the end» с хвостом — сравнение strcmp точное, конец файла не распознан → разбор идёт за буфер	«;the end» line with a tail — strcmp is exact, end of file not recognised → parsing runs past the buffer	línea «;the end» con cola — strcmp es exacto, no se reconoce el fin de archivo → el análisis sale del búfer
Строка должна быть ровно «;the end».	The line must be exactly «;the end».	La línea debe ser exactamente «;the end».
пустая строка до «;the end» — strtok даёт NULL, FindExactWord(NULL) → краш при старте	empty line before «;the end» — strtok gives NULL, FindExactWord(NULL) → crash at startup	línea vacía antes de «;the end» — strtok da NULL, FindExactWord(NULL) → cierre al iniciar
Пустых строк быть не должно; комментарий — «;» первым символом.	No empty lines allowed; a comment starts with «;» as the first character.	No debe haber líneas vacías; un comentario empieza con «;» como primer carácter.
«%s» — префикс «%c» должен быть отдельным словом: поле 1 (%s) уходит в FindExactWord → −1	«%s» — the «%c» prefix must be a separate word: field 1 (%s) goes to FindExactWord → −1	«%s» — el prefijo «%c» debe ser una palabra aparte: el campo 1 (%s) va a FindExactWord → −1
пусто	empty	vacío
строка из одного «%c» — %s	line of a single «%c» — %s	línea de un solo «%c» — %s
ConvertBikeDataToGameUnits(NULL) → краш	ConvertBikeDataToGameUnits(NULL) → crash	ConvertBikeDataToGameUnits(NULL) → cierre
ничего не записано	nothing is written	no se escribe nada
%c %s: имени нет среди %d встроенных — FindExactWord = −1, %s	%c %s: the name is not among the %d built-in ones — FindExactWord = −1, %s	%c %s: el nombre no está entre los %d integrados — FindExactWord = −1, %s
GetBikePointer(−1) пишет за пределами BikeHandlingData	GetBikePointer(−1) writes outside BikeHandlingData	GetBikePointer(−1) escribe fuera de BikeHandlingData
запись уходит в элемент 0 (SEAPLANE/PREDATOR)	the record goes to element 0 (SEAPLANE/PREDATOR)	el registro va al elemento 0 (SEAPLANE/PREDATOR)
Таблица имён вшита в exe: свои имена в handling.cfg невозможны, переиспользуй одно из встроенных.	The name table is built into the exe: custom names in handling.cfg are impossible, reuse one of the built-in ones.	La tabla de nombres está integrada en el exe: no es posible usar nombres propios en handling.cfg, reutiliza uno integrado.
! %s: не байк (BIKE..FREEWAY) — BikeHandlingData[%d] вне массива из 5	! %s: not a bike (BIKE..FREEWAY) — BikeHandlingData[%d] outside the array of 5	! %s: no es una moto (BIKE..FREEWAY) — BikeHandlingData[%d] fuera del array de 5
$ %s: не летающая (SEAPLANE..RCCOPTER) — GetFlyingPointer отдаёт элемент 0, перезаписывается SEAPLANE	$ %s: not a flying vehicle (SEAPLANE..RCCOPTER) — GetFlyingPointer returns element 0, SEAPLANE gets overwritten	$ %s: no es un vehículo volador (SEAPLANE..RCCOPTER) — GetFlyingPointer devuelve el elemento 0, se sobrescribe SEAPLANE
%% %s: не лодка (PREDATOR..SEAPLANE) — GetBoatPointer отдаёт элемент 0, перезаписывается PREDATOR	%% %s: not a boat (PREDATOR..SEAPLANE) — GetBoatPointer returns element 0, PREDATOR gets overwritten	%% %s: no es un barco (PREDATOR..SEAPLANE) — GetBoatPointer devuelve el elemento 0, se sobrescribe PREDATOR
%c %s: %d полей вместо %d — недостающие остаются нулями	%c %s: %d fields instead of %d — the missing ones stay zero	%c %s: %d campos en lugar de %d — los que faltan quedan en cero
строка «%s…» — III не знает префиксов байков/лодок, «%c» ищется как имя машины → FindExactWord = −1 → HandlingData[−1]	line «%s…» — III knows no bike/boat prefixes, «%c» is looked up as a car name → FindExactWord = −1 → HandlingData[−1]	línea «%s…» — III no conoce prefijos de motos/barcos, «%c» se busca como nombre de coche → FindExactWord = −1 → HandlingData[−1]
имя «%s» не из %d встроенных — FindExactWord = −1, вся строка пишется в HandlingData[−1] (память перед таблицей)	name «%s» is not one of the %d built-in ones — FindExactWord = −1, the whole line is written to HandlingData[−1] (memory before the table)	el nombre «%s» no es uno de los %d integrados — FindExactWord = −1, toda la línea se escribe en HandlingData[−1] (memoria antes de la tabla)
Таблица имён вшита в exe (III 57, VC 106): свои имена невозможны, машина в IDE должна ссылаться на одно из них.	The name table is built into the exe (III 57, VC 106): custom names are impossible, the car in the IDE must reference one of them.	La tabla de nombres está integrada en el exe (III 57, VC 106): no es posible usar nombres propios, el coche del IDE debe referirse a uno de ellos.
«%s» встречается второй раз — победит последняя строка	«%s» appears a second time — the last line wins	«%s» aparece por segunda vez — gana la última línea
%d полей вместо %d — недостающие (%s) остаются нулями	%d fields instead of %d — the missing ones (%s) stay zero	%d campos en lugar de %d — los que faltan (%s) quedan en cero
флаги, фары и далее	flags, lights and beyond	flags, luces y siguientes
фары	lights	luces
%d полей — лишние после %d игнорируются	%d fields — the extra ones after %d are ignored	%d campos — los sobrantes tras %d se ignoran
масса %s ≤ 0 — ConvertDataToGameUnits делит на массу (1/m = inf) → NaN в физике	mass %s ≤ 0 — ConvertDataToGameUnits divides by the mass (1/m = inf) → NaN in physics	masa %s ≤ 0 — ConvertDataToGameUnits divide por la masa (1/m = inf) → NaN en la física
габарит %d = %s ≤ 0 — нулевой момент инерции	dimension %d = %s ≤ 0 — zero moment of inertia	dimensión %d = %s ≤ 0 — momento de inercia cero
%d передач — таблица передач cTransmission на 5 (1..5)	%d gears — the cTransmission gear table holds 5 (1..5)	%d marchas — la tabla de marchas de cTransmission tiene 5 (1..5)
привод «%s» — ожидается F/R/4	drive «%s» — F/R/4 expected	tracción «%s» — se espera F/R/4
двигатель «%s» — ожидается P/D/E	engine «%s» — P/D/E expected	motor «%s» — se espera P/D/E
нет строки «;the end» — цикл LoadHandlingData не останавливается и читает за концом work_buff	no «;the end» line — the LoadHandlingData loop does not stop and reads past the end of work_buff	falta la línea «;the end» — el bucle de LoadHandlingData no se detiene y lee más allá de work_buff
Последняя строка файла должна быть ровно «;the end».	The last line of the file must be exactly «;the end».	La última línea del archivo debe ser exactamente «;the end».
handling «%s» не из встроенной таблицы — GetHandlingId = %d, GetHandlingData читает за концом массива (масса/габариты — мусор)	handling «%s» is not in the built-in table — GetHandlingId = %d, GetHandlingData reads past the end of the array (mass/dimensions are garbage)	handling «%s» no está en la tabla integrada — GetHandlingId = %d, GetHandlingData lee más allá del array (masa/dimensiones son basura)
Имена handling вшиты в exe; выбери подходящее из handling.cfg.	Handling names are built into the exe; pick a suitable one from handling.cfg.	Los nombres de handling están integrados en el exe; elige uno adecuado de handling.cfg.
handling «%s» есть в exe, но строки в handling.cfg нет — все параметры нули (масса 0 → NaN)	handling «%s» exists in the exe but has no line in handling.cfg — all parameters are zero (mass 0 → NaN)	handling «%s» existe en el exe pero no tiene línea en handling.cfg — todos los parámetros son cero (masa 0 → NaN)
%s: 0 ключей — CalcTotalTime читает кадр −1	%s: 0 keys — CalcTotalTime reads frame −1	%s: 0 claves — CalcTotalTime lee el fotograma −1
%s: %d ключей — счётчик int16, максимум 32767	%s: %d keys — int16 counter, maximum 32767	%s: %d claves — contador int16, máximo 32767
%s: первый ключ на %.3f с, а не на 0 — нулевой кадр не конвертируется, его время добавляется на каждом витке цикла	%s: first key at %.3f s instead of 0 — the zero frame is not converted, its time is added on every loop iteration	%s: primera clave en %.3f s y no en 0 — el fotograma cero no se convierte, su tiempo se suma en cada vuelta del bucle
%s: время ключей убывает (ключ %d) — для катсцены (без цикла) безвредно, кадр проигрывается скачком (ваниль: bcesa4w и др.)	%s: key times decrease (key %d) — harmless for a cutscene (no loop), the frame plays as a jump (vanilla: bcesa4w etc.)	%s: el tiempo de las claves decrece (clave %d) — en una cinemática (sin bucle) es inofensivo, el fotograma se reproduce de golpe (vanilla: bcesa4w y otros)
%s: время ключей убывает (ключ %d) — отрицательная дельта, зацикленная анимация повесит игру	%s: key times decrease (key %d) — negative delta, a looped animation hangs the game	%s: el tiempo de las claves decrece (clave %d) — delta negativo, una animación en bucle cuelga el juego
%s: все %d ключей на одном времени — нулевая длительность, зацикленная анимация повесит игру	%s: all %d keys at the same time — zero duration, a looped animation hangs the game	%s: las %d claves están en el mismo instante — duración cero, una animación en bucle cuelga el juego
%s: %d пар ключей на одном тике — схлопнутся в скачок	%s: %d pairs of keys on the same tick — collapse into a jump	%s: %d pares de claves en el mismo tick — se colapsan en un salto
%s: последний ключ на %.1f с — больше 546 с, тик int16 переполнится	%s: last key at %.1f s — more than 546 s, the int16 tick overflows	%s: última clave en %.1f s — más de 546 s, el tick int16 se desborda
%s: кватернион с NaN/inf — матрица кости станет NaN, меш исчезнет%s	%s: quaternion with NaN/inf — the bone matrix becomes NaN, the mesh disappears%s	%s: cuaternión con NaN/inf — la matriz del hueso será NaN, el mesh desaparece%s
 (ваниль: bcras1 cscopcarla92)	 (vanilla: bcras1 cscopcarla92)	 (vanilla: bcras1 cscopcarla92)
%s: смещение с NaN	%s: translation with NaN	%s: desplazamiento con NaN
%s: %d ключей с компонентом кватерниона ≥ 8 — int16/4096 переполнится%s	%s: %d keys with a quaternion component ≥ 8 — int16/4096 overflows%s	%s: %d claves con una componente del cuaternión ≥ 8 — int16/4096 se desborda%s
 (катсцена грузится без сжатия — безвредно)	 (a cutscene loads uncompressed — harmless)	 (la cinemática se carga sin comprimir — inofensivo)
%s: %d ключей со смещением ≥ 32 — int16/1024 переполнится при %s, кость прыгнет	%s: %d keys with a translation ≥ 32 — int16/1024 overflows on %s, the bone jumps	%s: %d claves con desplazamiento ≥ 32 — int16/1024 se desborda al %s, el hueso salta
загрузке	load	cargar
пережатии (вытеснение из кэша анимаций)	recompression (eviction from the animation cache)	recomprimir (expulsión de la caché de animaciones)
%s: %d ненормированных кватернионов (|q| ≠ 1 ± 0.005) — slerp смешает с неверными весами	%s: %d non-unit quaternions (|q| ≠ 1 ± 0.005) — slerp blends with wrong weights	%s: %d cuaterniones no normalizados (|q| ≠ 1 ± 0.005) — slerp mezclará con pesos incorrectos
имя пакета «%s» длиннее 15 символов — strncpy(16) обрежет его, блок не совпадёт с записью IMG	block name «%s» longer than 15 characters — strncpy(16) truncates it, the block will not match the IMG entry	nombre de paquete «%s» de más de 15 caracteres — strncpy(16) lo recortará, el bloque no coincidirá con la entrada del IMG
имя пакета «%s» не совпадает с именем файла «%s» — игра заведёт второй блок, зарегистрированный по IMG останется пустым, AddAnimation упадёт	block name «%s» differs from the file name «%s» — the game creates a second block, the one registered from the IMG stays empty, AddAnimation crashes	el nombre de paquete «%s» no coincide con el nombre de archivo «%s» — el juego creará un segundo bloque, el registrado por el IMG quedará vacío, AddAnimation fallará
Внутреннее имя блока должно равняться имени файла без расширения.	The internal block name must equal the file name without extension.	El nombre interno del bloque debe ser igual al nombre del archivo sin extensión.
анимация «%s» повторяет «%s» (регистр не учитывается) — вторая недостижима	animation «%s» duplicates «%s» (case-insensitive) — the second one is unreachable	la animación «%s» repite «%s» (sin distinguir mayúsculas) — la segunda es inalcanzable
анимация «%s»: имя длиннее 23 символов — хэш пойдёт по мусору	animation «%s»: name longer than 23 characters — the hash runs over garbage	animación «%s»: nombre de más de 23 caracteres — el hash recorrerá basura
анимация «%s» без единой кости — new[0] и чтение мимо массива при выгрузке	animation «%s» without a single bone — new[0] and a read past the array on unload	animación «%s» sin ningún hueso — new[0] y lectura fuera del array al descargar
анимация «%s»: %d костей — счётчик int16	animation «%s»: %d bones — int16 counter	animación «%s»: %d huesos — contador int16
анимация «%s»: смешаны сжатые и несжатые кости — класс берётся по первой, остальные читаются с неверным шагом	animation «%s»: compressed and uncompressed bones mixed — the class is taken from the first, the rest are read with the wrong stride	animación «%s»: huesos comprimidos y sin comprimir mezclados — la clase se toma del primero, el resto se lee con el paso equivocado
анимация «%s»: frameDataSize %u меньше суммы ключей %llu — запись за выделенный блок (порча кучи)	animation «%s»: frameDataSize %u smaller than the sum of the keys %llu — write past the allocated block (heap corruption)	animación «%s»: frameDataSize %u menor que la suma de claves %llu — escritura fuera del bloque reservado (corrupción del heap)
анимация «%s»: frameDataSize 0 — Malloc(0), утечка и Free чужого буфера при распаковке	animation «%s»: frameDataSize 0 — Malloc(0), leak and Free of a foreign buffer on decompression	animación «%s»: frameDataSize 0 — Malloc(0), fuga y Free de un búfer ajeno al descomprimir
анимация «%s»: кость «%s» (id %d) задана дважды — играть будет последняя	animation «%s»: bone «%s» (id %d) given twice — the last one plays	animación «%s»: el hueso «%s» (id %d) está definido dos veces — se reproducirá el último
анимация «%s»: имя кости «%s» длиннее 23 символов	animation «%s»: bone name «%s» longer than 23 characters	animación «%s»: nombre de hueso «%s» de más de 23 caracteres
анимация «%s» / «%s»: boneId %d вне int16 — никогда не совпадёт с nodeID	animation «%s» / «%s»: boneId %d outside int16 — never matches a nodeID	animación «%s» / «%s»: boneId %d fuera de int16 — nunca coincidirá con un nodeID
анимация «%s»: ключи смещения на не-корневых костях (%s) — наличие смещения заменяет bind-позицию кости	animation «%s»: translation keys on non-root bones (%s) — a translation replaces the bone's bind position	animación «%s»: claves de desplazamiento en huesos no raíz (%s) — la presencia de desplazamiento sustituye la posición bind del hueso
анимация «%s»: ключи масштаба (%s) — движок читает и выбрасывает	animation «%s»: scale keys (%s) — the engine reads and discards them	animación «%s»: claves de escala (%s) — el motor las lee y las descarta
имя пакета без NUL в 24 байтах	block name without NUL in 24 bytes	nombre de paquete sin NUL en 24 bytes
numAnims = %u — мусор	numAnims = %u — garbage	numAnims = %u — basura
файл обрывается на анимации %u из %u	the file ends at animation %u of %u	el archivo se corta en la animación %u de %u
анимация №%u: имя без NUL в 24 байтах — хэш по мусору	animation #%u: name without NUL in 24 bytes — hash over garbage	animación n.º %u: nombre sin NUL en 24 bytes — hash sobre basura
анимация «%s»: numSequences = %u — мусор (рассинхрон потока?)	animation «%s»: numSequences = %u — garbage (stream desync?)	animación «%s»: numSequences = %u — basura (¿flujo desincronizado?)
анимация «%s»: файл обрывается на кости %u	animation «%s»: the file ends at bone %u	animación «%s»: el archivo se corta en el hueso %u
анимация «%s» / «%s»: frameType %d вне 1..4 — движок не читает ключи, поток рассинхронизируется (дальше мусор)	animation «%s» / «%s»: frameType %d outside 1..4 — the engine does not read the keys, the stream desynchronises (garbage from here on)	animación «%s» / «%s»: frameType %d fuera de 1..4 — el motor no lee las claves, el flujo se desincroniza (basura a partir de ahí)
анимация «%s» / «%s»: %u ключей — счётчик int16	animation «%s» / «%s»: %u keys — int16 counter	animación «%s» / «%s»: %u claves — contador int16
анимация «%s» / «%s»: %u ключей × %d байт не помещаются в файл — RwStreamRead вернёт меньше, ключи из мусора	animation «%s» / «%s»: %u keys × %d bytes do not fit in the file — RwStreamRead returns less, keys from garbage	animación «%s» / «%s»: %u claves × %d bytes no caben en el archivo — RwStreamRead devolverá menos, claves de basura
ожидалась секция %s, найдена «%s» — движок тег не проверяет и читает тело как %s	section %s expected, «%s» found — the engine does not check the tag and reads the body as %s	se esperaba la sección %s, se encontró «%s» — el motor no comprueba la etiqueta y lee el cuerpo como %s
INFO длиной %u > 260 байт — переполнение стека LoadAnimFile	INFO of length %u > 260 bytes — LoadAnimFile stack overflow	INFO de longitud %u > 260 bytes — desbordamiento de pila en LoadAnimFile
файл обрывается	the file ends prematurely	el archivo se corta
NAME длиной %u > 260 байт — переполнение стека	NAME of length %u > 260 bytes — stack overflow	NAME de longitud %u > 260 bytes — desbordamiento de pila
анимация №%u: NAME без NUL — хэш по мусору	animation #%u: NAME without NUL — hash over garbage	animación n.º %u: NAME sin NUL — hash sobre basura
INFO анимации «%s» длиной %u > 260	INFO of animation «%s» of length %u > 260	INFO de la animación «%s» de longitud %u > 260
анимация «%s»: numSequences = %u	animation «%s»: numSequences = %u	animación «%s»: numSequences = %u
ANIM длиной %u > 260	ANIM of length %u > 260	ANIM de longitud %u > 260
анимация «%s»: ANIM длиной %u (ожидается 40 или 44 с boneId)	animation «%s»: ANIM of length %u (40 expected, or 44 with boneId)	animación «%s»: ANIM de longitud %u (se esperan 40 o 44 con boneId)
анимация «%s»: ANIM длиной %u < 32 — numFrames читается за концом секции	animation «%s»: ANIM of %u bytes < 32 — numFrames is read past the end of the section	animación «%s»: ANIM de %u bytes < 32 — numFrames se lee más allá del final de la sección
анимация «%s» / «%s»: KFRM-тег «%s» не KRTS/KRT0/KR00 — ключи не читаются, поток рассинхронизируется	animation «%s» / «%s»: KFRM tag «%s» is not KRTS/KRT0/KR00 — the keys are not read, the stream desynchronises	animación «%s» / «%s»: etiqueta KFRM «%s» no es KRTS/KRT0/KR00 — las claves no se leen, el flujo se desincroniza
анимация «%s» / «%s»: %u ключей не помещаются в файл	animation «%s» / «%s»: %u keys do not fit in the file	animación «%s» / «%s»: %u claves no caben en el archivo
файл короче 8 байт	file shorter than 8 bytes	archivo más corto que 8 bytes
тег «%s» — не ANPK/ANP2/ANP3; движок разбирает всё прочее как ANPK	tag «%s» — not ANPK/ANP2/ANP3; the engine parses everything else as ANPK	etiqueta «%s» — no es ANPK/ANP2/ANP3; el motor analiza todo lo demás como ANPK
файл обрывается / рассинхронизирован — ключи останутся неинициализированными	the file ends prematurely / is desynchronised — the keys stay uninitialised	el archivo se corta / está desincronizado — las claves quedarán sin inicializar
формат ANPK в SA: кватернионы сопрягаются при загрузке, все ключи квантуются в int16	ANPK format in SA: quaternions are conjugated at load, every key is quantised to int16	formato ANPK en SA: los cuaterniones se conjugan al cargar, todas las claves se cuantizan a int16
anim/ped.ifp не найден — CAnimManager::LoadAnimFiles при старте	anim/ped.ifp not found — CAnimManager::LoadAnimFiles at startup	anim/ped.ifp no encontrado — CAnimManager::LoadAnimFiles al arrancar
всего анимаций во всех IFP: %d > %d — ms_aAnimations переполнится (LoadAnimFile пишет дальше массива)	total animations in all IFPs: %d > %d — ms_aAnimations overflows (LoadAnimFile writes past the array)	animaciones totales en todos los IFP: %d > %d — ms_aAnimations se desborda (LoadAnimFile escribe más allá del array)
всего анимаций %d из %d	%d animations of %d in total	%d animaciones de %d en total
%d IFP-блоков > %d — ms_aAnimBlocks переполняется	%d IFP blocks > %d — ms_aAnimBlocks overflows	%d bloques IFP > %d — ms_aAnimBlocks se desborda
всего анимаций во всех IFP: %d > 2500 — ms_aAnimations переполнится, анимация №2500 затрёт заголовок блока ped	total animations across all IFPs: %d > 2500 — ms_aAnimations overflows, animation #2500 overwrites the ped block header	total de animaciones en todos los IFP: %d > 2500 — ms_aAnimations se desborda, la animación n.º 2500 sobrescribe la cabecera del bloque ped
всего анимаций %d из 2500	%d animations in total out of 2500	%d animaciones en total de 2500
%d IFP-блоков > 180 — ms_aAnimBlocks переполняется, и id стриминга 25575..25754 кончаются	%d IFP blocks > 180 — ms_aAnimBlocks overflows and the streaming ids 25575..25754 run out	%d bloques IFP > 180 — ms_aAnimBlocks se desborda y los id de streaming 25575..25754 se agotan
%d групп в animgrp.dat — при 118 встроенных максимум 27 (145 определений)	%d groups in animgrp.dat — with 118 built in, at most 27 (145 definitions)	%d grupos en animgrp.dat — con 118 integrados el máximo es 27 (145 definiciones)
группа «%s» ссылается на блок «%s», которого нет ни в одном IMG (и это не ped)	group «%s» references block «%s», which is in no IMG (and is not ped)	el grupo «%s» referencia el bloque «%s», que no está en ningún IMG (y no es ped)
имя анимации «%s» длиннее 23 символов — переполняет соседний слот имени	animation name «%s» longer than 23 characters — overflows the neighbouring name slot	nombre de animación «%s» de más de 23 caracteres — desborda el slot de nombre vecino
группа «%s»: анимации «%s» нет в блоке «%s» — CAnimBlendStaticAssociation::Init(NULL) → краш сразу после загрузки IFP	group «%s»: animation «%s» is not in block «%s» — CAnimBlendStaticAssociation::Init(NULL) → crash right after the IFP loads	grupo «%s»: la animación «%s» no está en el bloque «%s» — CAnimBlendStaticAssociation::Init(NULL) → crash justo después de cargar el IFP
data/waterpro.dat не найден — CWaterLevel::Initialise крутится в цикле открытия файла (зависание при старте)	data/waterpro.dat not found — CWaterLevel::Initialise spins in the file-open loop (hang at startup)	data/waterpro.dat no encontrado — CWaterLevel::Initialise gira en el bucle de apertura del archivo (cuelgue al iniciar)
файл %u байт вместо %u — недочитанные таблицы уровней/секторов остаются нулями (вода на нулевой высоте или её нет)	file is %u bytes instead of %u — the unread level/sector tables stay zero (water at height zero or none at all)	archivo de %u bytes en lugar de %u — las tablas de niveles/sectores no leídas quedan en cero (agua a altura cero o sin agua)
файл %u байт, читается %u — хвост игнорируется	file is %u bytes, %u are read — the tail is ignored	archivo de %u bytes, se leen %u — la cola se ignora
число уровней воды %d вне 0..48 — циклы по ms_aWaterZs/ms_aWaterRects выходят за массивы	water level count %d outside 0..48 — the loops over ms_aWaterZs/ms_aWaterRects run past the arrays	número de niveles de agua %d fuera de 0..48 — los bucles sobre ms_aWaterZs/ms_aWaterRects salen de los arrays
%d секторов ссылаются на уровень воды вне 0..%d (−128 = суши) — высота берётся из-за массива	%d sectors reference a water level outside 0..%d (−128 = land) — the height is taken from past the array	%d sectores refieren a un nivel de agua fuera de 0..%d (−128 = tierra) — la altura se toma de fuera del array
0 уровней воды — воды в мире нет	0 water levels — there is no water in the world	0 niveles de agua — no hay agua en el mundo
data/water.dat не найден — WaterLevelInitialise крутится в цикле открытия файла (зависание)	data/water.dat not found — WaterLevelInitialise spins in the file-open loop (hang)	data/water.dat no encontrado — WaterLevelInitialise se queda en el bucle de apertura del archivo (cuelgue)
строка длиннее 511 символов	line longer than 511 characters	línea de más de 511 caracteres
%d полей — не 28/29 (квад) и не 21/22 (треугольник): будет разобрано как треугольник с мусором в незаполненных полях	%d fields — neither 28/29 (quad) nor 21/22 (triangle): parsed as a triangle with garbage in the unfilled fields	%d campos — ni 28/29 (quad) ni 21/22 (triángulo): se analizará como triángulo con basura en los campos sin rellenar
x y z flowX flowY bigWaves smallWaves × 4 вершины + флаг.	x y z flowX flowY bigWaves smallWaves × 4 vertices + flag.	x y z flowX flowY bigWaves smallWaves × 4 vértices + flag.
поле %d «%s» не число	field %d «%s» is not a number	el campo %d «%s» no es un número
%d квадов > 301 — 302-й затирает таблицу треугольников	%d quads > 301 — the 302nd overwrites the triangle table	%d quads > 301 — el 302.º sobrescribe la tabla de triángulos
%d треугольников > 6 — 7-й затирает собственный счётчик	%d triangles > 6 — the 7th overwrites its own counter	%d triángulos > 6 — el 7.º sobrescribe su propio contador
%d уникальных вершин > 1021 — переполнение m_aVertices	%d unique vertices > 1021 — m_aVertices overflows	%d vértices únicos > 1021 — desbordamiento de m_aVertices
%d вершин вне ±3000 — AddWaterLevelVertex зажимает координату и СБРАСЫВАЕТ z/волны/поток в 0	%d vertices outside ±3000 — AddWaterLevelVertex clamps the coordinate and RESETS z/waves/flow to 0	%d vértices fuera de ±3000 — AddWaterLevelVertex recorta la coordenada y PONE A 0 z/olas/flujo
%d вершин с нецелыми X/Y — движок обрезает до целого (int16)	%d vertices with non-integer X/Y — the engine truncates to integers (int16)	%d vértices con X/Y no enteros — el motor los trunca a entero (int16)
%d вершин с |flow| ≥ 2 — flow×64 не влезает в int8	%d vertices with |flow| ≥ 2 — flow×64 does not fit int8	%d vértices con |flow| ≥ 2 — flow×64 no cabe en int8
%d квадов не являются осевыми прямоугольниками — вершины сортируются как углы прямоугольника, отрисуется мусор	%d quads are not axis-aligned rectangles — the vertices are sorted as rectangle corners, garbage is drawn	%d quads no son rectángulos alineados con los ejes — los vértices se ordenan como esquinas de un rectángulo, se dibujará basura
%d вырожденных квадов (все X или все Y равны) — отброшены	%d degenerate quads (all X or all Y equal) — dropped	%d quads degenerados (todas las X o todas las Y iguales) — descartados
%d квадов больше 500×500 (в ванили 21 такой) — рендер идёт по блокам 500 м	%d quads larger than 500×500 (vanilla has 21) — rendering goes by 500 m blocks	%d quads mayores de 500×500 (en vanilla hay 21) — el render va por bloques de 500 m
data/timecyc.dat не найден	data/timecyc.dat not found	data/timecyc.dat no encontrado
строка «%s» не начинается с числа и не с «/» — попадёт в sscanf, счёт строк сдвинется, все следующие семплы лягут не в свои слоты	line «%s» starts neither with a number nor with «/» — it reaches sscanf, the line count shifts, every following sample lands in the wrong slot	la línea «%s» no empieza por número ni por «/» — llegará a sscanf, el recuento de líneas se desplaza, todas las muestras siguientes caerán en slots equivocados
В timecyc.dat комментарии только «//».	In timecyc.dat comments are «//» only.	En timecyc.dat los comentarios son solo «//».
%d полей вместо %d — хвостовые колонки останутся от предыдущей строки	%d fields instead of %d — the trailing columns keep the previous line's values	%d campos en vez de %d — las columnas finales conservan los valores de la línea anterior
цвет %d вне 0..255 — обрежется до байта	colour %d outside 0..255 — truncated to a byte	color %d fuera de 0..255 — se recorta a un byte
%d строк данных, нужно ровно %d (%s) — LoadLine вернёт NULL, sscanf(NULL) → краш при старте	%d data lines, exactly %d needed (%s) — LoadLine returns NULL, sscanf(NULL) → crash at startup	%d líneas de datos, hacen falta exactamente %d (%s) — LoadLine devuelve NULL, sscanf(NULL) → crash al arrancar
23 погоды × 8 часов	23 weathers × 8 hours	23 climas × 8 horas
7 погод × 24 часа	7 weathers × 24 hours	7 climas × 24 horas
4 погоды × 24 часа	4 weathers × 24 hours	4 climas × 24 horas
%d строк данных, читаются первые %d	%d data lines, the first %d are read	%d líneas de datos, se leen las %d primeras
data/plants.dat не найден — травы не будет	data/plants.dat not found — no grass	data/plants.dat no encontrado — no habrá hierba
%d полей вместо 18 — LoadPlantsDat вернёт false: ВСЯ трава отключается, остальные строки не читаются	%d fields instead of 18 — LoadPlantsDat returns false: ALL grass is disabled, the remaining lines are not read	%d campos en vez de 18 — LoadPlantsDat devuelve false: TODA la hierba se desactiva, el resto de líneas no se lee
поверхность «%s» нет в surfinfo.dat — «Unknown surface name … See Andrzej», вся трава отключается	surface «%s» is not in surfinfo.dat — «Unknown surface name … See Andrzej», all grass is disabled	la superficie «%s» no está en surfinfo.dat — «Unknown surface name … See Andrzej», toda la hierba se desactiva
больше 57 различных поверхностей — таблица переполнена, трава отключается	more than 57 distinct surfaces — the table overflows, grass is disabled	más de 57 superficies distintas — tabla desbordada, la hierba se desactiva
SlotID %d / ModelID %d / UVoff %d вне 0..3 — индекс в мусорные атомики при рендере	SlotID %d / ModelID %d / UVoff %d outside 0..3 — indexes garbage atomics at render	SlotID %d / ModelID %d / UVoff %d fuera de 0..3 — índice a atomics basura al renderizar
data/animgrp.dat не найден	data/animgrp.dat not found	data/animgrp.dat no encontrado
заголовок группы: нужно name, filename, animtype, numanims	group header: name, filename, animtype, numanims needed	cabecera de grupo: hacen falta name, filename, animtype, numanims
группа анимаций «%s» нет в animgrp.dat — m_nAnimType = ms_numAnimAssocDefinitions (за концом массива), краш при спавне педа	animation group «%s» is not in animgrp.dat — m_nAnimType = ms_numAnimAssocDefinitions (past the array), crash on ped spawn	el grupo de animaciones «%s» no está en animgrp.dat — m_nAnimType = ms_numAnimAssocDefinitions (fuera del array), crash al hacer spawn del peatón
object.dat: модель «%s» не объявлена в IDE — строка игнорируется	object.dat: model «%s» is not declared in any IDE — line ignored	object.dat: el modelo «%s» no está declarado en el IDE — línea ignorada
%d различных наборов параметров в object.dat (+5 стандартных) > 400 — ms_aObjectInfo переполняется	%d distinct parameter sets in object.dat (+5 standard) > 400 — ms_aObjectInfo overflows	%d conjuntos de parámetros distintos en object.dat (+5 estándar) > 400 — ms_aObjectInfo se desborda
models/effects.fxp не найден	models/effects.fxp not found	models/effects.fxp no encontrado
NUM_INFOS %d, а блоков FX_INFO_* %d	NUM_INFOS %d, but %d FX_INFO_* blocks	NUM_INFOS %d, pero %d bloques FX_INFO_*
NUM_PRIMS %d > 8 — стековый буфер имён текстур 8×128 переполняется	NUM_PRIMS %d > 8 — the 8×128 stack buffer of texture names overflows	NUM_PRIMS %d > 8 — el búfer de pila de nombres de textura 8×128 se desborda
неизвестное ключевое слово %s — FxInfoManager_c::Load пишет по NULL → краш	unknown keyword %s — FxInfoManager_c::Load writes through NULL → crash	palabra clave desconocida %s — FxInfoManager_c::Load escribe por NULL → crash
текстура «%s» отсутствует в effectsPC.txd — частицы без текстуры	texture «%s» is missing in effectsPC.txd — particles without a texture	la textura «%s» no está en effectsPC.txd — partículas sin textura
nodes-файл с номером области %d вне 0..63 — id попадает в диапазон IFP и трактуется как блок анимаций	nodes file with area number %d outside 0..63 — the id falls into the IFP range and is treated as an animation block	archivo nodes con número de área %d fuera de 0..63 — el id cae en el rango de los IFP y se trata como bloque de animaciones
заголовок nodes короче 20 байт	nodes header shorter than 20 bytes	cabecera de nodes más corta que 20 bytes
объявленные секции требуют %llu байт, в файле %u — массивы останутся частично неинициализированными	the declared sections need %llu bytes, the file has %u — the arrays stay partially uninitialised	las secciones declaradas requieren %llu bytes, el archivo tiene %u — los arrays quedarán parcialmente sin inicializar
%d узлов с areaId ≠ %d	%d nodes with areaId ≠ %d	%d nodos con areaId ≠ %d
%d узлов, чьи linkId + numLinks выходят за таблицу связей (%u) — OOB при поиске пути	%d nodes whose linkId + numLinks run past the link table (%u) — OOB during pathfinding	%d nodos cuyo linkId + numLinks sobrepasa la tabla de enlaces (%u) — OOB al buscar rutas
Данные (water / timecyc / plants / animgrp / fxp / nodes)	Data (water / timecyc / plants / animgrp / fxp / nodes)	Datos (water / timecyc / plants / animgrp / fxp / nodes)
%s не найден — %s не проверяет FILE* → LoadLine/ReadLine(NULL) → краш при старте	%s not found — %s does not check the FILE* → LoadLine/ReadLine(NULL) → crash at startup	%s no encontrado — %s no comprueba el FILE* → LoadLine/ReadLine(NULL) → crash al arrancar
первый токен «%.40s…» длиной %d ≥ 32 — sscanf %%s в local_20[32] 0x608B5A → переполнение стека	first token «%.40s…» of length %d ≥ 32 — sscanf %%s into local_20[32] 0x608B5A → stack overflow	primer token «%.40s…» de longitud %d ≥ 32 — sscanf %%s en local_20[32] 0x608B5A → desbordamiento de pila
строка %s до первой строки типа — текущий индекс = 32: запись маски по array+32*0x14 = за концом блока new(0x284) → порча заголовка следующего блока кучи → краш при позднем malloc/free	%s line before the first type line — current index = 32: the mask is written at array+32*0x14 = past the new(0x284) block → corrupts the next heap block header → crash on a later malloc/free	línea %s antes de la primera línea de tipo — índice actual = 32: la máscara se escribe en array+32*0x14 = fuera del bloque new(0x284) → corrupción de la cabecera del siguiente bloque del heap → crash en un malloc/free posterior
строка %s после строки типа «%s», которого нет среди 32 имён (регистр важен) — индекс 32: запись за концом блока new(0x284) → порча кучи → краш	%s line after type line «%s», which is not among the 32 names (case matters) — index 32: write past the new(0x284) block → heap corruption → crash	línea %s tras la línea de tipo «%s», que no está entre los 32 nombres (importan las mayúsculas) — índice 32: escritura fuera del bloque new(0x284) → corrupción del heap → crash
Имена типов: PLAYER1 PLAYER2 PLAYER_NETWORK PLAYER_UNUSED CIVMALE CIVFEMALE COP GANG1..GANG10 DEALER MEDIC FIREMAN CRIMINAL BUM PROSTITUTE SPECIAL MISSION1..MISSION8.	Type names: PLAYER1 PLAYER2 PLAYER_NETWORK PLAYER_UNUSED CIVMALE CIVFEMALE COP GANG1..GANG10 DEALER MEDIC FIREMAN CRIMINAL BUM PROSTITUTE SPECIAL MISSION1..MISSION8.	Nombres de tipo: PLAYER1 PLAYER2 PLAYER_NETWORK PLAYER_UNUSED CIVMALE CIVFEMALE COP GANG1..GANG10 DEALER MEDIC FIREMAN CRIMINAL BUM PROSTITUTE SPECIAL MISSION1..MISSION8.
«%s» в списке %s не из 32 имён типов (регистр важен) — FindPedType → 32 → вклад в маску 0, молча игнорируется	«%s» in the %s list is not among the 32 type names (case matters) — FindPedType → 32 → contributes 0 to the mask, silently ignored	«%s» en la lista %s no está entre los 32 nombres de tipo (importan las mayúsculas) — FindPedType → 32 → aporta 0 a la máscara, se ignora en silencio
«%s» не из 32 имён типов и не ключевое слово (Hate/Dislike/Like/Respect с большой буквы) — следующие строки отношений уйдут за конец массива	«%s» is neither one of the 32 type names nor a keyword (Hate/Dislike/Like/Respect, capitalised) — the following relationship lines go past the end of the array	«%s» no es uno de los 32 nombres de tipo ni una palabra clave (Hate/Dislike/Like/Respect con mayúscula inicial) — las siguientes líneas de relaciones se saldrán del array
блок для player-типа %s	block for player type %s	bloque para el tipo de jugador %s
блок %s повторяется — каждая строка отношений заменяет маску целиком	block %s repeats — every relationship line replaces the whole mask	el bloque %s se repite — cada línea de relaciones sustituye la máscara entera
лишние токены после имени типа игнорируются	extra tokens after the type name are ignored	los tokens sobrantes tras el nombre de tipo se ignoran
44-я строка данных — блок new(0x8BC) = 43×0x34, iVar4 += 0x34 без проверки → запись за концом блока кучи → краш	44th data line — the new(0x8BC) block = 43×0x34, iVar4 += 0x34 unchecked → write past the end of the heap block → crash	44.ª línea de datos — el bloque new(0x8BC) = 43×0x34, iVar4 += 0x34 sin comprobar → escritura fuera del bloque del heap → crash
В pedstats.dat ровно 43 строки (позиционные индексы STAT_PLAYER 0 … STAT_COWARD 42).	pedstats.dat has exactly 43 lines (positional indices STAT_PLAYER 0 … STAT_COWARD 42).	pedstats.dat tiene exactamente 43 líneas (índices posicionales STAT_PLAYER 0 … STAT_COWARD 42).
имя длиной %d ≥ 32 — sscanf %%s в local_20[32] → переполнение стека	name of length %d ≥ 32 — sscanf %%s into local_20[32] → stack overflow	nombre de longitud %d ≥ 32 — sscanf %%s en local_20[32] → desbordamiento de pila
имя длиной %d (24..31) — strcpy в 24-байтовое поле, NUL уезжает в fleeDist и затирается: GetPedStatType 0x6088D0 никогда не найдёт это имя	name of length %d (24..31) — strcpy into the 24-byte field, the NUL lands in fleeDist and gets overwritten: GetPedStatType 0x6088D0 never finds this name	nombre de longitud %d (24..31) — strcpy en el campo de 24 bytes, el NUL cae en fleeDist y se sobrescribe: GetPedStatType 0x6088D0 nunca encontrará este nombre
%d полей вместо 11 (name fleeDist headingChangeRate fear temper lawfulness sexiness attack defend shootingRate defaultDecisionMaker) — недостающие = мусор со стека	%d fields instead of 11 (name fleeDist headingChangeRate fear temper lawfulness sexiness attack defend shootingRate defaultDecisionMaker) — the missing ones = stack garbage	%d campos en vez de 11 (name fleeDist headingChangeRate fear temper lawfulness sexiness attack defend shootingRate defaultDecisionMaker) — los que faltan = basura de la pila
поле %d «%s» не число — sscanf останавливается	field %d «%s» is not a number — sscanf stops	el campo %d «%s» no es un número — sscanf se detiene
%s = %s вне 0..255 (байт, по замыслу 0..100)	%s = %s outside 0..255 (byte, 0..100 by design)	%s = %s fuera de 0..255 (byte, 0..100 por diseño)
shootingRate %s вне int16	shootingRate %s outside int16	shootingRate %s fuera de int16
defaultDecisionMaker %ld вне 0..7 (GangMbr 0, Cop 1, R_Norm 2, R_Tough 3, R_Weak 4, Fireman 5, m_empty 6, Indoors 7) — +0x32 читается как signed char: 8..19 = групповые/миссионные DM, ≥ 20 — за m_DecisionMakers, 128..255 — отрицательные	defaultDecisionMaker %ld outside 0..7 (GangMbr 0, Cop 1, R_Norm 2, R_Tough 3, R_Weak 4, Fireman 5, m_empty 6, Indoors 7) — +0x32 is read as a signed char: 8..19 = group/mission DMs, ≥ 20 past m_DecisionMakers, 128..255 negative	defaultDecisionMaker %ld fuera de 0..7 (GangMbr 0, Cop 1, R_Norm 2, R_Tough 3, R_Weak 4, Fireman 5, m_empty 6, Indoors 7) — +0x32 se lee como signed char: 8..19 = DM de grupo/misión, ≥ 20 fuera de m_DecisionMakers, 128..255 negativos
%d строк вместо 43 — движок адресует статы по позиции (STAT_PLAYER 0, STAT_COP 1 …); недостающие остаются по умолчанию Initialise	%d lines instead of 43 — the engine addresses the stats by position (STAT_PLAYER 0, STAT_COP 1 …); the missing ones keep the Initialise defaults	%d líneas en vez de 43 — el motor direcciona las estadísticas por posición (STAT_PLAYER 0, STAT_COP 1 …); las que faltan conservan los valores por defecto de Initialise
имена/порядок отличаются от ванильных 43 (%d позиций: %s%s) — движок индексирует по позиции, неизвестное имя в peds.ide → 16	names/order differ from the vanilla 43 (%d positions: %s%s) — the engine indexes by position, an unknown name in peds.ide → 16	los nombres/el orden difieren de los 43 vanilla (%d posiciones: %s%s) — el motor indexa por posición, un nombre desconocido en peds.ide → 16
последняя строка без перевода строки — сканер 0x5BD02A ищет 0x0A мимо NUL за буфером (обычно упирается в старый 0x0A; порча стека только если строка самая длинная)	last line without a line break — the scanner 0x5BD02A looks for 0x0A past the NUL beyond the buffer (usually hits an old 0x0A; stack corruption only if the line is the longest)	última línea sin salto de línea — el escáner 0x5BD02A busca 0x0A más allá del NUL fuera del búfer (normalmente topa con un 0x0A viejo; corrupción de pila solo si la línea es la más larga)
Заверши файл переводом строки (ваниль — CRLF).	End the file with a line break (vanilla — CRLF).	Termina el archivo con un salto de línea (vanilla — CRLF).
строка ≥ 1024 байт — fgets(0x400) режет её на две записи: лишняя группа, сдвиг индексов	line ≥ 1024 bytes — fgets(0x400) cuts it into two records: an extra group, shifted indices	línea ≥ 1024 bytes — fgets(0x400) la corta en dos registros: grupo de más, índices desplazados
больше 21 имени в группе (%d) — читаются первые 21 (цикл < 0x15)	more than 21 names in the group (%d) — the first 21 are read (loop < 0x15)	más de 21 nombres en el grupo (%d) — se leen los 21 primeros (bucle < 0x15)
токен длиной %d ≥ 256 — strncpy в cStack_500[256] переполняет (внутри того же фрейма)	token of length %d ≥ 256 — strncpy into cStack_500[256] overflows (inside the same frame)	token de longitud %d ≥ 256 — strncpy en cStack_500[256] se desborda (dentro del mismo marco)
«%s» не модель ни в одном IDE — GetModelInfo NULL, молча пропущено	«%s» is not a model in any IDE — GetModelInfo NULL, silently skipped	«%s» no es un modelo de ningún IDE — GetModelInfo NULL, saltado en silencio
«%s» — модель типа %s, не педа: id попадёт в группу населения, CPopulation::AddPed прочитает CPedModelInfo (m_pHitColModel +0x34 …) из чужой записи → краш при спавне	«%s» is a model of type %s, not a ped: the id lands in a population group, CPopulation::AddPed reads a CPedModelInfo (m_pHitColModel +0x34 …) from a foreign record → crash on spawn	«%s» es un modelo de tipo %s, no un peatón: el id caerá en un grupo de población, CPopulation::AddPed leerá un CPedModelInfo (m_pHitColModel +0x34 …) de un registro ajeno → crash al hacer spawn
58-я группа — m_PedGroups 57×21 (0xC0F358..0xC0FCB2): дальше затираются m_bDontCreateRandomGangMembers … CurrentWorldZone, m_nNumPedsInGroup[60] ложится на m_CarGroups	58th group — m_PedGroups 57×21 (0xC0F358..0xC0FCB2): beyond it m_bDontCreateRandomGangMembers … CurrentWorldZone are overwritten, m_nNumPedsInGroup[60] lands on m_CarGroups	58.º grupo — m_PedGroups 57×21 (0xC0F358..0xC0FCB2): después se sobrescriben m_bDontCreateRandomGangMembers … CurrentWorldZone, m_nNumPedsInGroup[60] cae sobre m_CarGroups
группа банды №%d (ePopcyclePedGroup %d) без ни одной найденной модели — ChooseGangOccupation не спавнит банду	gang group #%d (ePopcyclePedGroup %d) without a single resolved model — ChooseGangOccupation never spawns the gang	grupo de banda n.º %d (ePopcyclePedGroup %d) sin ningún modelo resuelto — ChooseGangOccupation no genera la banda
%d групп вместо 57 — поздние ePopcyclePedGroup (DEALERS 52, SHOPKEEPERS 53, OFFICE_WORKERS 54, HUSBANDS 55, WIVES 56 …) пусты	%d groups instead of 57 — the late ePopcyclePedGroups (DEALERS 52, SHOPKEEPERS 53, OFFICE_WORKERS 54, HUSBANDS 55, WIVES 56 …) are empty	%d grupos en vez de 57 — los ePopcyclePedGroup finales (DEALERS 52, SHOPKEEPERS 53, OFFICE_WORKERS 54, HUSBANDS 55, WIVES 56 …) quedan vacíos
значение %ld (поле %d) вне 0..255 — хранится байтом	value %ld (field %d) outside 0..255 — stored as a byte	valor %ld (campo %d) fuera de 0..255 — se guarda en un byte
%d чисел вместо 24%s — недостающие остаются от предыдущей строки/мусор	%d numbers instead of 24%s — the missing ones keep the previous line's values/garbage	%d números en vez de 24%s — los que faltan conservan los de la línea anterior/basura
 (нечисловой токен среди первых 24)	 (non-numeric token among the first 24)	 (token no numérico entre los 24 primeros)
все 18 процентов групп = 0 — 100/0 → INF, 0·INF = NaN, ftol → 0 у всех, +100 достаётся последней группе: 100 % Aircrew_runway в этом слоте	all 18 group percentages = 0 — 100/0 → INF, 0·INF = NaN, ftol → 0 for all, the +100 goes to the last group: 100 % Aircrew_runway in this slot	los 18 porcentajes de grupo = 0 — 100/0 → INF, 0·INF = NaN, ftol → 0 en todos, el +100 va al último grupo: 100 % Aircrew_runway en este slot
%d строк данных вместо 480 (20 типов зон × будни/выходные × 12 слотов) — LoadLine вернёт NULL на EOF, sscanf(NULL) 0x5BC1E4 → strlen(NULL) → краш при старте	%d data lines instead of 480 (20 zone types × weekday/weekend × 12 slots) — LoadLine returns NULL at EOF, sscanf(NULL) 0x5BC1E4 → strlen(NULL) → crash at startup	%d líneas de datos en vez de 480 (20 tipos de zona × laborables/fin de semana × 12 franjas) — LoadLine devuelve NULL en el EOF, sscanf(NULL) 0x5BC1E4 → strlen(NULL) → crash al arrancar
%d строк данных — читаются первые 480	%d data lines — the first 480 are read	%d líneas de datos — se leen las 480 primeras
заголовок группы «%s»: %s — count не инициализирован: AddAnimAssocDefinition 0x4D3BA0 делает new(count*4)/new(count*0x18) с мусором со стека → bad_alloc/NULL → запись через NULL	group header «%s»: %s — count uninitialised: AddAnimAssocDefinition 0x4D3BA0 does new(count*4)/new(count*0x18) with stack garbage → bad_alloc/NULL → write through NULL	cabecera de grupo «%s»: %s — count sin inicializar: AddAnimAssocDefinition 0x4D3BA0 hace new(count*4)/new(count*0x18) con basura de la pila → bad_alloc/NULL → escritura por NULL
%d токенов вместо 4 (name block type count)	%d tokens instead of 4 (name block type count)	%d tokens en vez de 4 (name block type count)
count «%s» не целое	count «%s» is not an integer	count «%s» no es entero
токен заголовка «%.40s…» длиной %d ≥ 32 — sscanf %%s в 32-байтный буфер стека	header token «%.40s…» of length %d ≥ 32 — sscanf %%s into a 32-byte stack buffer	token de cabecera «%.40s…» de longitud %d ≥ 32 — sscanf %%s en un búfer de pila de 32 bytes
имя группы «%s» длиной %d ≥ 16 — strcpy в 16-байтовое поле: NUL теряется, имя не совпадёт с weapon.dat/peds.ide → далее краш по IFP-12/DAT-12	group name «%s» of length %d ≥ 16 — strcpy into a 16-byte field: the NUL is lost, the name will not match weapon.dat/peds.ide → later crash via IFP-12/DAT-12	nombre de grupo «%s» de longitud %d ≥ 16 — strcpy en un campo de 16 bytes: se pierde el NUL, el nombre no coincidirá con weapon.dat/peds.ide → después crash por IFP-12/DAT-12
имя блока «%s» длиной %d ≥ 16 — strcpy в 16-байтовое поле +0x10	block name «%s» of length %d ≥ 16 — strcpy into the 16-byte field +0x10	nombre de bloque «%s» de longitud %d ≥ 16 — strcpy en el campo de 16 bytes +0x10
группа «%s»: count 0 и сразу end — new(0), пустая группа	group «%s»: count 0 and end right away — new(0), empty group	grupo «%s»: count 0 y end inmediato — new(0), grupo vacío
группа «%s»: %d строк анимаций при count %d — пустые слоты, позиционные AnimId сдвигаются	group «%s»: %d animation lines with count %d — empty slots, positional AnimIds shift	grupo «%s»: %d líneas de animación con count %d — slots vacíos, los AnimId posicionales se desplazan
имя анимации «%.40s…» длиной %d ≥ 32 — переполнение 32-байтного буфера стека	animation name «%.40s…» of length %d ≥ 32 — 32-byte stack buffer overflow	nombre de animación «%.40s…» de longitud %d ≥ 32 — desbordamiento del búfer de pila de 32 bytes
группа «%s»: count 0, но есть строка анимации — AddAnimToAssocDefinition читает указатель из new(0) (мусор кучи) и strcpy через него → краш	group «%s»: count 0 but an animation line follows — AddAnimToAssocDefinition reads a pointer from new(0) (heap garbage) and strcpy's through it → crash	grupo «%s»: count 0 pero hay una línea de animación — AddAnimToAssocDefinition lee un puntero de new(0) (basura del heap) y hace strcpy a través de él → crash
группа «%s»: строк анимаций больше объявленного count %d — AddAnimToAssocDefinition 0x4D3C80 ищет пустой слот без границы → запись за массивом указателей → порча кучи/краш	group «%s»: more animation lines than the declared count %d — AddAnimToAssocDefinition 0x4D3C80 looks for an empty slot unbounded → write past the pointer array → heap corruption/crash	grupo «%s»: más líneas de animación que el count declarado %d — AddAnimToAssocDefinition 0x4D3C80 busca un slot vacío sin límite → escritura fuera del array de punteros → corrupción del heap/crash
строка «%s» похожа на заголовок группы, но группа «%s» не закрыта «end» — она съедается как имя анимации	line «%s» looks like a group header, but group «%s» is not closed with «end» — it is swallowed as an animation name	la línea «%s» parece una cabecera de grupo, pero el grupo «%s» no está cerrado con «end» — se traga como nombre de animación
группа «%s» не закрыта «end» до конца файла	group «%s» is not closed with «end» before the end of the file	el grupo «%s» no está cerrado con «end» antes del final del archivo
%s длиной %d ≥ %d — sscanf %%s в LoadPedObject 0x5B7420 достаёт до адреса возврата → краш при загрузке IDE	%s of length %d ≥ %d — sscanf %%s in LoadPedObject 0x5B7420 reaches the return address → crash while loading the IDE	%s de longitud %d ≥ %d — sscanf %%s en LoadPedObject 0x5B7420 alcanza la dirección de retorno → crash al cargar el IDE
%s длиной %d ≥ %d — переполняет свой слот на стеке, затирает соседние поля строки	%s of length %d ≥ %d — overflows its stack slot, overwrites the neighbouring fields of the line	%s de longitud %d ≥ %d — desborda su slot en la pila, sobrescribe los campos vecinos de la línea
pedType «%s» не из 32 имён (регистр важен) — FindPedType → 32: GetPedFlag(32) = 0, ms_apPedTypes[32] читается за концом массива (маски отношений из мусора кучи)	pedType «%s» is not among the 32 names (case matters) — FindPedType → 32: GetPedFlag(32) = 0, ms_apPedTypes[32] is read past the array (relationship masks from heap garbage)	pedType «%s» no está entre los 32 nombres (importan las mayúsculas) — FindPedType → 32: GetPedFlag(32) = 0, ms_apPedTypes[32] se lee fuera del array (máscaras de relación de basura del heap)
statName «%s» нет среди первых 43 строк pedstats.dat (регистр важен) — GetPedStatType → 16 (STAT_SENSIBLE_GUY)	statName «%s» is not among the first 43 lines of pedstats.dat (case matters) — GetPedStatType → 16 (STAT_SENSIBLE_GUY)	statName «%s» no está entre las 43 primeras líneas de pedstats.dat (importan las mayúsculas) — GetPedStatType → 16 (STAT_SENSIBLE_GUY)
radio%d = %ld вне −1..254 — хранится как u8 после +1	radio%d = %ld outside −1..254 — stored as u8 after +1	radio%d = %ld fuera de −1..254 — se guarda como u8 tras +1
voiceType «%s» не PED_TYPE_GEN/EMG/PLAYER/GANG/GFD/SPC — GetAudioPedType 0x4E3C60 → −1: оба голоса −1, пед немой	voiceType «%s» is not PED_TYPE_GEN/EMG/PLAYER/GANG/GFD/SPC — GetAudioPedType 0x4E3C60 → −1: both voices −1, mute ped	voiceType «%s» no es PED_TYPE_GEN/EMG/PLAYER/GANG/GFD/SPC — GetAudioPedType 0x4E3C60 → −1: ambas voces −1, peatón mudo
voice%d «%s» нет в таблице %s (%d имён, регистр важен) — GetVoice 0x4E3CD0 → −1, пед немой (в ванили так у WMYSGRD, BMYMIB, BMYPIMP)	voice%d «%s» is not in the %s table (%d names, case matters) — GetVoice 0x4E3CD0 → −1, mute ped (vanilla has this for WMYSGRD, BMYMIB, BMYPIMP)	voice%d «%s» no está en la tabla %s (%d nombres, importan las mayúsculas) — GetVoice 0x4E3CD0 → −1, peatón mudo (en vanilla pasa con WMYSGRD, BMYMIB, BMYPIMP)
строка длиннее 255 символов — ReadLine(0x100) режет её, хвост читается как ложная запись	line longer than 255 characters — ReadLine(0x100) cuts it, the tail is read as a bogus record	línea de más de 255 caracteres — ReadLine(0x100) la corta, la cola se lee como un registro falso
строка «%.60s» без номера события (пробельная строка или комментарий тоже) — sscanf("%%s %%d") не заполняет ev: m_EventIndices[мусор со стека] = n → дикая запись → краш	line «%.60s» without an event number (a blank line or a comment too) — sscanf("%%s %%d") leaves ev unset: m_EventIndices[stack garbage] = n → wild write → crash	línea «%.60s» sin número de evento (también una línea de espacios o un comentario) — sscanf("%%s %%d") no rellena ev: m_EventIndices[basura de la pila] = n → escritura salvaje → crash
PedEvent.txt: только строки «EVENT_NAME число» и полностью пустые строки; комментариев формат не знает.	PedEvent.txt: only «EVENT_NAME number» lines and completely empty lines; the format knows no comments.	PedEvent.txt: solo líneas «EVENT_NAME número» y líneas completamente vacías; el formato no conoce comentarios.
имя события длиной %d ≥ 256 — переполнение буфера стека	event name of length %d ≥ 256 — stack buffer overflow	nombre de evento de longitud %d ≥ 256 — desbordamiento del búfer de pila
номер события %ld вне 0..95 — 0x5BBA85 mov [ebx+edx*4],esi в m_EventIndices[96] без проверки: отрицательный → внутрь m_DecisionMakers, ≥ 96 → в default-DM, большой → AV	event number %ld outside 0..95 — 0x5BBA85 mov [ebx+edx*4],esi into m_EventIndices[96] unchecked: negative → into m_DecisionMakers, ≥ 96 → into the default DMs, huge → AV	número de evento %ld fuera de 0..95 — 0x5BBA85 mov [ebx+edx*4],esi en m_EventIndices[96] sin comprobar: negativo → dentro de m_DecisionMakers, ≥ 96 → en los DM por defecto, enorme → AV
42-е событие — CDecisionMaker вмещает 41 CDecision (0x99C = 41×0x3C): загрузчик .ped пишет по dm+n*0x3C в следующий DM того же объекта	42nd event — a CDecisionMaker holds 41 CDecisions (0x99C = 41×0x3C): the .ped loader writes at dm+n*0x3C into the next DM of the same object	42.º evento — un CDecisionMaker contiene 41 CDecision (0x99C = 41×0x3C): el cargador de .ped escribe en dm+n*0x3C en el siguiente DM del mismo objeto
%s не найден — LoadDecisionMaker 0x6076B0 вернёт false, этот decision maker пустой: педы этого типа не реагируют на события	%s not found — LoadDecisionMaker 0x6076B0 returns false, this decision maker is empty: peds of that type do not react to events	%s no encontrado — LoadDecisionMaker 0x6076B0 devuelve false, este decision maker queda vacío: los peatones de ese tipo no reaccionan a los eventos
строка длиннее 511 символов — ReadLine(0x200) режет её на две записи	line longer than 511 characters — ReadLine(0x200) cuts it into two records	línea de más de 511 caracteres — ReadLine(0x200) la corta en dos registros
%d чисел через запятую вместо 80 — один sscanf на 80 конверсий 0x6079B4: остальное = мусор со стека (случайные task id / вероятности)	%d comma-separated numbers instead of 80 — a single sscanf with 80 conversions 0x6079B4: the rest = stack garbage (random task ids / probabilities)	%d números separados por comas en vez de 80 — un único sscanf con 80 conversiones 0x6079B4: el resto = basura de la pila (task id / probabilidades aleatorios)
id события %ld вне 0..95 — 0x607A1D читает m_EventIndices[%ld] за массивом, ×0x3C → CDecision::Set куда угодно → краш	event id %ld outside 0..95 — 0x607A1D reads m_EventIndices[%ld] past the array, ×0x3C → CDecision::Set anywhere → crash	id de evento %ld fuera de 0..95 — 0x607A1D lee m_EventIndices[%ld] fuera del array, ×0x3C → CDecision::Set en cualquier sitio → crash
событие %ld не перечислено в PedEvent.txt — индекс 0: перезаписывается решение первого события (ваниль: 19 таких строк)	event %ld is not listed in PedEvent.txt — index 0: the decision of the first event is overwritten (vanilla: 19 such lines)	el evento %ld no aparece en PedEvent.txt — índice 0: se sobrescribe la decisión del primer evento (vanilla: 19 líneas así)
7-я строка данных — матрица 6×6 (RUBBER HARD ROAD LOOSE SAND WET) полна, запись уходит в surface-записи this+0x90..	7th data line — the 6×6 matrix (RUBBER HARD ROAD LOOSE SAND WET) is full, the write goes into the surface records at this+0x90..	7.ª línea de datos — la matriz 6×6 (RUBBER HARD ROAD LOOSE SAND WET) está llena, la escritura va a los registros de superficie en this+0x90..
строка %d: %d значений, читается ровно %d (лишние игнорируются)	line %d: %d values, exactly %d are read (extras ignored)	línea %d: %d valores, se leen exactamente %d (los sobrantes se ignoran)
строка %d: %d значений вместо %d — недостающие = 0.0 (нулевое трение для пары групп)	line %d: %d values instead of %d — the missing ones = 0.0 (zero friction for that pair of groups)	línea %d: %d valores en vez de %d — los que faltan = 0.0 (fricción cero para ese par de grupos)
строка с именем без пробела после него — значения не разбираются	line with a name and no blank after it — the values are not parsed	línea con nombre sin espacio detrás — los valores no se analizan
%d строк вместо 6 — остальные лимиты сцепления 0	%d lines instead of 6 — the remaining adhesion limits are 0	%d líneas en vez de 6 — el resto de límites de adherencia son 0
%s длиной %d ≥ %d — sscanf %%s достаёт до адреса возврата 0x55EB90 → краш	%s of length %d ≥ %d — sscanf %%s reaches the return address 0x55EB90 → crash	%s de longitud %d ≥ %d — sscanf %%s alcanza la dirección de retorno 0x55EB90 → crash
%s длиной %d ≥ %d — переполняет буфер стека	%s of length %d ≥ %d — overflows the stack buffer	%s de longitud %d ≥ %d — desborda el búfer de pila
поверхность «%s» не из 179 встроенных (регистр важен) — GetSurfaceIdFromName 0x55D220 → 0: свойства строки достаются DEFAULT	surface «%s» is not among the 179 built-ins (case matters) — GetSurfaceIdFromName 0x55D220 → 0: the line's properties go to DEFAULT	la superficie «%s» no está entre las 179 integradas (importan las mayúsculas) — GetSurfaceIdFromName 0x55D220 → 0: las propiedades de la línea van a DEFAULT
Своих поверхностей нет — список имён зашит в exe (DEFAULT … RAILTRACK).	There are no custom surfaces — the name list is built into the exe (DEFAULT … RAILTRACK).	No hay superficies propias — la lista de nombres está en el exe (DEFAULT … RAILTRACK).
%d полей вместо 36 — недостающие = мусор со стека	%d fields instead of 36 — the missing ones = stack garbage	%d campos en vez de 36 — los que faltan = basura de la pila
поле %d «%s» не целое — sscanf останавливается	field %d «%s» is not an integer — sscanf stops	el campo %d «%s» no es entero — sscanf se detiene
tyreGrip/wetGrip не число	tyreGrip/wetGrip is not a number	tyreGrip/wetGrip no es un número
adhesionGroup «%s» не RUBBER/HARD/ROAD/LOOSE/SAND/WET — биты не меняются	adhesionGroup «%s» is not RUBBER/HARD/ROAD/LOOSE/SAND/WET — the bits are left unchanged	adhesionGroup «%s» no es RUBBER/HARD/ROAD/LOOSE/SAND/WET — los bits no cambian
skidmark «%s» не DEFAULT/SANDY/MUDDY	skidmark «%s» is not DEFAULT/SANDY/MUDDY	skidmark «%s» no es DEFAULT/SANDY/MUDDY
frictionEffect «%s» не NONE/SPARKS	frictionEffect «%s» is not NONE/SPARKS	frictionEffect «%s» no es NONE/SPARKS
bulletFx «%s» не NONE/SPARKS/SAND/WOOD/DUST	bulletFx «%s» is not NONE/SPARKS/SAND/WOOD/DUST	bulletFx «%s» no es NONE/SPARKS/SAND/WOOD/DUST
tyreGrip×10 = %.0f вне байта после ftol	tyreGrip×10 = %.0f outside a byte after ftol	tyreGrip×10 = %.0f fuera de un byte tras ftol
имя длиной %d ≥ 64 — sscanf %%s в local_40[64] 0x55F2B0 → краш	name of length %d ≥ 64 — sscanf %%s into local_40[64] 0x55F2B0 → crash	nombre de longitud %d ≥ 64 — sscanf %%s en local_40[64] 0x55F2B0 → crash
поверхность «%s» не из 179 встроенных (регистр важен) — id 0: флаги звука достаются DEFAULT	surface «%s» is not among the 179 built-ins (case matters) — id 0: the sound flags go to DEFAULT	la superficie «%s» no está entre las 179 integradas (importan las mayúsculas) — id 0: los flags de sonido van a DEFAULT
%d полей вместо 10 (имя + 9 флагов CON GRS SND GRV WOD WTR MTL LGS TIL)	%d fields instead of 10 (name + 9 flags CON GRS SND GRV WOD WTR MTL LGS TIL)	%d campos en vez de 10 (nombre + 9 flags CON GRS SND GRV WOD WTR MTL LGS TIL)
%d встроенных поверхностей без строки в surfinfo.dat (%s%s) — свойства нули	%d built-in surfaces without a line in surfinfo.dat (%s%s) — zero properties	%d superficies integradas sin línea en surfinfo.dat (%s%s) — propiedades a cero
%d встроенных поверхностей без строки в surfaud.dat (%s%s) — без класса звука	%d built-in surfaces without a line in surfaud.dat (%s%s) — no sound class	%d superficies integradas sin línea en surfaud.dat (%s%s) — sin clase de sonido
подсекция prices «%s» не из 11 имён (None CarMods CarPaintJobs Furniture Clothes Haircuts Tattoos Gifts Food Weapons Property) — LoadStats ведёт её как model-секцию, LoadPrices по ней не найдёт индекс	prices subsection «%s» is not among the 11 names (None CarMods CarPaintJobs Furniture Clothes Haircuts Tattoos Gifts Food Weapons Property) — LoadStats treats it as a model section, LoadPrices will not find its index	la subsección de prices «%s» no está entre los 11 nombres (None CarMods CarPaintJobs Furniture Clothes Haircuts Tattoos Gifts Food Weapons Property) — LoadStats la trata como sección de modelos, LoadPrices no encontrará su índice
подсекция CarPaintJobs: ключи не присваиваются (0x49B72B), GetKey возвращает константу 2	CarPaintJobs subsection: keys are not assigned (0x49B72B), GetKey returns the constant 2	subsección CarPaintJobs: las claves no se asignan (0x49B72B), GetKey devuelve la constante 2
имя магазина «%s» длиной %d ≥ 24 — не совпадёт с FindSection из скрипта (ms_shopLoaded[24]): магазин пустой	shop name «%s» of length %d ≥ 24 — will not match the FindSection from the script (ms_shopLoaded[24]): empty shop	nombre de tienda «%s» de longitud %d ≥ 24 — no coincidirá con el FindSection del script (ms_shopLoaded[24]): tienda vacía
«end» без открытой секции — FindSection теряет глубину: следующие строки относятся не к той секции	«end» without an open section — FindSection loses the depth: the following lines belong to the wrong section	«end» sin sección abierta — FindSection pierde la profundidad: las líneas siguientes se asignan a la sección equivocada
561-й предмет под prices — ms_keys[560] 0xA97D90 полон, дальше затираются ms_priceModifiers/ms_bHasBought/ms_statModifiers	561st item under prices — ms_keys[560] 0xA97D90 is full, beyond it ms_priceModifiers/ms_bHasBought/ms_statModifiers are overwritten	561.º artículo bajo prices — ms_keys[560] 0xA97D90 lleno, después se sobrescriben ms_priceModifiers/ms_bHasBought/ms_statModifiers
301-й предмет в подсекции %s — ms_prices[300] = ms_numBuyableItems: LoadPrices затирает счётчик	301st item in subsection %s — ms_prices[300] = ms_numBuyableItems: LoadPrices overwrites the counter	301.º artículo en la subsección %s — ms_prices[300] = ms_numBuyableItems: LoadPrices sobrescribe el contador
%d токенов вместо %d для подсекции %s — strtok вернёт NULL → atol(NULL)/GetUppercaseKey(NULL) → краш (%s)	%d tokens instead of %d for subsection %s — strtok returns NULL → atol(NULL)/GetUppercaseKey(NULL) → crash (%s)	%d tokens en vez de %d para la subsección %s — strtok devuelve NULL → atol(NULL)/GetUppercaseKey(NULL) → crash (%s)
уже в LoadStats при старте	already in LoadStats at startup	ya en LoadStats al arrancar
в LoadPrices при открытии магазина	in LoadPrices when the shop opens	en LoadPrices al abrir la tienda
nametag «%s» длиннее 7 — strncpy(…,8) без NUL: GXT-метка читается в следующее поле	nametag «%s» longer than 7 — strncpy(…,8) without NUL: the GXT label is read into the next field	nametag «%s» de más de 7 — strncpy(…,8) sin NUL: la etiqueta GXT se lee hasta el campo siguiente
стат «%s» не fat/respect/sexy/health/stamina/calories/- (точно) — −1, без изменения	stat «%s» is not fat/respect/sexy/health/stamina/calories/- (exact) — −1, no change	la estadística «%s» no es fat/respect/sexy/health/stamina/calories/- (exacto) — −1, sin cambio
изменение стата «%s» не целое (atol → 0)	stat change «%s» is not an integer (atol → 0)	el cambio de estadística «%s» no es entero (atol → 0)
изменение стата %ld вне −128..127 (int8)	stat change %ld outside −128..127 (int8)	cambio de estadística %ld fuera de −128..127 (int8)
цена «%s» не целое	price «%s» is not an integer	el precio «%s» no es entero
«%s» не имя типа оружия — FindWeaponType → 0 UNARMED: покупка ничего не даёт, все неизвестные делят ключ 0	«%s» is not a weapon type name — FindWeaponType → 0 UNARMED: buying gives nothing, every unknown shares key 0	«%s» no es un nombre de tipo de arma — FindWeaponType → 0 UNARMED: la compra no da nada, todos los desconocidos comparten la clave 0
ammo «%s» не целое	ammo «%s» is not an integer	ammo «%s» no es entero
type «%s» не целое	type «%s» is not an integer	type «%s» no es entero
type1 «%s» не целое и не «-»	type1 «%s» is neither an integer nor «-»	type1 «%s» no es entero ni «-»
«%s» (подсекция %s) не имя модели ни в одном IDE — GetModelInfo → ключ −1; все нерезолвленные делят ключ −1	«%s» (subsection %s) is not a model name in any IDE — GetModelInfo → key −1; every unresolved item shares key −1	«%s» (subsección %s) no es un nombre de modelo de ningún IDE — GetModelInfo → clave −1; todos los no resueltos comparten la clave −1
«type» без имени — strcpy(NULL) → краш при открытии магазина	«type» without a name — strcpy(NULL) → crash when the shop opens	«type» sin nombre — strcpy(NULL) → crash al abrir la tienda
токен type «%s» длиной %d ≥ 32 — strcpy в local_20[32] → краш	type token «%s» of length %d ≥ 32 — strcpy into local_20[32] → crash	token type «%s» de longitud %d ≥ 32 — strcpy en local_20[32] → crash
type «%s» не из 11 имён price-секций — GetPriceSectionFromName → −1 → ms_sectionNames[−1] = 0xFFFF → _stricmp по адресу 0xFFFF в GetAnimationBlock → краш при открытии магазина	type «%s» is not among the 11 price section names — GetPriceSectionFromName → −1 → ms_sectionNames[−1] = 0xFFFF → _stricmp at address 0xFFFF in GetAnimationBlock → crash when the shop opens	type «%s» no está entre los 11 nombres de sección de precios — GetPriceSectionFromName → −1 → ms_sectionNames[−1] = 0xFFFF → _stricmp en la dirección 0xFFFF en GetAnimationBlock → crash al abrir la tienda
type «%s»: такой подсекции нет под prices — FindSection доходит до end блока prices и LoadPrices читает следующие строки (section shops …) как предметы: strtok(NULL) → atol(NULL) → краш при открытии магазина	type «%s»: no such subsection under prices — FindSection reaches the end of the prices block and LoadPrices reads the following lines (section shops …) as items: strtok(NULL) → atol(NULL) → crash when the shop opens	type «%s»: no existe esa subsección bajo prices — FindSection llega al end del bloque prices y LoadPrices lee las líneas siguientes (section shops …) como artículos: strtok(NULL) → atol(NULL) → crash al abrir la tienda
Добавь под prices пустую «section <имя>» … «end» или поправь type.	Add an empty «section <name>» … «end» under prices, or fix the type.	Añade bajo prices una «section <nombre>» … «end» vacía o corrige el type.
301-й item в магазине — ms_shopContents[300] = ms_priceSectionLoaded	301st item in the shop — ms_shopContents[300] = ms_priceSectionLoaded	301.º item en la tienda — ms_shopContents[300] = ms_priceSectionLoaded
item «%s» до строки type — ключ считается по предыдущей секции (или None): цена никогда не совпадёт	item «%s» before the type line — the key is computed from the previous section (or None): the price never matches	item «%s» antes de la línea type — la clave se calcula con la sección anterior (o None): el precio nunca coincidirá
item «%s» нет в подсекции prices/%s — предмет без цены	item «%s» is not in the prices/%s subsection — item without a price	item «%s» no está en la subsección prices/%s — artículo sin precio
%d секций не закрыто «end» до конца файла (последняя: %s)	%d sections not closed with «end» before the end of the file (last: %s)	%d secciones sin cerrar con «end» al final del archivo (última: %s)
нет верхней «section prices» — LoadStats ничего не загружает, все магазины пусты	no top-level «section prices» — LoadStats loads nothing, every shop is empty	no hay «section prices» de nivel superior — LoadStats no carga nada, todas las tiendas quedan vacías
129-я строка — StatMessage[128] (0xB78200..0xB78A00) полон: затирается LastMissionPassedName и далее статистика сейва	129th line — StatMessage[128] (0xB78200..0xB78A00) is full: LastMissionPassedName and the save statistics after it are overwritten	129.ª línea — StatMessage[128] (0xB78200..0xB78A00) lleno: se sobrescribe LastMissionPassedName y a continuación las estadísticas de la partida guardada
%d токенов вместо 5 (statId statName condition value gxt)	%d tokens instead of 5 (statId statName condition value gxt)	%d tokens en vez de 5 (statId statName condition value gxt)
statId «%s» не целое	statId «%s» is not an integer	statId «%s» no es entero
statId %ld не в 0..81 / 120..343 — GetStatValue 0x558E40 читает вне таблиц статов	statId %ld not in 0..81 / 120..343 — GetStatValue 0x558E40 reads outside the stat tables	statId %ld no está en 0..81 / 120..343 — GetStatValue 0x558E40 lee fuera de las tablas de estadísticas
statName длиной %d ≥ 80 — до EBP/ret → краш	statName of length %d ≥ 80 — up to EBP/ret → crash	statName de longitud %d ≥ 80 — hasta EBP/ret → crash
condition длиной %d ≥ 92 — краш	condition of length %d ≥ 92 — crash	condition de longitud %d ≥ 92 — crash
condition длиной %d ≥ 12 — переполняет слот (уходит в statName, который не используется)	condition of length %d ≥ 12 — overflows the slot (into statName, which is unused)	condition de longitud %d ≥ 12 — desborda el slot (se mete en statName, que no se usa)
condition «%s» не lessthan/morethan (точно) — считается lessthan	condition «%s» is not lessthan/morethan (exact) — treated as lessthan	condition «%s» no es lessthan/morethan (exacto) — se considera lessthan
value «%s» не число	value «%s» is not a number	value «%s» no es un número
GXT-метка «%s» длиннее 7 — strcpy в 8 байт entry+8 затирает statId следующей записи	GXT label «%s» longer than 7 — strcpy into 8 bytes at entry+8 overwrites the statId of the next entry	etiqueta GXT «%s» de más de 7 — strcpy en 8 bytes en entry+8 sobrescribe el statId de la entrada siguiente
%d токенов вместо 3 (id name value)	%d tokens instead of 3 (id name value)	%d tokens en vez de 3 (id name value)
id «%s» не целое	id «%s» is not an integer	id «%s» no es entero
id %ld вне 0..59 — StatReactionValue[id] (0xB78F10..0xB79000): 60..123 попадают в StatTypesInt, больше — куда угодно	id %ld outside 0..59 — StatReactionValue[id] (0xB78F10..0xB79000): 60..123 land in StatTypesInt, larger anywhere	id %ld fuera de 0..59 — StatReactionValue[id] (0xB78F10..0xB79000): 60..123 caen en StatTypesInt, mayores en cualquier sitio
имя длиной %d ≥ 80 — 0x5599B0: name E+0xC, ret E+0x5C → краш	name of length %d ≥ 80 — 0x5599B0: name E+0xC, ret E+0x5C → crash	nombre de longitud %d ≥ 80 — 0x5599B0: name E+0xC, ret E+0x5C → crash
%d id из 0..58 отсутствуют — значение реакции 0, действие не обновляет стат	%d ids from 0..58 missing — reaction value 0, that action never updates the stat	faltan %d id de 0..58 — valor de reacción 0, esa acción no actualiza la estadística
%d-я строка данных — ms_apPedStats[NUM_PEDSTATS = %d] заполняется по порядку, лишняя пишется за массивом	data line %d — ms_apPedStats[NUM_PEDSTATS = %d] is filled in order, the extra one is written past the array	línea de datos %d — ms_apPedStats[NUM_PEDSTATS = %d] se rellena en orden, la sobrante se escribe fuera del array
имя длиной %d ≥ 24 — strcpy в m_name[24] затирает соседние поля	name of %d chars ≥ 24 — strcpy into m_name[24] overwrites the neighbouring fields	nombre de %d caracteres ≥ 24 — strcpy en m_name[24] sobrescribe los campos vecinos
%d полей вместо 10 (name fleeDist headingChangeRate fear temper lawfulness sexiness attack defend shootingRate) — недостающие = мусор	%d fields instead of 10 (name fleeDist headingChangeRate fear temper lawfulness sexiness attack defend shootingRate) — the missing ones = garbage	%d campos en lugar de 10 (name fleeDist headingChangeRate fear temper lawfulness sexiness attack defend shootingRate) — los que faltan = basura
%d строк вместо %d — статы адресуются по позиции, недостающие остаются нулями	%d lines instead of %d — stats are addressed by position, the missing ones stay zero	%d líneas en lugar de %d — las estadísticas se direccionan por posición, las que faltan quedan en cero
«%s» не модель ни в одном IDE — GetModelInfo не трогает слот, в группе остаётся id предыдущей загрузки (0 = %s) → спавн не-педа → краш	«%s» is not a model in any IDE — GetModelInfo leaves the slot alone, the group keeps the id from the previous load (0 = %s) → a non-ped spawns → crash	«%s» no es un modelo en ningún IDE — GetModelInfo no toca la ranura, el grupo conserva el id de la carga anterior (0 = %s) → aparece un no-ped → cierre
«%s» — модель типа %s, не педа: CPopulation::AddPed прочитает CPedModelInfo из чужой записи → краш при спавне	«%s» is a model of type %s, not a ped: CPopulation::AddPed reads CPedModelInfo from a foreign record → crash on spawn	«%s» es un modelo de tipo %s, no un ped: CPopulation::AddPed lee CPedModelInfo de un registro ajeno → cierre al aparecer
%d имён вместо %d — группа не засчитывается (nextPedGroup не растёт), следующая строка ложится поверх неё: все группы ниже сдвигаются	%d names instead of %d — the group does not count (nextPedGroup does not advance), the next line lands on top of it: every group below shifts	%d nombres en lugar de %d — el grupo no cuenta (nextPedGroup no avanza), la línea siguiente cae encima: todos los grupos posteriores se desplazan
%d-я группа — ms_pPedGroups[NUMPEDGROUPS = %d] переполняется	group %d — ms_pPedGroups[NUMPEDGROUPS = %d] overflows	grupo %d — ms_pPedGroups[NUMPEDGROUPS = %d] se desborda
%d групп вместо %d — поздние группы населения пусты (модель 0)	%d groups instead of %d — the later population groups are empty (model 0)	%d grupos en lugar de %d — los grupos de población posteriores están vacíos (modelo 0)
pedType «%s» не из 21 имени (регистр важен) — FindPedType → NUM_PEDTYPES, флаги отношений читаются за массивом ms_apPedType	pedType «%s» is not one of the 21 names (case-sensitive) — FindPedType → NUM_PEDTYPES, relationship flags are read past the ms_apPedType array	pedType «%s» no es uno de los 21 nombres (distingue mayúsculas) — FindPedType → NUM_PEDTYPES, los flags de relación se leen fuera del array ms_apPedType
statName «%s» нет среди %d строк pedstats.dat (регистр важен) — GetPedStatType → NUM_PEDSTATS, ms_apPedStats[%d] за массивом → краш при спавне педа	statName «%s» is not among the %d lines of pedstats.dat (case-sensitive) — GetPedStatType → NUM_PEDSTATS, ms_apPedStats[%d] past the array → crash when the ped spawns	statName «%s» no está entre las %d líneas de pedstats.dat (distingue mayúsculas) — GetPedStatType → NUM_PEDSTATS, ms_apPedStats[%d] fuera del array → cierre al aparecer el ped
animGroup «%s» не из %d встроенных (регистр важен) — m_animGroup = NUM_ANIM_ASSOC_GROUPS, CAnimManager читает ассоциации за таблицей → краш при спавне	animGroup «%s» is not one of the %d built-in ones (case-sensitive) — m_animGroup = NUM_ANIM_ASSOC_GROUPS, CAnimManager reads associations past the table → crash on spawn	animGroup «%s» no es uno de los %d integrados (distingue mayúsculas) — m_animGroup = NUM_ANIM_ASSOC_GROUPS, CAnimManager lee asociaciones fuera de la tabla → cierre al aparecer
carsCanDrive «%s» — читается как hex (%%x)	carsCanDrive «%s» — read as hex (%%x)	carsCanDrive «%s» — se lee como hex (%%x)
peds: %d полей вместо 10 (id model txd pedType stat animGroup cars animFile radio1 radio2) — хвост со стека	peds: %d fields instead of 10 (id model txd pedType stat animGroup cars animFile radio1 radio2) — the tail comes from the stack	peds: %d campos en lugar de 10 (id model txd pedType stat animGroup cars animFile radio1 radio2) — la cola viene de la pila
animFile «%s» — такого IFP нет в IMG: GetAnimationBlockIndex → −1, блок анимаций не запрашивается (ваниль: «man» у обычных педов)	animFile «%s» — no such IFP in the IMG: GetAnimationBlockIndex → −1, the animation block is not requested (vanilla: «man» on ordinary peds)	animFile «%s» — no existe tal IFP en el IMG: GetAnimationBlockIndex → −1, el bloque de animaciones no se solicita (vanilla: «man» en los peds normales)
animFile ≥ 16 символов — переполняет буфер LoadPedObject	animFile ≥ 16 characters — overflows the LoadPedObject buffer	animFile ≥ 16 caracteres — desborda el búfer de LoadPedObject
peds: %d полей вместо 7 (id model txd pedType stat animGroup carsCanDrive) — хвост со стека	peds: %d fields instead of 7 (id model txd pedType stat animGroup carsCanDrive) — the tail comes from the stack	peds: %d campos en lugar de 7 (id model txd pedType stat animGroup carsCanDrive) — la cola viene de la pila
Педы: pedstats / pedgrp / IDE	Peds: pedstats / pedgrp / IDE	Peds: pedstats / pedgrp / IDE
Педы: ped.dat / pedstats / pedgrp / popcycle / decision / surfaces / shopping / stats	Peds: ped.dat / pedstats / pedgrp / popcycle / decision / surfaces / shopping / stats	Peatones: ped.dat / pedstats / pedgrp / popcycle / decision / surfaces / shopping / stats
DFF не объявлен ни в одной IDE и не назван в скриптах	DFF not declared in any IDE and not named in the scripts	DFF no declarado en ningún IDE ni nombrado en los scripts
TXD не использует ни одна модель	TXD used by no model	TXD que ningún modelo usa
COL: ни одна запись не совпала с моделью из IDE	COL: no entry matched a model from the IDEs	COL: ninguna entrada coincidió con un modelo de los IDE
IFP не упомянут ни в animgrp.dat, ни в IDE, ни в скриптах	IFP not mentioned in animgrp.dat, any IDE or the scripts	IFP no mencionado en animgrp.dat, en ningún IDE ni en los scripts
дальность отрисовки %g меньше радиуса модели %.1f м — объект пропадает, пока камера ещё рядом с ним или внутри	draw distance %g is below the model radius %.1f m — the object vanishes while the camera is still next to it or inside	la distancia de dibujado %g es menor que el radio del modelo %.1f m — el objeto desaparece cuando la cámara aún está a su lado o dentro
Дальность считается до центра модели: ставь её больше радиуса (обычно 1.5–3 радиуса; крупные объекты — LOD со своей дальностью). «Исправить: авто» ставит 2 × радиус.	The distance is measured to the model centre: set it above the radius (usually 1.5–3 radii; large objects get a LOD with its own distance). «Fix: auto» sets 2 × radius.	La distancia se mide al centro del modelo: ponla por encima del radio (normalmente 1.5–3 radios; los objetos grandes llevan un LOD con su propia distancia). «Corregir: auto» pone 2 × radio.
дальность %g > 300 при радиусе %.1f м — SA заводит такой объект как big building (SetupBigBuilding): рисуется в проходе LOD-ов и запрашивается с 300 м, как большие здания	distance %g > 300 at radius %.1f m — SA files such an object as a big building (SetupBigBuilding): drawn in the LOD pass and requested from 300 m like the large buildings	distancia %g > 300 con radio %.1f m — SA registra ese objeto como big building (SetupBigBuilding): se dibuja en la pasada de LOD y se pide desde 300 m como los edificios grandes
Мелким объектам ≤ 300; далеко видимое делай парой модель + LOD.	Small objects ≤ 300; things seen from afar are a model + LOD pair.	Objetos pequeños ≤ 300; lo que se ve de lejos, par modelo + LOD.
…и ещё %d моделей с дальностью меньше радиуса	…and %d more models with a distance below their radius	…y %d modelos más con distancia menor que el radio
…и ещё %d мелких моделей с дальностью > 300	…and %d more small models with a distance > 300	…y %d modelos pequeños más con distancia > 300
%d полей вместо 14 — строка разобрана не полностью, недостающие параметры = мусор	%d fields instead of 14 — the line is parsed partially, the missing parameters are garbage	%d campos en vez de 14 — la línea se lee a medias, los parámetros que faltan son basura
поверхность «%s» не из 179 встроенных (регистр важен) — GetSurfaceIdFromName даёт 0: объекты будут расти на DEFAULT-поверхностях	surface «%s» is not one of the 179 built-in ones (case matters) — GetSurfaceIdFromName gives 0: the objects will grow on DEFAULT surfaces	la superficie «%s» no es una de las 179 integradas (importan mayúsculas) — GetSurfaceIdFromName da 0: los objetos crecerán en superficies DEFAULT
модель «%s» не объявлена ни в одной IDE — CModelInfo::GetModelInfo не найдёт её, при появлении объектов на поверхности «%s» вероятен краш	model «%s» is not declared in any IDE — CModelInfo::GetModelInfo will not find it; a crash is likely when objects appear on surface «%s»	el modelo «%s» no está declarado en ningún IDE — CModelInfo::GetModelInfo no lo encontrará; es probable un crash cuando aparezcan objetos en la superficie «%s»
Объяви модель в IDE (objs) или убери строку.	Declare the model in an IDE (objs) or drop the line.	Declara el modelo en un IDE (objs) o quita la línea.
spacing %g ≤ 0 — деление на шаг сетки	spacing %g ≤ 0 — division by the grid step	spacing %g ≤ 0 — división por el paso de la rejilla
%d строк — таблица CProcObjectMan рассчитана на 200 (лишние отброшены)	%d lines — the CProcObjectMan table holds 200 (the rest are dropped)	%d líneas — la tabla de CProcObjectMan admite 200 (el resto se descarta)
Ориентир: в DXT со стороной ≤ 1024 этот TXD весил бы ~%.1f МБ, ≤ 512 — ~%.1f МБ (сейчас %.1f МБ%s; самая тяжёлая текстура — «%s», %.1f МБ). Для обычных объектов хватает 512, для крупных стен/земли — 1024. «Диета TXD» в Настройках делает это автоматически.	Guide: in DXT with sides ≤ 1024 this TXD would weigh ~%.1f MB, ≤ 512 — ~%.1f MB (now %.1f MB%s; heaviest texture — «%s», %.1f MB). 512 is enough for ordinary objects, 1024 for large walls/terrain. «TXD diet» in Settings does this automatically.	Orientación: en DXT con lados ≤ 1024 este TXD pesaría ~%.1f MB, ≤ 512 — ~%.1f MB (ahora %.1f MB%s; la textura más pesada — «%s», %.1f MB). Para objetos normales basta 512, para muros/terreno grandes — 1024. «Dieta TXD» en Ajustes lo hace automáticamente.
, несжатых текстур %d	, uncompressed textures %d	, texturas sin comprimir %d
TXD занимает %.1f МБ в памяти (%d текстур со стороной ≥ 1024, моделей %d) — один словарь съедает заметную часть бюджета стриминга, его загрузка = фриз	the TXD takes %.1f MB in memory (%d textures with a side ≥ 1024, %d models) — one dictionary eats a good part of the streaming budget, loading it is a freeze	el TXD ocupa %.1f MB en memoria (%d texturas con lado ≥ 1024, %d modelos) — un solo diccionario se come buena parte del presupuesto de streaming, cargarlo es un parón
TXD занимает %.1f МБ в памяти (%d текстур ≥ 1024², моделей %d) — тяжёлый словарь, подгрузка заметна	the TXD takes %.1f MB in memory (%d textures ≥ 1024², %d models) — a heavy dictionary, its loading is noticeable	el TXD ocupa %.1f MB en memoria (%d texturas ≥ 1024², %d modelos) — diccionario pesado, su carga se nota
TXD занимает %.1f МБ в памяти (%d текстур ≥ 1024²)	the TXD takes %.1f MB in memory (%d textures ≥ 1024²)	el TXD ocupa %.1f MB en memoria (%d texturas ≥ 1024²)
размещённые модели весят в архивах: DFF %.0f МБ + TXD %.0f МБ (стриминг держит в памяти только видимое)	the placed models weigh in the archives: DFF %.0f MB + TXD %.0f MB (streaming keeps only what is visible)	los modelos colocados pesan en los archivos: DFF %.0f MB + TXD %.0f MB (el streaming solo mantiene en memoria lo visible)
«%s» целиком под водой: верх объекта (%.1f) на %.1f м ниже уровня воды %.1f — если это не дно/риф, ошибка в Z	«%s» is entirely under water: the top of the object (%.1f) is %.1f m below the water level %.1f — unless it is the seabed or a reef, the Z is wrong	«%s» está entero bajo el agua: la parte alta del objeto (%.1f) queda %.1f m por debajo del nivel del agua %.1f — si no es fondo/arrecife, la Z está mal
…и ещё %d объектов под водой	…and %d more objects under water	…y %d objetos más bajo el agua
сектор x %d..%d, y %d..%d: %d объектов в 50×50 м (в ванили не больше ~80) — списки сектора и рендер этого квадрата тормозят; больше всего кладут: %s	sector x %d..%d, y %d..%d: %d objects in 50×50 m (vanilla has no more than ~80) — the sector lists and the rendering of this square stall; the biggest contributors: %s	sector x %d..%d, y %d..%d: %d objetos en 50×50 m (en vanilla no más de ~80) — las listas del sector y el render de este cuadrado se atascan; los que más aportan: %s
Объединяй мелочь в одну модель, лишние копии убери. Кнопка «Показать IPL в 3D» оставляет в 3D только объекты этого IPL и летит к сектору; тепловая карта — в панели «Карта».	Merge small props into one model, drop redundant copies. The «Show IPL in 3D» button keeps only this IPL's objects in 3D and flies to the sector; the heat map is in the «Map» panel.	Une los objetos pequeños en un modelo, quita las copias sobrantes. El botón «Mostrar IPL en 3D» deja en 3D solo los objetos de este IPL y vuela al sector; el mapa de calor está en el panel «Mapa».
…и ещё %d перегруженных секторов	…and %d more overloaded sectors	…y %d sectores sobrecargados más
самое тяжёлое место карты: около (%d, %d) в радиусе видимости %d объектов на %.0f МБ моделей и текстур%s (самый нагруженный сектор — %d объектов); в 150 м больше всего объектов из: %s	heaviest spot of the map: around (%d, %d), %d objects within view range on %.0f MB of models and textures%s (busiest sector — %d objects); within 150 m most objects come from: %s	el lugar más pesado del mapa: cerca de (%d, %d), %d objetos en el radio de visión con %.0f MB de modelos y texturas%s (el sector más cargado — %d objetos); en 150 m la mayoría de objetos vienen de: %s
 — больше стандартного бюджета стриминга, будут подгрузки и пропадания	 — more than the standard streaming budget: loading hitches and vanishing models	 — más que el presupuesto estándar de streaming: tirones de carga y modelos que desaparecen
Тепловая карта нагрузки — в панели «Карта» (слой «стриминг»); «Показать IPL в 3D» оставляет в 3D объекты одного файла и летит к месту.	Load heat map — «Map» panel (the «streaming» layer); «Show IPL in 3D» keeps one file's objects in 3D and flies to the spot.	Mapa de calor de carga — panel «Mapa» (capa «streaming»); «Mostrar IPL en 3D» deja en 3D los objetos de un archivo y vuela al lugar.
зона «%s»: gxt-имени «%s» нет в MAIN american.gxt — название района на экране будет пустым	zone «%s»: the gxt name «%s» is not in MAIN of american.gxt — the area name on screen will be blank	zona «%s»: el nombre gxt «%s» no está en MAIN de american.gxt — el nombre de la zona en pantalla saldrá vacío
Добавь ключ в GXT (таблица MAIN) или используй существующий.	Add the key to the GXT (MAIN table) or use an existing one.	Añade la clave al GXT (tabla MAIN) o usa una existente.
машина «%s»: gxt-имени «%s» нет в MAIN american.gxt — при посадке название не покажется	vehicle «%s»: the gxt name «%s» is not in MAIN of american.gxt — no name will show when entering it	vehículo «%s»: el nombre gxt «%s» no está en MAIN de american.gxt — al subir no se mostrará el nombre
…и ещё %d имён без ключа GXT	…and %d more names without a GXT key	…y %d nombres más sin clave GXT
«%s» есть в %d модах (%s) — modloader берёт версию из «%s» (приоритет %d), остальные молча проигнорированы	«%s» exists in %d mods (%s) — modloader takes the copy from «%s» (priority %d), the others are silently ignored	«%s» está en %d mods (%s) — modloader toma la copia de «%s» (prioridad %d), las demás se ignoran en silencio
Если нужна другая — подними приоритет мода в modloader.ini или убери дубликат.	If another one is wanted, raise that mod's priority in modloader.ini or remove the duplicate.	Si quieres otra, sube la prioridad de ese mod en modloader.ini o quita el duplicado.
…и ещё %d файлов с конфликтом модов	…and %d more files with a mod conflict	…y %d archivos más con conflicto de mods
%s (%u КБ)	%s (%u KB)	%s (%u KB)
%d файлов в архивах ни на что не ссылаются (%.1f МБ) — список с размерами: кнопка «Лишнее»; special-модели main.scm грузятся по имени и тоже попадают сюда	%d files in the archives are referenced by nothing (%.1f MB) — the list with sizes: the «Unused» button; special models of main.scm are loaded by name and land here too	%d archivos de los archivos IMG no son referenciados por nada (%.1f MB) — la lista con tamaños: botón «Sobrante»; los modelos especiales de main.scm se cargan por nombre y también caen aquí
«%s» стоит дважды в точке (%.1f, %.1f, %.1f): вторая копия в %s:%d — z-fighting, двойная коллизия, двойной вес	«%s» stands twice at (%.1f, %.1f, %.1f): the second copy is in %s:%d — z-fighting, double collision, double weight	«%s» está dos veces en (%.1f, %.1f, %.1f): la segunda copia está en %s:%d — z-fighting, colisión doble, peso doble
Удали одну из копий (обычно та, что пришла из второго мода / IPL).	Remove one of the copies (usually the one from the second mod / IPL).	Quita una de las copias (normalmente la que vino del segundo mod / IPL).
«%s» стоит дважды в точке (%.1f, %.1f, %.1f): это первая копия, дубль в %s:%d	«%s» stands twice at (%.1f, %.1f, %.1f): this is the first copy, the duplicate is in %s:%d	«%s» está dos veces en el punto (%.1f, %.1f, %.1f): esta es la primera copia, el duplicado está en %s:%d
…и ещё %d двойных расстановок	…and %d more double placements	…y %d colocaciones dobles más
Качество: альфа текстур	Quality: texture alpha	Calidad: alfa de texturas
текстура «%s» с плавной альфой (полупрозрачные пиксели), а у модели нет флага прозрачности (4/8) в IDE — рисуется в непрозрачном проходе: полупрозрачные части (стекло, тени) могут стать ступенчатыми или чёрными и перекрывать объекты позади	texture «%s» has smooth alpha (semi-transparent pixels) and the model has no transparency flag (4/8) in the IDE — drawn in the opaque pass: the translucent parts (glass, shadows) may turn stepped or black and cover what is behind	la textura «%s» tiene alfa suave (píxeles semitransparentes) y el modelo no tiene flag de transparencia (4/8) en el IDE — se dibuja en la pasada opaca: las partes translúcidas (cristal, sombras) pueden salir escalonadas o negras y tapar lo de detrás
Поставь флаг 4 (alpha 1) — кнопка «Исправить: авто» добавит его в строку IDE. Жёсткие вырезы (листва, решётки) флага не требуют — их режет alpha test.	Set flag 4 (alpha 1) — «Fix: auto» adds it to the IDE line. Hard cut-outs (leaves, grilles) need no flag — the alpha test handles them.	Pon el flag 4 (alpha 1) — «Corregir: auto» lo añade a la línea del IDE. Los recortes duros (hojas, rejas) no necesitan flag — los resuelve el alpha test.
флаг прозрачности в IDE, но ни одна текстура модели не имеет альфы — лишняя сортировка в alpha-списке	transparency flag in the IDE, but no texture of the model has alpha — needless sorting in the alpha list	flag de transparencia en el IDE, pero ninguna textura del modelo tiene alfa — ordenación inútil en la lista alfa
…и ещё %d моделей с альфой без флага	…and %d more models with alpha and no flag	…y %d modelos más con alfa sin flag
%d из %d текстур не использует ни одна из %d моделей этого TXD (%u КБ): %s%s — игра ищет текстуры только в TXD модели и его txdp-родителях, копии тех же имён в других словарях не считаются	%d of %d textures are used by none of the %d models of this TXD (%u KB): %s%s — the game looks for textures only in the model's TXD and its txdp parents, same-name copies in other dictionaries do not count	%d de %d texturas no las usa ninguno de los %d modelos de este TXD (%u KB): %s%s — el juego busca texturas solo en el TXD del modelo y sus padres txdp, las copias del mismo nombre en otros diccionarios no cuentan
Удали лишние текстуры из TXD — они грузятся в память вместе со словарём. «Исправить» удаляет их из файла (оригинал остаётся в бэкапе).	Remove the unused textures from the TXD — they are loaded into memory with the dictionary. «Fix» deletes them from the file (the original stays in the backup).	Elimina las texturas sobrantes del TXD — se cargan en memoria junto con el diccionario. «Corregir» las borra del archivo (el original queda en la copia de seguridad).
мёртвых текстур в TXD: %.1f МБ суммарно в %d словарях	dead textures in TXDs: %.1f MB in total across %d dictionaries	texturas muertas en TXD: %.1f MB en total en %d diccionarios
текстура «%s» (%u КБ) лежит в %d разных TXD — в памяти по копии на каждый словарь, лишних %.1f МБ	texture «%s» (%u KB) lies in %d different TXDs — a copy in memory per dictionary, %.1f MB wasted	la textura «%s» (%u KB) está en %d TXD distintos — una copia en memoria por diccionario, %.1f MB de más
Вынеси общие текстуры в один TXD и подключи его родителем через txdp (или в generic.txd).	Move shared textures into one TXD and attach it as a parent via txdp (or into generic.txd).	Lleva las texturas comunes a un solo TXD y engánchalo como padre con txdp (o a generic.txd).
%d текстур повторяются в ≥ 5 словарях — лишних %.1f МБ в памяти при полной загрузке	%d textures repeat in ≥ 5 dictionaries — %.1f MB wasted in memory when all are loaded	%d texturas se repiten en ≥ 5 diccionarios — %.1f MB de más en memoria con todo cargado
запись «%s» (сектор %u, %u сект.) накладывается на «%s» (сектор %u, %u сект.) — они делят байты: перезапись одной портит другую, стриминг читает чужой хвост	entry «%s» (sector %u, %u sectors) overlaps «%s» (sector %u, %u sectors) — they share bytes: rewriting one corrupts the other, streaming reads a foreign tail	la entrada «%s» (sector %u, %u sect.) se solapa con «%s» (sector %u, %u sect.) — comparten bytes: reescribir una corrompe la otra, el streaming lee una cola ajena
Пересобери архив (IMG Tool / Modloader-папка вместо правки на месте).	Rebuild the archive (IMG Tool / a modloader folder instead of editing in place).	Reconstruye el archivo (IMG Tool / carpeta de modloader en vez de editar en el sitio).
…и ещё %d наложений записей	…and %d more overlapping entries	…y %d solapamientos más
между записями %.1f МБ неиспользуемых секторов (после удалений/замен) — архив можно ужать пересборкой	%.1f MB of unused sectors between entries (after deletions / replacements) — a rebuild would shrink the archive	%.1f MB de sectores sin usar entre entradas (tras borrados / reemplazos) — reconstruir el archivo lo reduciría
Качество: опора объектов	Quality: object support	Calidad: apoyo de los objetos
«%s» висит в воздухе: низ объекта на %.1f м выше ближайшей опоры (коллизии соседей / воды) под точкой (%.1f, %.1f)	«%s» hangs in the air: the object's bottom is %.1f m above the nearest support (neighbours' collision / water) under (%.1f, %.1f)	«%s» flota en el aire: la base del objeto está %.1f m por encima del apoyo más cercano (colisión de vecinos / agua) bajo (%.1f, %.1f)
Опусти Z в IPL или проверь, что опора (земля, здание) действительно есть под ним.	Lower the Z in the IPL or make sure the support (ground, building) really is under it.	Baja la Z en el IPL o comprueba que el apoyo (suelo, edificio) realmente está debajo.
«%s»: под объектом нет никакой коллизии в точке (%.1f, %.1f) — висит над пустотой или над объектом без COL	«%s»: no collision at all under the object at (%.1f, %.1f) — hangs over nothing or over an object without COL	«%s»: no hay ninguna colisión bajo el objeto en (%.1f, %.1f) — flota sobre la nada o sobre un objeto sin COL
…и ещё %d висящих объектов	…and %d more hanging objects	…y %d objetos flotantes más
…и ещё %d объектов под поверхностью	…and %d more objects below the surface	…y %d objetos más bajo la superficie
опора проверена у %d объектов (радиус COL ≤ 40 м): висят %d, под поверхностью %d	support checked for %d objects (COL radius ≤ 40 m): hanging %d, below the surface %d	apoyo comprobado en %d objetos (radio COL ≤ 40 m): flotan %d, bajo la superficie %d
«%s»: vertex colours без ночного набора (Night Vertex Colours 0x253F2F9) — ночью модель остаётся дневной яркости, выделяется на фоне соседей	«%s»: vertex colours without the night set (Night Vertex Colours 0x253F2F9) — at night the model keeps its daytime brightness and stands out among its neighbours	«%s»: vertex colours sin el juego nocturno (Night Vertex Colours 0x253F2F9) — de noche el modelo mantiene el brillo diurno y destaca entre sus vecinos
Экспортируй с ночными цветами (Extra Vert Colours) или запеки более тёмный prelit.	Export with night colours (Extra Vert Colours) or bake a darker prelit.	Exporta con colores nocturnos (Extra Vert Colours) o hornea un prelit más oscuro.
…и ещё %d моделей без ночных цветов	…and %d more models without night colours	…y %d modelos más sin colores nocturnos
Качество сборки	Build quality	Calidad del montaje
таблица %s: конец файла раньше, чем найдены TKEY и TDAT с size > 0 — цикл 0x6A0255 выходит только по обоим флагам, Read на EOF оставляет старый заголовок → бесконечный цикл / повторный new	table %s: the file ends before TKEY and TDAT with size > 0 are found — the loop 0x6A0255 exits only on both flags, Read at EOF leaves the old header → endless loop / repeated new	tabla %s: el archivo termina antes de encontrar TKEY y TDAT con size > 0 — el bucle 0x6A0255 solo sale con ambos flags, Read en el EOF deja la cabecera vieja → bucle infinito / new repetido
TKEY size %u не кратен 8 — CKeyArray::Load читает все %u байт в блок new((size>>3)*8): переполнение кучи на %u байт	TKEY size %u not a multiple of 8 — CKeyArray::Load reads all %u bytes into a new((size>>3)*8) block: heap overflow by %u bytes	TKEY size %u no múltiplo de 8 — CKeyArray::Load lee los %u bytes en un bloque new((size>>3)*8): desbordamiento del heap de %u bytes
TKEY: %u записей > 32767 — BinarySearch 0x69F570 держит lo/hi в int16: поиск не работает/уходит за массив	TKEY: %u entries > 32767 — BinarySearch 0x69F570 keeps lo/hi in int16: the search fails / runs past the array	TKEY: %u entradas > 32767 — BinarySearch 0x69F570 guarda lo/hi en int16: la búsqueda no funciona/se sale del array
TKEY size %u выходит за конец файла — Read неполный, цикл не завершится	TKEY size %u runs past the end of the file — incomplete Read, the loop never finishes	TKEY size %u sobrepasa el final del archivo — Read incompleto, el bucle no termina
TDAT size %u выходит за конец файла	TDAT size %u runs past the end of the file	TDAT size %u sobrepasa el final del archivo
TABL внутри mission-таблицы — пропускается как неизвестный чанк	TABL inside a mission table — skipped as an unknown chunk	TABL dentro de una tabla de misión — se salta como chunk desconocido
чанк «%.4s» size %u ≥ 65536 — цикл пропуска с 16-битным счётчиком (movzx ecx,bp) никогда не догоняет size → зависание	chunk «%.4s» size %u ≥ 65536 — the skip loop with a 16-bit counter (movzx ecx,bp) never reaches size → hang	chunk «%.4s» size %u ≥ 65536 — el bucle de salto con contador de 16 bits (movzx ecx,bp) nunca alcanza size → cuelgue
чанк «%.4s» size %u выходит за конец файла	chunk «%.4s» size %u runs past the end of the file	chunk «%.4s» size %u sobrepasa el final del archivo
таблица %s: TKEY не отсортирован по возрастанию беззнакового хэша — BinarySearch не найдёт часть ключей (пустой текст)	table %s: TKEY is not sorted by ascending unsigned hash — BinarySearch will miss some keys (empty text)	tabla %s: TKEY no está ordenado por hash sin signo ascendente — BinarySearch no encontrará parte de las claves (texto vacío)
таблица %s: %d повторяющихся хэшей — бисекция вернёт случайную из копий	table %s: %d duplicate hashes — the bisection returns a random copy	tabla %s: %d hashes repetidos — la bisección devolverá una copia aleatoria
таблица %s: %d ключей со смещением ≥ размера TDAT (%u) — CKeyArray::Update прибавляет базу без проверки, Get отдаёт указатель за блоком кучи → краш при отрисовке	table %s: %d keys with an offset ≥ the TDAT size (%u) — CKeyArray::Update adds the base unchecked, Get hands out a pointer past the heap block → crash at draw	tabla %s: %d claves con offset ≥ tamaño de TDAT (%u) — CKeyArray::Update suma la base sin comprobar, Get entrega un puntero fuera del bloque del heap → crash al dibujar
таблица %s: %d строк без NUL внутри TDAT — CFont читает за блоком кучи	table %s: %d strings without NUL inside TDAT — CFont reads past the heap block	tabla %s: %d cadenas sin NUL dentro de TDAT — CFont lee fuera del bloque del heap
%s не найден — CText::Load 0x6A01A0 не проверяет OpenFile: fread(NULL) → _lock_str → краш при старте (файл выбранного языка)	%s not found — CText::Load 0x6A01A0 does not check OpenFile: fread(NULL) → _lock_str → crash at startup (file of the selected language)	%s no encontrado — CText::Load 0x6A01A0 no comprueba OpenFile: fread(NULL) → _lock_str → crash al arrancar (archivo del idioma seleccionado)
%s не найден — краш при выборе этого языка в меню	%s not found — crash when that language is chosen in the menu	%s no encontrado — crash al elegir ese idioma en el menú
первые 4 байта %02X %02X %02X %02X ≠ 04 00 08 00 — два Read(2) съедают их не сравнивая; формат III/VC (TABL/TKEY с байта 0) → обход чанков со смещения 4 рассинхронизирован	first 4 bytes %02X %02X %02X %02X ≠ 04 00 08 00 — two Read(2) calls eat them without comparing; III/VC format (TABL/TKEY from byte 0) → the chunk walk from offset 4 is desynchronised	los 4 primeros bytes %02X %02X %02X %02X ≠ 04 00 08 00 — dos Read(2) se los comen sin comparar; formato III/VC (TABL/TKEY desde el byte 0) → el recorrido de chunks desde el offset 4 queda desincronizado
TABL size %u не кратен 12 — 0x69F670 съедает только (size/12)*12 = %u байт и читает следующий заголовок с позиции %u; если там не TKEY/TDAT — зависание (см. GXT-03)	TABL size %u not a multiple of 12 — 0x69F670 consumes only (size/12)*12 = %u bytes and reads the next header at position %u; if that is not TKEY/TDAT — hang (see GXT-03)	TABL size %u no múltiplo de 12 — 0x69F670 solo consume (size/12)*12 = %u bytes y lee la siguiente cabecera en la posición %u; si ahí no hay TKEY/TDAT — cuelgue (ver GXT-03)
TABL: %u записей > 200 — CMissionTextOffsets 0x960 байт: запись 200 затирает счётчик +0xA8C, дальше — буферы конвертации	TABL: %u entries > 200 — CMissionTextOffsets 0x960 bytes: entry 200 overwrites the counter +0xA8C, beyond it the conversion buffers	TABL: %u entradas > 200 — CMissionTextOffsets de 0x960 bytes: la entrada 200 sobrescribe el contador +0xA8C, después los búferes de conversión
имя таблицы «%s» занимает все 8 байт — strlen 0x69FC3A уходит в offset: LoadMissionText никогда не совпадёт, все ключи таблицы = ""	table name «%s» fills all 8 bytes — strlen 0x69FC3A runs into the offset: LoadMissionText never matches, every key of the table = ""	el nombre de tabla «%s» ocupa los 8 bytes — strlen 0x69FC3A se mete en el offset: LoadMissionText nunca coincidirá, todas las claves de la tabla = ""
в MAIN нет ключа CDERROR (0xEF128EC3) — пустой текст ошибки диска	MAIN has no CDERROR key (0xEF128EC3) — empty disc-error text	MAIN no tiene la clave CDERROR (0xEF128EC3) — texto de error de disco vacío
таблица «%s»: смещение %u за концом файла — Seek/Read не проверены, цикл TKEY/TDAT не завершится	table «%s»: offset %u past the end of the file — Seek/Read unchecked, the TKEY/TDAT loop never finishes	tabla «%s»: offset %u más allá del final del archivo — Seek/Read sin comprobar, el bucle TKEY/TDAT no termina
data/script/main.scm не найден — CTheScripts::Init 0x468D50 не проверяет OpenFile: fread(NULL) → краш при старте	data/script/main.scm not found — CTheScripts::Init 0x468D50 does not check OpenFile: fread(NULL) → crash at startup	data/script/main.scm no encontrado — CTheScripts::Init 0x468D50 no comprueba OpenFile: fread(NULL) → crash al arrancar
байты 0..2 ≠ 02 00 01 (GOTO) — исполнение начинается с байта 0 без проверки: главный скрипт начнётся с мусорного опкода	bytes 0..2 ≠ 02 00 01 (GOTO) — execution starts at byte 0 unchecked: the main script begins with a garbage opcode	bytes 0..2 ≠ 02 00 01 (GOTO) — la ejecución empieza en el byte 0 sin comprobar: el script principal arranca con un opcode basura
seg0 target %u ≥ 200000 — заголовки читаются за ScriptSpace	seg0 target %u ≥ 200000 — the headers are read past ScriptSpace	seg0 target %u ≥ 200000 — las cabeceras se leen fuera de ScriptSpace
размер глобальных переменных (seg0 target) = %u байт — должен совпадать с сейвом	global variable size (seg0 target) = %u bytes — must match the save	tamaño de las variables globales (seg0 target) = %u bytes — debe coincidir con la partida guardada
targets не по возрастанию (%u, %u, %u, %u) — движку всё равно, но структура нестандартная	targets not ascending (%u, %u, %u, %u) — the engine does not care, but the layout is non-standard	targets no ascendentes (%u, %u, %u, %u) — al motor le da igual, pero la estructura no es estándar
таблица объектов (%u × 24) выходит за 200000 байт ScriptSpace	the object table (%u × 24) runs past the 200000 bytes of ScriptSpace	la tabla de objetos (%u × 24) sobrepasa los 200000 bytes de ScriptSpace
%u имён объектов > 395 — UsedObjectArray (0xA44B70 × 0x1C) переполняется в EntitiesWaitingForScriptBrain	%u object names > 395 — UsedObjectArray (0xA44B70 × 0x1C) overflows into EntitiesWaitingForScriptBrain	%u nombres de objeto > 395 — UsedObjectArray (0xA44B70 × 0x1C) se desborda en EntitiesWaitingForScriptBrain
имя объекта №%u без NUL в 24 байтах — хэш идёт до случайного NUL → индекс −1 → SCM-04	object name #%u without NUL in 24 bytes — the hash runs up to a random NUL → index −1 → SCM-04	nombre de objeto n.º %u sin NUL en 24 bytes — el hash sigue hasta un NUL casual → índice −1 → SCM-04
объект №%u «%s» не модель ни в одном IDE — UpdateObjectIndices оставляет −1, при использовании RequestModel(−1) 0x4087E0 без границ → запись в ms_aInfoForModel[−1]	object #%u «%s» is not a model in any IDE — UpdateObjectIndices leaves −1, on use RequestModel(−1) 0x4087E0 unbounded → write into ms_aInfoForModel[−1]	objeto n.º %u «%s» no es un modelo de ningún IDE — UpdateObjectIndices deja −1, al usarlo RequestModel(−1) 0x4087E0 sin límites → escritura en ms_aInfoForModel[−1]
MainScriptSize %u > 200000 — только первые 200000 байт копируются в ScriptSpace	MainScriptSize %u > 200000 — only the first 200000 bytes are copied into ScriptSpace	MainScriptSize %u > 200000 — solo los primeros 200000 bytes se copian a ScriptSpace
LargestMissionScriptSize %u > 69000 — миссия читается ровно Read(69000): хвост обрезан, исполняется мусор	LargestMissionScriptSize %u > 69000 — a mission is read with exactly Read(69000): the tail is cut, garbage executes	LargestMissionScriptSize %u > 69000 — la misión se lee con exactamente Read(69000): la cola se corta, se ejecuta basura
%d миссий > 200 — MultiScriptArray[200] переполняется в bAlreadyRunningAMissionScript	%d missions > 200 — MultiScriptArray[200] overflows into bAlreadyRunningAMissionScript	%d misiones > 200 — MultiScriptArray[200] se desborda en bAlreadyRunningAMissionScript
таблица смещений миссий выходит за 200000 байт	the mission offset table runs past 200000 bytes	la tabla de offsets de misión sobrepasa los 200000 bytes
largest number of mission locals %u > 1024 — LocalVariablesForCurrentMission[1024] лежит прямо перед ScriptSpace: локалы ≥ 1024 алиасят глобалы	largest number of mission locals %u > 1024 — LocalVariablesForCurrentMission[1024] sits right before ScriptSpace: locals ≥ 1024 alias the globals	largest number of mission locals %u > 1024 — LocalVariablesForCurrentMission[1024] está justo antes de ScriptSpace: los locales ≥ 1024 solapan los globales
миссия %d: смещение %u ≥ размера файла (%u)	mission %d: offset %u ≥ file size (%u)	misión %d: offset %u ≥ tamaño del archivo (%u)
миссия %d: %u байт до следующего смещения > 69000 — обрезается при Read(69000)	mission %d: %u bytes up to the next offset > 69000 — cut by Read(69000)	misión %d: %u bytes hasta el siguiente offset > 69000 — se corta con Read(69000)
имя скрипта «%s» ≥ 20 символов — strcpy переполняет name[20] в size, и 20-байтовое поле seg3 без NUL никогда не совпадёт	script name «%s» ≥ 20 characters — strcpy overflows name[20] into size, and the 20-byte seg3 field without NUL never matches	nombre de script «%s» ≥ 20 caracteres — strcpy desborda name[20] en size, y el campo seg3 de 20 bytes sin NUL nunca coincidirá
%d записей .scm во всех IMG > 82 — RegisterScript пишет 83-ю поверх CScriptResourceManager (0xA485A8)	%d .scm entries across all IMGs > 82 — RegisterScript writes the 83rd over CScriptResourceManager (0xA485A8)	%d entradas .scm en todos los IMG > 82 — RegisterScript escribe la 83.ª sobre CScriptResourceManager (0xA485A8)
в IMG %d .scm, а в seg3 только %d строк — ReadStreamedScriptData идёт по счётчику IMG и читает строки за таблицей (байты кода) как имена	%d .scm in the IMGs but only %d seg3 rows — ReadStreamedScriptData walks by the IMG count and reads rows past the table (code bytes) as names	%d .scm en los IMG pero solo %d filas en seg3 — ReadStreamedScriptData recorre según el contador del IMG y lee filas fuera de la tabla (bytes de código) como nombres
seg3 строка %d «%s»: нет такого .scm в script.img (stricmp) — j = −1: size/index пишутся в EntitiesWaitingForScriptBrain[149]/[146]	seg3 row %d «%s»: no such .scm in script.img (stricmp) — j = −1: size/index are written into EntitiesWaitingForScriptBrain[149]/[146]	seg3 fila %d «%s»: no existe ese .scm en script.img (stricmp) — j = −1: size/index se escriben en EntitiesWaitingForScriptBrain[149]/[146]
seg3 «%s»: size %u меньше записи в IMG (%u секторов) — LoadStreamedScript читает только size байт, скрипт обрезан	seg3 «%s»: size %u smaller than the IMG entry (%u sectors) — LoadStreamedScript reads only size bytes, the script is cut	seg3 «%s»: size %u menor que la entrada del IMG (%u sectores) — LoadStreamedScript solo lee size bytes, el script queda cortado
метка «%s» длиной 8 без терминатора — ReadTextLabelFromScript копирует 8 байт без NUL	label «%s» of length 8 without terminator — ReadTextLabelFromScript copies 8 bytes without NUL	etiqueta «%s» de longitud 8 sin terminador — ReadTextLabelFromScript copia 8 bytes sin NUL
LOAD_MISSION_TEXT «%s»: такой таблицы нет в TABL (точно, та же длина) — LoadMissionText выходит без загрузки, все ключи таблицы = ""	LOAD_MISSION_TEXT «%s»: no such table in TABL (exact, same length) — LoadMissionText returns without loading, every key of the table = ""	LOAD_MISSION_TEXT «%s»: esa tabla no está en TABL (exacta, misma longitud) — LoadMissionText sale sin cargar, todas las claves de la tabla = ""
LOAD_TXD_DICTIONARY «%s»: нет %s — CTxdStore::LoadTxd 0x7320B0 крутит do{RwStreamOpen}while(!stream) → зависание при выполнении опкода	LOAD_TXD_DICTIONARY «%s»: no %s — CTxdStore::LoadTxd 0x7320B0 spins in do{RwStreamOpen}while(!stream) → hang when the opcode runs	LOAD_TXD_DICTIONARY «%s»: no hay %s — CTxdStore::LoadTxd 0x7320B0 gira en do{RwStreamOpen}while(!stream) → cuelgue al ejecutar el opcode
путь IMG длиной %d ≥ 40 — AddImageToList копирует в name[0x28] без границы: затирается имя следующего слота	IMG path of length %d ≥ 40 — AddImageToList copies into name[0x28] unbounded: the next slot's name is overwritten	ruta IMG de longitud %d ≥ 40 — AddImageToList copia en name[0x28] sin límite: se sobrescribe el nombre del slot siguiente
строка IMG после первой строки IPL — LoadCdDirectory() вызывается один раз на первой IPL: архив открыт, но каталог не сканирован (его записи недоступны)	IMG line after the first IPL line — LoadCdDirectory() is called once on the first IPL: the archive is opened but its directory is never scanned (its entries are unreachable)	línea IMG después de la primera línea IPL — LoadCdDirectory() se llama una sola vez en la primera IPL: el archivo se abre pero su directorio no se escanea (sus entradas quedan inaccesibles)
%d строк IMG (без gta_int.img) > 5 — ms_files на 8 слотов: 2 встроенных + строки + player.img; при переполнении AddImageToList возвращает 0 и PLAYER.IMG получает id 0 → одежда читает смещения player.img из gta3.img → краш	%d IMG lines (excluding gta_int.img) > 5 — ms_files has 8 slots: 2 built in + lines + player.img; on overflow AddImageToList returns 0 and PLAYER.IMG gets id 0 → clothes read player.img offsets from gta3.img → crash	%d líneas IMG (sin gta_int.img) > 5 — ms_files tiene 8 slots: 2 integrados + líneas + player.img; al desbordarse AddImageToList devuelve 0 y PLAYER.IMG recibe el id 0 → la ropa lee los offsets de player.img desde gta3.img → crash
первая точка на позиции %d > 20 — запись молча пропущена	first dot at position %d > 20 — entry silently skipped	primer punto en la posición %d > 20 — entrada saltada en silencio
расширение «%s» (3 символа после первой точки) не DFF/TXD/COL/IPL/DAT/IFP/RRR/SCM — запись молча пропущена	extension «%s» (3 characters after the first dot) is not DFF/TXD/COL/IPL/DAT/IFP/RRR/SCM — entry silently skipped	extensión «%s» (3 caracteres tras el primer punto) no es DFF/TXD/COL/IPL/DAT/IFP/RRR/SCM — entrada saltada en silencio
streaming size и size-in-archive = 0 — m_nCdSize = 0: модель «не на диске»	streaming size and size-in-archive = 0 — m_nCdSize = 0: model «not on disc»	streaming size y size-in-archive = 0 — m_nCdSize = 0: modelo «no está en disco»
байты 6..7 (size in archive) = %u ≠ 0 — переопределяют размер чтения (0x5B6465), буфер стриминга считается по байтам 4..5	bytes 6..7 (size in archive) = %u ≠ 0 — they override the read size (0x5B6465), the streaming buffer is sized from bytes 4..5	bytes 6..7 (size in archive) = %u ≠ 0 — redefinen el tamaño de lectura (0x5B6465), el búfer de streaming se calcula con los bytes 4..5
файл .rrr «%s» не carrecN — номер записи 850 (недостижима/дубликат)	.rrr file «%s» is not carrecN — record number 850 (unreachable/duplicate)	archivo .rrr «%s» no es carrecN — registro número 850 (inalcanzable/duplicado)
файл .dat «%s» не nodesNN — sscanf(name+5) проваливается: остаётся id предыдущей записи → регистрация в чужой слот	.dat file «%s» is not nodesNN — sscanf(name+5) fails: the previous entry's id remains → registered in a foreign slot	archivo .dat «%s» no es nodesNN — sscanf(name+5) falla: queda el id de la entrada anterior → registro en un slot ajeno
size in archive %u больше максимума streaming size по всем записям (%u) — CdStreamRead переполняет ms_pStreamingBuffer	size in archive %u larger than the maximum streaming size over all entries (%u) — CdStreamRead overflows ms_pStreamingBuffer	size in archive %u mayor que el máximo de streaming size de todas las entradas (%u) — CdStreamRead desborda ms_pStreamingBuffer
буфер стриминга = наибольшая запись %u секторов («%s») → %u секторов (%u КБ), по %u на канал	streaming buffer = largest entry %u sectors («%s») → %u sectors (%u KB), %u per channel	búfer de streaming = la entrada más grande %u sectores («%s») → %u sectores (%u KB), %u por canal
%d .rrr > 475 — StreamingArray переполняется в NumPlayBackFiles 0x97F630	%d .rrr > 475 — StreamingArray overflows into NumPlayBackFiles 0x97F630	%d .rrr > 475 — StreamingArray se desborda en NumPlayBackFiles 0x97F630
%d TXD > 5000 (пул CTxdStore)	%d TXDs > 5000 (CTxdStore pool)	%d TXD > 5000 (pool CTxdStore)
%d COL > 255 (пул CColStore)	%d COLs > 255 (CColStore pool)	%d COL > 255 (pool CColStore)
stream.ini не найден — CStreaming::ReadIniFile 0x5BCCD0 не проверяет OpenFile → fgets(NULL) → краш при старте	stream.ini not found — CStreaming::ReadIniFile 0x5BCCD0 does not check OpenFile → fgets(NULL) → crash at startup	stream.ini no encontrado — CStreaming::ReadIniFile 0x5BCCD0 no comprueba OpenFile → fgets(NULL) → crash al arrancar
ключ «%s» без значения — второй strtok = NULL → atol/atof(NULL) → краш при старте	key «%s» without a value — second strtok = NULL → atol/atof(NULL) → crash at startup	clave «%s» sin valor — segundo strtok = NULL → atol/atof(NULL) → crash al arrancar
«%s» переопределяется в Init2 (50 МБ / 22 машины) — значение из stream.ini не действует	«%s» is overridden in Init2 (50 MB / 22 vehicles) — the value from stream.ini has no effect	«%s» se redefine en Init2 (50 MB / 22 vehículos) — el valor de stream.ini no surte efecto
%s не найден — CTxdStore::LoadTxd 0x7320B0 крутит do{RwStreamOpen}while(!stream): зависание (%s)	%s not found — CTxdStore::LoadTxd 0x7320B0 spins in do{RwStreamOpen}while(!stream): hang (%s)	%s no encontrado — CTxdStore::LoadTxd 0x7320B0 gira en do{RwStreamOpen}while(!stream): cuelgue (%s)
%s не загружается как TXD (LoadTxd 0x731DD0 → false, никто не проверяет) — словарь NULL, все спрайты рисуются плоскими квадами	%s does not load as a TXD (LoadTxd 0x731DD0 → false, nobody checks) — NULL dictionary, every sprite is drawn as a flat quad	%s no carga como TXD (LoadTxd 0x731DD0 → false, nadie lo comprueba) — diccionario NULL, todos los sprites se dibujan como cuadrados planos
нет %d текстур: %s%s — SetTexture → NULL-растр, спрайт рисуется плоским цветом	%d textures missing: %s%s — SetTexture → NULL raster, the sprite is drawn in a flat colour	faltan %d texturas: %s%s — SetTexture → raster NULL, el sprite se dibuja de color plano
%s не найден — CTxdStore::LoadTxd 0x7320B0: do{RwStreamOpen}while(!stream) → зависание при старте	%s not found — CTxdStore::LoadTxd 0x7320B0: do{RwStreamOpen}while(!stream) → hang at startup	%s no encontrado — CTxdStore::LoadTxd 0x7320B0: do{RwStreamOpen}while(!stream) → cuelgue al arrancar
%d из 144 тайлов радара radar00..radar143.txd нет ни в одном IMG (первый: %s) — FindTxdSlot → −1, участок карты пустой	%d of the 144 radar tiles radar00..radar143.txd are in no IMG (first: %s) — FindTxdSlot → −1, that part of the map is blank	%d de los 144 tiles del radar radar00..radar143.txd no están en ningún IMG (primero: %s) — FindTxdSlot → −1, esa zona del mapa queda vacía
data/fonts.dat не найден — CFont::LoadFontValues 0x7187C0 не проверяет OpenFile → fgets(NULL) → краш	data/fonts.dat not found — CFont::LoadFontValues 0x7187C0 does not check OpenFile → fgets(NULL) → crash	data/fonts.dat no encontrado — CFont::LoadFontValues 0x7187C0 no comprueba OpenFile → fgets(NULL) → crash
[PROP] строка %d: %d чисел вместо 8 — недостающие ширины = старые значения стека	[PROP] line %d: %d numbers instead of 8 — the missing widths = old stack values	[PROP] línea %d: %d números en vez de 8 — las anchuras que faltan = valores viejos de la pila
%s: значение «%s» не число	%s: value «%s» is not a number	%s: el valor «%s» no es un número
[FONT_ID] %d не 0/1 — gFontData[2] (0xC718B0 × 0xD2): id 2 ложится на CFont::m_Color..Sprite 0xC71A54..0xC71B26 → краш при первой отрисовке текста	[FONT_ID] %d is not 0/1 — gFontData[2] (0xC718B0 × 0xD2): id 2 lands on CFont::m_Color..Sprite 0xC71A54..0xC71B26 → crash at the first text draw	[FONT_ID] %d no es 0/1 — gFontData[2] (0xC718B0 × 0xD2): el id 2 cae sobre CFont::m_Color..Sprite 0xC71A54..0xC71B26 → crash al dibujar el primer texto
EOF внутри блока [PROP] (%d строк из 26) — LoadLine NULL → sscanf(NULL) → краш	EOF inside the [PROP] block (%d lines of 26) — LoadLine NULL → sscanf(NULL) → crash	EOF dentro del bloque [PROP] (%d líneas de 26) — LoadLine NULL → sscanf(NULL) → crash
EOF после %s — LoadLine NULL → sscanf(NULL)	EOF after %s — LoadLine NULL → sscanf(NULL)	EOF tras %s — LoadLine NULL → sscanf(NULL)
нет блока [FONT_ID] %d — ширины шрифта %d остаются нулями	no [FONT_ID] %d block — the widths of font %d stay zero	no hay bloque [FONT_ID] %d — las anchuras de la fuente %d quedan a cero
не найден чанк TEXDICTIONARY (0x16) — файл не TXD или мусор	no TEXDICTIONARY chunk (0x16) found — not a TXD, or garbage	no se encontró el chunk TEXDICTIONARY (0x16) — no es un TXD o es basura
RwStreamFindChunk(0x16) не находит чанк → LoadTxd возвращает false → TXD запрашивается заново вечно, все модели с ним невидимы.	RwStreamFindChunk(0x16) does not find the chunk → LoadTxd returns false → the TXD is requested again forever, every model using it is invisible.	RwStreamFindChunk(0x16) no encuentra el chunk → LoadTxd devuelve false → el TXD se pide de nuevo eternamente, todos los modelos que lo usan son invisibles.
версия RW чанка 0x%X вне %s (libid 0x%08X) — LOAD-FAIL	chunk RW version 0x%X outside %s (libid 0x%08X) — LOAD-FAIL	versión RW del chunk 0x%X fuera de %s (libid 0x%08X) — LOAD-FAIL
SA принимает только 0x34000..0x36003 (libid 0x1803FFFF безопасен). Файл из III/VC/RW 3.7 нужно пересохранить.	SA accepts only 0x34000..0x36003 (libid 0x1803FFFF is safe). A III/VC/RW 3.7 file must be re-saved.	SA solo acepta 0x34000..0x36003 (libid 0x1803FFFF es seguro). Un archivo de III/VC/RW 3.7 hay que volver a guardarlo.
VC принимает 0x31000..0x34003 (libid 0x0C02FFFF безопасен). Файл из SA нужно пересохранить.	VC accepts 0x31000..0x34003 (libid 0x0C02FFFF is safe). A file from SA must be re-saved.	VC acepta 0x31000..0x34003 (libid 0x0C02FFFF es seguro). Un archivo de SA debe volver a guardarse.
III принимает 0x31000..0x33002 (libid 0x0800FFFF безопасен). Файл из VC/SA нужно пересохранить.	III accepts 0x31000..0x33002 (libid 0x0800FFFF is safe). A file from VC/SA must be re-saved.	III acepta 0x31000..0x33002 (libid 0x0800FFFF es seguro). Un archivo de VC/SA debe volver a guardarse.
нет STRUCT после TEXDICTIONARY	no STRUCT after TEXDICTIONARY	no hay STRUCT tras TEXDICTIONARY
STRUCT словаря длиной %u байт вместо 4 — читается в 4-байтовый слот на стеке (%s)	dictionary STRUCT of %u bytes instead of 4 — read into a 4-byte stack slot (%s)	STRUCT del diccionario de %u bytes en vez de 4 — se lee en un slot de pila de 4 bytes (%s)
перезапись адреса возврата → краш	return address overwritten → crash	sobrescritura de la dirección de retorno → crash
RwTexDictionaryGtaStreamRead 0x730FC0: RwStreamRead(stream, frame+4, len). Пересохрани TXD.	RwTexDictionaryGtaStreamRead 0x730FC0: RwStreamRead(stream, frame+4, len). Re-save the TXD.	RwTexDictionaryGtaStreamRead 0x730FC0: RwStreamRead(stream, frame+4, len). Vuelve a guardar el TXD.
TXD без текстур	TXD without textures	TXD sin texturas
в заголовке %d текстур, найдено только %d чанков TEXTURENATIVE — FindChunk упирается в конец → LOAD-FAIL	%d textures in the header, only %d TEXTURENATIVE chunks found — FindChunk hits the end → LOAD-FAIL	%d texturas en la cabecera, solo se encontraron %d chunks TEXTURENATIVE — FindChunk topa con el final → LOAD-FAIL
Либо счётчик завышен, либо предыдущая текстура оставила лишние байты (см. TXD-18).	Either the counter is too high, or the previous texture left extra bytes (see TXD-18).	O el contador está inflado o la textura anterior dejó bytes de más (ver TXD-18).
текстура №%d: версия чанка 0x%X вне диапазона — LOAD-FAIL	texture #%d: chunk version 0x%X out of range — LOAD-FAIL	textura n.º %d: versión del chunk 0x%X fuera de rango — LOAD-FAIL
текстура №%d: нет STRUCT	texture #%d: no STRUCT	textura n.º %d: sin STRUCT
текстура №%d	texture #%d	textura n.º %d
platformId 0x%X (%s) — %s принимает только %s → LOAD-FAIL	platformId 0x%X (%s) — %s accepts only %s → LOAD-FAIL	platformId 0x%X (%s) — %s sólo acepta %s → LOAD-FAIL
Пересохрани TXD для PC.	Re-save the TXD for PC.	Vuelve a guardar el TXD para PC.
STRUCT текстуры короче заголовка (72 байта)	texture STRUCT shorter than the header (72 bytes)	STRUCT de textura más corto que la cabecera (72 bytes)
пустое имя текстуры — материал никогда её не найдёт	empty texture name — no material will ever find it	nombre de textura vacío — ningún material la encontrará
имя «%s» занимает все 32 байта без NUL — RwTextureSetName обрежет до 31, материал с полным именем не совпадёт	name «%s» fills all 32 bytes without NUL — RwTextureSetName truncates to 31, a material with the full name will not match	el nombre «%s» ocupa los 32 bytes sin NUL — RwTextureSetName lo recorta a 31, un material con el nombre completo no coincidirá
Имя 1..31 символ, NUL-паддинг до 32; в DFF должно быть то же имя.	Name 1..31 characters, NUL-padded to 32; the DFF must use the same name.	Nombre de 1..31 caracteres, relleno con NUL hasta 32; en el DFF debe ir el mismo nombre.
имя «%s» повторяется в этом TXD (без учёта регистра) — победит последняя, обе остаются в памяти	name «%s» repeats in this TXD (case-insensitive) — the last one wins, both stay in memory	el nombre «%s» se repite en este TXD (sin distinguir mayúsculas) — gana la última, ambas quedan en memoria
маска «%s» — на D3D9 не используется	mask «%s» — unused on D3D9	máscara «%s» — no se usa en D3D9
имя маски ≥ 32 символов (обрежется, RwErrorSet)	mask name ≥ 32 characters (truncated, RwErrorSet)	nombre de máscara ≥ 32 caracteres (se recortará, RwErrorSet)
фильтр %d вне 1..6 — индекс в таблицу без проверки, мусорный SetSamplerState	filter %d outside 1..6 — unchecked table index, garbage SetSamplerState	filtro %d fuera de 1..6 — índice en la tabla sin comprobar, SetSamplerState basura
Ваниль: 0x1106 / 0x1102 / 0x1101.	Vanilla: 0x1106 / 0x1102 / 0x1101.	Vanilla: 0x1106 / 0x1102 / 0x1101.
адресация U=%d V=%d вне 1..4	addressing U=%d V=%d outside 1..4	direccionamiento U=%d V=%d fuera de 1..4
STRUCT короче заголовка растра	STRUCT shorter than the raster header	STRUCT más corto que la cabecera del raster
platformId 8 (D3D8, III/VC) — SA принимает только 9, RwTextureGtaStreamRead вернёт NULL → LOAD-FAIL	platformId 8 (D3D8, III/VC) — SA accepts only 9, RwTextureGtaStreamRead returns NULL → LOAD-FAIL	platformId 8 (D3D8, III/VC) — SA solo acepta 9, RwTextureGtaStreamRead devuelve NULL → LOAD-FAIL
Пересохрани TXD как D3D9.	Re-save the TXD as D3D9.	Vuelve a guardar el TXD como D3D9.
rasterType %d вместо 4 — %s	rasterType %d instead of 4 — %s	rasterType %d en vez de 4 — %s
lock не удаётся, RwStreamRead(NULL) → краш	lock fails, RwStreamRead(NULL) → crash	el lock falla, RwStreamRead(NULL) → crash
запись в back-buffer камеры	write into the camera back-buffer	escritura en el back-buffer de la cámara
лишние биты попадают в cFlags	the extra bits land in cFlags	los bits sobrantes caen en cFlags
cube-map (flags bit1) — требует caps, ваниль не использует	cube-map (flags bit1) — needs caps, vanilla does not use it	cube-map (flags bit1) — requiere caps, vanilla no lo usa
несжатый cube-map никогда не загружается (ext->d3dFormat не записывается) — LOAD-FAIL	an uncompressed cube-map never loads (ext->d3dFormat is not written) — LOAD-FAIL	un cube-map sin comprimir nunca carga (ext->d3dFormat no se escribe) — LOAD-FAIL
AUTOMIPMAP (rasterFormat 0x1000 / flags bit2) — читается один уровень, остальные байты ломают поток → LOAD-FAIL (или отказ устройства)	AUTOMIPMAP (rasterFormat 0x1000 / flags bit2) — one level is read, the remaining bytes break the stream → LOAD-FAIL (or device refusal)	AUTOMIPMAP (rasterFormat 0x1000 / flags bit2) — se lee un nivel, el resto de bytes rompe el flujo → LOAD-FAIL (o rechazo del dispositivo)
Сними бит и запиши полную цепочку мипов.	Clear the bit and write the full mip chain.	Quita el bit y escribe la cadena de mips completa.
dxtFormat %d — _rwD3D8NativeTextureRead знает только 1..5 → LOAD-FAIL	dxtFormat %d — _rwD3D8NativeTextureRead knows only 1..5 → LOAD-FAIL	dxtFormat %d — _rwD3D8NativeTextureRead sólo conoce 1..5 → LOAD-FAIL
PAL4 — rwD3D9SetRasterFormat возвращает 0 → LOAD-FAIL	PAL4 — rwD3D9SetRasterFormat returns 0 → LOAD-FAIL	PAL4 — rwD3D9SetRasterFormat devuelve 0 → LOAD-FAIL
PAL8 — D3DFMT_P8 не поддерживается современными драйверами → LOAD-FAIL (с compressed → краш)	PAL8 — D3DFMT_P8 is not supported by modern drivers → LOAD-FAIL (with compressed → crash)	PAL8 — los controladores modernos no admiten D3DFMT_P8 → LOAD-FAIL (con compressed → crash)
Конвертируй в DXT/8888.	Convert to DXT/8888.	Convierte a DXT/8888.
rasterFormat 0x%X содержит биты вне 0x0F00/0x8000 — проверка rasterFormat == cFormat<<8 не пройдёт → LOAD-FAIL	rasterFormat 0x%X has bits outside 0x0F00/0x8000 — the check rasterFormat == cFormat<<8 fails → LOAD-FAIL	rasterFormat 0x%X tiene bits fuera de 0x0F00/0x8000 — la comprobación rasterFormat == cFormat<<8 no pasará → LOAD-FAIL
flags bit3 (compressed), но d3dFormat 0x%08X «%s» не DXT	flags bit3 (compressed), but d3dFormat 0x%08X «%s» is not DXT	flags bit3 (compressed), pero d3dFormat 0x%08X «%s» no es DXT
rasterFormat-нибл 0x%X с DXT — %s → LOAD-FAIL	rasterFormat nibble 0x%X with DXT — %s → LOAD-FAIL	nibble de rasterFormat 0x%X con DXT — %s → LOAD-FAIL
подставится формат дисплея и не совпадёт	the display format is substituted and does not match	se sustituye por el formato de pantalla y no coincide
за пределами таблицы	outside the table	fuera de la tabla
d3dFormat «%s» (DXT) без flags bit3 — несовпадение форматов → LOAD-FAIL	d3dFormat «%s» (DXT) without flags bit3 — format mismatch → LOAD-FAIL	d3dFormat «%s» (DXT) sin flags bit3 — formatos que no coinciden → LOAD-FAIL
rasterFormat-нибл 0x%X вне таблицы 1..6/0xA → LOAD-FAIL	rasterFormat nibble 0x%X outside the table 1..6/0xA → LOAD-FAIL	nibble de rasterFormat 0x%X fuera de la tabla 1..6/0xA → LOAD-FAIL
несжатый растр: нибл 0x%X (%s) требует D3DFMT %d, в файле %u → LOAD-FAIL	uncompressed raster: nibble 0x%X (%s) requires D3DFMT %d, the file has %u → LOAD-FAIL	raster sin comprimir: el nibble 0x%X (%s) requiere D3DFMT %d, en el archivo hay %u → LOAD-FAIL
размер %dx%d — нулевая сторона (краш при lock или LOAD-FAIL)	size %dx%d — zero side (crash at lock or LOAD-FAIL)	tamaño %dx%d — lado cero (crash al hacer lock o LOAD-FAIL)
размер %dx%d не степень двойки — на видеокартах с POW2-caps LOAD-FAIL	size %dx%d is not a power of two — LOAD-FAIL on cards with POW2 caps	tamaño %dx%d no es potencia de dos — en tarjetas con caps POW2, LOAD-FAIL
размер %dx%d больше 4096 — превышает MaxTextureWidth многих устройств → LOAD-FAIL	size %dx%d larger than 4096 — exceeds MaxTextureWidth of many devices → LOAD-FAIL	tamaño %dx%d mayor que 4096 — supera MaxTextureWidth de muchos dispositivos → LOAD-FAIL
размер %dx%d больше 2048 — старые видеокарты откажут	size %dx%d larger than 2048 — old video cards refuse it	tamaño %dx%d mayor que 2048 — las tarjetas antiguas lo rechazan
%s без флага alpha — отрисуется непрозрачной	%s without the alpha flag — renders opaque	%s sin el flag alpha — se dibujará opaca
%s без альфы — 16 байт на блок вместо 8 у DXT1, текстура занимает вдвое больше без пользы	%s without alpha — 16 bytes per block instead of DXT1's 8, the texture takes twice the space for nothing	%s sin alfa — 16 bytes por bloque en vez de los 8 de DXT1, la textura ocupa el doble sin provecho
Пересохрани в DXT1 (просмотрщик TXD → «Пересохранить»): цветные блоки те же, теряется только неиспользуемый канал альфы.	Re-save as DXT1 (TXD viewer → «Re-save»): the colour blocks are the same, only the unused alpha channel is dropped.	Vuelve a guardar en DXT1 (visor TXD → «Volver a guardar»): los bloques de color son los mismos, solo se pierde el canal alfa sin usar.
numLevels = 0 — ни один уровень не читается, текстура из мусора	numLevels = 0 — no level is read, texture from garbage	numLevels = 0 — no se lee ningún nivel, textura de basura
numLevels %d > %d (%s) — GetSurfaceLevel для лишнего уровня даёт NULL, RwStreamRead(NULL) → краш	numLevels %d > %d (%s) — GetSurfaceLevel for the extra level returns NULL, RwStreamRead(NULL) → crash	numLevels %d > %d (%s) — GetSurfaceLevel para el nivel sobrante da NULL, RwStreamRead(NULL) → crash
полная цепочка	full chain	cadena completa
без бита MIPMAP один уровень	one level without the MIPMAP bit	un nivel sin el bit MIPMAP
бит MIPMAP (0x8000) при одном уровне — DXT-текстура создаётся одноуровневой, флаг лишний	MIPMAP bit (0x8000) with a single level — a DXT texture is created single-level, the flag is redundant	bit MIPMAP (0x8000) con un solo nivel — la textura DXT se crea de un nivel, el flag sobra
numLevels %d < цепочки %d — не записаны только уровни меньше 4×4 (ваниль хранит их с размером 0, тот же мусор)	numLevels %d < chain %d — only the levels smaller than 4×4 are missing (vanilla stores them with size 0, same garbage)	numLevels %d < cadena %d — solo faltan los niveles menores de 4×4 (vanilla los guarda con tamaño 0, la misma basura)
numLevels %d < полной цепочки %d — D3D создаёт всю цепочку, непрочитанные уровни остаются мусором (видно вдали)	numLevels %d < full chain %d — D3D creates the whole chain, the unread levels stay garbage (visible at a distance)	numLevels %d < cadena completa %d — D3D crea toda la cadena, los niveles sin leer quedan como basura (se ve a lo lejos)
уровень %d: данные обрываются внутри STRUCT — короткое чтение → LOAD-FAIL	level %d: the data ends inside the STRUCT — short read → LOAD-FAIL	nivel %d: los datos se cortan dentro del STRUCT — lectura corta → LOAD-FAIL
уровень %d (%dx%d): размер %u > %u байт поверхности — запись за пределы системной копии текстуры (порча кучи)	level %d (%dx%d): size %u > %u surface bytes — write past the system copy of the texture (heap corruption)	nivel %d (%dx%d): tamaño %u > %u bytes de la superficie — escritura fuera de la copia en sistema de la textura (corrupción del heap)
верхний уровень с размером 0 — текстура из мусора	top level with size 0 — texture from garbage	nivel superior con tamaño 0 — textura de basura
уровень %d (%dx%d) с размером 0 — останется неинициализированным	level %d (%dx%d) with size 0 — stays uninitialised	nivel %d (%dx%d) con tamaño 0 — quedará sin inicializar
Ваниль пишет 0 только для уровней меньше 4×4.	Vanilla writes 0 only for levels smaller than 4×4.	Vanilla escribe 0 solo en los niveles menores de 4×4.
уровень %d (%dx%d): %u из %u байт — хвост уровня мусор	level %d (%dx%d): %u of %u bytes — the tail of the level is garbage	nivel %d (%dx%d): %u de %u bytes — la cola del nivel es basura
уровень %d: заявлено %u байт, в STRUCT осталось меньше → короткое чтение → LOAD-FAIL	level %d: %u bytes declared, less left in the STRUCT → short read → LOAD-FAIL	nivel %d: declarados %u bytes, en el STRUCT quedan menos → lectura corta → LOAD-FAIL
после последнего уровня в STRUCT остаётся %u байт — следующий FindChunk прочитает их как заголовок → LOAD-FAIL	%u bytes remain in the STRUCT after the last level — the next FindChunk reads them as a header → LOAD-FAIL	tras el último nivel quedan %u bytes en el STRUCT — el siguiente FindChunk los leerá como cabecera → LOAD-FAIL
Читатель не использует длину STRUCT; каждый байт должен быть съеден уровнями.	The reader ignores the STRUCT length; every byte must be consumed by the levels.	El lector no usa la longitud del STRUCT; los niveles deben consumir cada byte.
platformId %u (%s) — %s принимает только %s → LOAD-FAIL	platformId %u (%s) — %s accepts only %s → LOAD-FAIL	platformId %u (%s) — %s solo acepta %s → LOAD-FAIL
в файле больше текстур, чем %d в заголовке — лишние не загрузятся	more textures in the file than the %d in the header — the extra ones will not load	en el archivo hay más texturas que las %d de la cabecera — las sobrantes no cargarán
кэш текстур видеокарты старше gta3.img — игра берёт TXD из кэша, правки текстур в gta3.img не видны	the video-card texture cache is older than gta3.img — the game takes TXDs from the cache, texture edits in gta3.img are invisible	la caché de texturas de la tarjeta gráfica es más antigua que gta3.img — el juego toma los TXD de la caché, los cambios de texturas en gta3.img no se ven
кэш текстур видеокарты (CreateTxdImageForVideoCard) — пока он есть, TXD читаются из него, а не из gta3.img	video-card texture cache (CreateTxdImageForVideoCard) — while it exists, TXDs are read from it, not from gta3.img	caché de texturas de la tarjeta gráfica (CreateTxdImageForVideoCard) — mientras exista, los TXD se leen de ella y no de gta3.img
После правки любого TXD удалить models/txd.img и txd.dir — игра пересоберёт их при запуске.	After editing any TXD delete models/txd.img and txd.dir — the game rebuilds them at start-up.	Tras editar cualquier TXD, borrar models/txd.img y txd.dir — el juego los reconstruye al iniciar.
TEXDICTION: файл не найден (LoadTexDictionary вернёт пустой словарь)	TEXDICTION: file not found (LoadTexDictionary returns an empty dictionary)	TEXDICTION: archivo no encontrado (LoadTexDictionary devolverá un diccionario vacío)
%d различных имён TXD (+~20 системных) — пул CTxdStore на 5000, AddTxdSlot пишет по NULL	%d distinct TXD names (+~20 system ones) — the CTxdStore pool holds 5000, AddTxdSlot writes through NULL	%d nombres de TXD distintos (+~20 del sistema) — el pool CTxdStore es de 5000, AddTxdSlot escribe por NULL
Лимит-аджастер включён — проверь его настройку.	Limit adjuster enabled — check its setting.	Limit adjuster activado — revisa su configuración.
%d имён TXD из 5000 доступных — запас меньше 500	%d TXD names out of 5000 available — less than 500 spare	%d nombres de TXD de 5000 disponibles — quedan menos de 500
цикл в цепочке txdp — ни один TXD цепочки не загрузится	loop in the txdp chain — no TXD of the chain will load	bucle en la cadena txdp — ningún TXD de la cadena cargará
родительский TXD «%s» нет ни в одном IMG — дочерний «%s» никогда не загрузится	parent TXD «%s» is in no IMG — child «%s» never loads	el TXD padre «%s» no está en ningún IMG — el hijo «%s» nunca cargará
переднее левое	front left	delantera izquierda
заднее левое	rear left	trasera izquierda
переднее правое	front right	delantera derecha
заднее правое	rear right	trasera derecha
переднее	front	delantera
заднее	rear	trasera
нет фрейма «%s» (%s колесо, hierarchy id %d) — CVehicleModelInfo::GetWheelPosn 0x4C7D20 разыменует NULL при спавне → краш	no frame «%s» (%s wheel, hierarchy id %d) — CVehicleModelInfo::GetWheelPosn 0x4C7D20 dereferences NULL on spawn → crash	no hay frame «%s» (rueda %s, hierarchy id %d) — CVehicleModelInfo::GetWheelPosn 0x4C7D20 desreferencia NULL al hacer spawn → crash
; есть «%s» — суффикс Blender ушёл в DFF, _stricmp его не сопоставит	; there is «%s» — the Blender suffix went into the DFF, _stricmp will not match it	; existe «%s» — el sufijo de Blender se fue al DFF, _stricmp no lo emparejará
Тип %s из vehicles.ide использует таблицу CAutomobile: SetFrameIds 0x4C5460 ищет все четыре wheel_*_dummy по имени (регистр не важен, имя — точно), ms_wheelFrameIDs {5,7,2,4} → GetWheelPosn без проверки NULL (0x4C7D57 / 0x4C7DAD). Переименуй/добавь dummy; wheel_lm/rm_dummy колёса не заменяют.	Type %s from vehicles.ide uses the CAutomobile table: SetFrameIds 0x4C5460 looks up all four wheel_*_dummy by name (case-insensitive, exact name), ms_wheelFrameIDs {5,7,2,4} → GetWheelPosn without a NULL check (0x4C7D57 / 0x4C7DAD). Rename/add the dummies; wheel_lm/rm_dummy do not replace the wheels.	El tipo %s de vehicles.ide usa la tabla CAutomobile: SetFrameIds 0x4C5460 busca los cuatro wheel_*_dummy por nombre (sin distinguir mayúsculas, nombre exacto), ms_wheelFrameIDs {5,7,2,4} → GetWheelPosn sin comprobar NULL (0x4C7D57 / 0x4C7DAD). Renombra/añade los dummy; wheel_lm/rm_dummy no sustituyen a las ruedas.
нет фрейма «%s» (%s колесо байка, hierarchy id %d) — CBike берёт матрицу этого узла без проверки NULL → краш при спавне	no frame «%s» (%s bike wheel, hierarchy id %d) — CBike takes the matrix of this node without a NULL check → crash on spawn	no hay frame «%s» (rueda %s de moto, hierarchy id %d) — CBike toma la matriz de este nodo sin comprobar NULL → crash al hacer spawn
Тип %s использует таблицу BIKE/BMX (0x8A7270 / 0x8A73D0): колёса называются wheel_front / wheel_rear, а не wheel_lf_dummy и т.п.	Type %s uses the BIKE/BMX table (0x8A7270 / 0x8A73D0): the wheels are called wheel_front / wheel_rear, not wheel_lf_dummy etc.	El tipo %s usa la tabla BIKE/BMX (0x8A7270 / 0x8A73D0): las ruedas se llaman wheel_front / wheel_rear, no wheel_lf_dummy, etc.
поезд (vehicleType 6): собственная схема id колёс (wheel_rf1_dummy … wheel_lb3_dummy, bogie_front/rear) — правила VEH-01/02 не применяются	train (vehicleType 6): its own wheel-id scheme (wheel_rf1_dummy … wheel_lb3_dummy, bogie_front/rear) — rules VEH-01/02 do not apply	tren (vehicleType 6): esquema propio de id de ruedas (wheel_rf1_dummy … wheel_lb3_dummy, bogie_front/rear) — las reglas VEH-01/02 no se aplican
Таблица TRAIN @ 0x8A7068; GetWheelPosn для CTrain не вызывается.	TRAIN table @ 0x8A7068; GetWheelPosn is not called for CTrain.	Tabla TRAIN @ 0x8A7068; GetWheelPosn no se llama para CTrain.
нет фрейма «chassis_dummy» — корневой dummy машины, под которым лежат chassis и все *_dummy	no frame «chassis_dummy» — the root dummy of the vehicle, under which chassis and every *_dummy sit	no hay frame «chassis_dummy» — el dummy raíz del vehículo, bajo el que van chassis y todos los *_dummy
; есть «%s» (суффикс Blender)	; there is «%s» (Blender suffix)	; existe «%s» (sufijo de Blender)
; нет и фрейма «chassis» (hierarchy id 1, CAR_CHASSIS) — кузов не получит id, всё, что движок берёт через GetFrameFromId(1), отвалится	; and no frame «chassis» either (hierarchy id 1, CAR_CHASSIS) — the body gets no id, everything the engine takes through GetFrameFromId(1) breaks	; y tampoco hay frame «chassis» (hierarchy id 1, CAR_CHASSIS) — la carrocería no recibe id, todo lo que el motor toma por GetFrameFromId(1) se rompe
У каждой ванильной модели типа %s иерархия: <model> → chassis_dummy → chassis + dummy-фреймы. Без chassis_dummy экспортёр обычно выдаёт плоскую иерархию, и dummy оказываются не там, где их ждёт PreprocessHierarchy.	Every vanilla model of type %s has the hierarchy: <model> → chassis_dummy → chassis + dummy frames. Without chassis_dummy the exporter usually produces a flat hierarchy and the dummies are not where PreprocessHierarchy expects them.	Todo modelo vanilla de tipo %s tiene la jerarquía: <model> → chassis_dummy → chassis + frames dummy. Sin chassis_dummy el exportador suele producir una jerarquía plana y los dummy no están donde PreprocessHierarchy los espera.
имя фрейма «%s» повторяется %d раза (фреймы %s) — %s	frame name «%s» repeats %d times (frames %s) — %s	el nombre de frame «%s» se repite %d veces (frames %s) — %s
SetFrameIds 0x4C5460 ставит hierarchy id %d только первому (id ещё 0), остальные копии движок не видит	SetFrameIds 0x4C5460 assigns hierarchy id %d only to the first one (its id still 0), the engine never sees the other copies	SetFrameIds 0x4C5460 asigna el hierarchy id %d solo al primero (su id aún es 0), el motor no ve las demás copias
dummy ищется по имени один раз (первое совпадение), остальные копии игнорируются	a dummy is looked up by name once (first match), the other copies are ignored	el dummy se busca por nombre una sola vez (primera coincidencia), las demás copias se ignoran
Оставь один фрейм с этим именем; лишние переименуй (misc_*/extra*) или объедини.	Keep one frame with this name; rename the extras (misc_*/extra*) or merge them.	Deja un solo frame con ese nombre; renombra los sobrantes (misc_*/extra*) o fusiónalos.
имя фрейма «%s» повторяется %d раза (фреймы %s) — имени нет в таблице типа %s, движок его не ищет	frame name «%s» repeats %d times (frames %s) — the name is not in the %s type table, the engine does not look for it	el nombre de frame «%s» se repite %d veces (frames %s) — el nombre no está en la tabla del tipo %s, el motor no lo busca
фрейм «%s»: имя из таблицы %s с суффиксом Blender — _stricmp сравнивает точно, движок считает его безымянным%s	frame «%s»: a name from the %s table with a Blender suffix — _stricmp compares exactly, the engine treats it as nameless%s	frame «%s»: nombre de la tabla %s con sufijo de Blender — _stricmp compara exacto, el motor lo considera sin nombre%s
 (есть и правильный «%s» — это дубль)	 (the correct «%s» exists too — this is a duplicate)	 (también existe el correcto «%s» — es un duplicado)
Убери «.001» перед экспортом (в Blender это признак дубликата объекта).	Remove the «.001» before exporting (in Blender it marks a duplicated object).	Quita el «.001» antes de exportar (en Blender indica un objeto duplicado).
таблица %s: %d из %d имён есть; нет: %s; фреймов вне таблицы: %d	table %s: %d of %d names present; missing: %s; frames outside the table: %d	tabla %s: %d de %d nombres presentes; faltan: %s; frames fuera de la tabla: %d
Отсутствующие необязательные имена (misc_*, extra*, двери, ped_*) просто не дают соответствующей детали/позиции.	Missing optional names (misc_*, extra*, doors, ped_*) simply leave out that part/position.	Los nombres opcionales ausentes (misc_*, extra*, puertas, ped_*) simplemente dejan sin esa pieza/posición.
нет плагина Collision (0x253F2FA) в EXTENSION клампа и ни один .col не содержит записи с именем модели — CEntity::GetColModel 0x535300 вернёт modelinfo+0x14 без проверки, CAutomobile::SetupSuspensionLines 0x6A65EF / CBike 0x6B89C3 разыменуют NULL → краш при спавне	no Collision plugin (0x253F2FA) in the clump EXTENSION and no .col holds an entry named after the model — CEntity::GetColModel 0x535300 returns modelinfo+0x14 unchecked, CAutomobile::SetupSuspensionLines 0x6A65EF / CBike 0x6B89C3 dereference NULL → crash on spawn	no hay plugin Collision (0x253F2FA) en la EXTENSION del clump y ningún .col contiene una entrada con el nombre del modelo — CEntity::GetColModel 0x535300 devuelve modelinfo+0x14 sin comprobar, CAutomobile::SetupSuspensionLines 0x6A65EF / CBike 0x6B89C3 desreferencian NULL → crash al hacer spawn
Экспортируй машину со встроенной COL3-коллизией (INU Tools / DragonFF: галочка коллизии в экспорте машины) или положи запись с именем модели в .col.	Export the vehicle with an embedded COL3 collision (INU Tools / DragonFF: the collision checkbox in the vehicle export) or put an entry named after the model into a .col.	Exporta el vehículo con colisión COL3 incrustada (INU Tools / DragonFF: casilla de colisión en la exportación de vehículos) o pon una entrada con el nombre del modelo en un .col.
нет плагина Collision (0x253F2FA) в EXTENSION клампа — коллизия берётся из .col-записи с именем модели (CollisionPlugin::ReadCB 0x41B1D0 не вызывается)	no Collision plugin (0x253F2FA) in the clump EXTENSION — the collision comes from the .col entry named after the model (CollisionPlugin::ReadCB 0x41B1D0 is not called)	no hay plugin Collision (0x253F2FA) en la EXTENSION del clump — la colisión se toma de la entrada .col con el nombre del modelo (CollisionPlugin::ReadCB 0x41B1D0 no se llama)
Для машин ванильный путь — встроенная COL3 в DFF; внешняя запись работает, но стримится отдельно.	For vehicles the vanilla path is an embedded COL3 in the DFF; an external entry works but is streamed separately.	Para vehículos la vía vanilla es la COL3 incrustada en el DFF; una entrada externa funciona, pero se transmite aparte.
тело плагина Collision %u байт > 16384 — CollisionPlugin::ReadCB 0x41B1FB читает его RwStreamRead в PC_Scratch (0xC8E0C8, 16 КБ) без ограничения → переполнение bss (gamma и далее) → краш	Collision plugin body of %u bytes > 16384 — CollisionPlugin::ReadCB 0x41B1FB reads it with RwStreamRead into PC_Scratch (0xC8E0C8, 16 KB) unbounded → bss overflow (gamma and beyond) → crash	cuerpo del plugin Collision de %u bytes > 16384 — CollisionPlugin::ReadCB 0x41B1FB lo lee con RwStreamRead en PC_Scratch (0xC8E0C8, 16 KB) sin límite → desbordamiento del bss (gamma y siguientes) → crash
Упрости коллизию машины: меньше граней/сфер/боксов, без shadow-меша, чтобы запись COL3 была короче 16 КБ.	Simplify the vehicle collision: fewer faces/spheres/boxes, no shadow mesh, so the COL3 entry stays under 16 KB.	Simplifica la colisión del vehículo: menos caras/esferas/cajas, sin mesh de sombra, para que la entrada COL3 quede por debajo de 16 KB.
плагин Collision начинается не с COLL/COL2/COL3 (первые байты %s, %u байт) — CollisionPlugin::ReadCB 0x41B1D0 передаёт запись парсеру как есть → мусорная коллизия	the Collision plugin does not start with COLL/COL2/COL3 (first bytes %s, %u bytes) — CollisionPlugin::ReadCB 0x41B1D0 hands the entry to the parser as is → garbage collision	el plugin Collision no empieza por COLL/COL2/COL3 (primeros bytes %s, %u bytes) — CollisionPlugin::ReadCB 0x41B1D0 pasa la entrada al parser tal cual → colisión basura
Так устроен ванильный rccam.dff (старый блоб III/VC, 160 байт). Пересохрани с COL3-записью.	This is how the vanilla rccam.dff is built (an old III/VC blob, 160 bytes). Re-save with a COL3 entry.	Así está hecho el rccam.dff vanilla (blob antiguo de III/VC, 160 bytes). Vuelve a guardarlo con una entrada COL3.
плагин Collision: поле size = %u, а тело %u байт (ожидается size + 8 = тело, тело ≥ 32) — LoadCollisionModelVer2/3 читают size−0x18 байт из scratch-буфера: за концом записи лежат устаревшие байты предыдущей коллизии	Collision plugin: size field = %u, body %u bytes (expected size + 8 = body, body ≥ 32) — LoadCollisionModelVer2/3 read size−0x18 bytes from the scratch buffer: past the entry lie stale bytes of the previous collision	plugin Collision: campo size = %u, cuerpo de %u bytes (se espera size + 8 = cuerpo, cuerpo ≥ 32) — LoadCollisionModelVer2/3 leen size−0x18 bytes del búfer scratch: tras el final de la entrada hay bytes viejos de la colisión anterior
Поле size записи COL должно быть равно длине тела минус 8 (fourcc + size).	The size field of a COL entry must equal the body length minus 8 (fourcc + size).	El campo size de una entrada COL debe ser igual a la longitud del cuerpo menos 8 (fourcc + size).
фрейм «%s» не владеет атомиком — PreprocessHierarchy 0x4C8E60 (0x4C8FF9/0x4C9007) вызывает RpClumpRemoveAtomic 0x74A4C0 для атомика этого фрейма: mov ecx,[eax+0x44] без NULL-теста → краш при загрузке модели	frame «%s» owns no atomic — PreprocessHierarchy 0x4C8E60 (0x4C8FF9/0x4C9007) calls RpClumpRemoveAtomic 0x74A4C0 for this frame's atomic: mov ecx,[eax+0x44] without a NULL test → crash when the model loads	el frame «%s» no posee atomic — PreprocessHierarchy 0x4C8E60 (0x4C8FF9/0x4C9007) llama a RpClumpRemoveAtomic 0x74A4C0 para el atomic de este frame: mov ecx,[eax+0x44] sin comprobar NULL → crash al cargar el modelo
Каждый extra1..extra6 должен быть узлом с геометрией (атомиком), а не пустым dummy. Пустой extra — удали или дай ему меш.	Every extra1..extra6 must be a node with geometry (an atomic), not an empty dummy. Delete an empty extra or give it a mesh.	Cada extra1..extra6 debe ser un nodo con geometría (un atomic), no un dummy vacío. Un extra vacío: elimínalo o dale un mesh.
dummy-фрейм «%s» владеет атомиком — PreprocessHierarchy копирует позицию (0x4C8F24) и уничтожает фрейм RwFrameDestroy 0x4C8F6E → RwFreeListFree; атомик остаётся с указателем на освобождённый фрейм = use-after-free (сначала деталь съезжает, потом краш)	dummy frame «%s» owns an atomic — PreprocessHierarchy copies the position (0x4C8F24) and destroys the frame with RwFrameDestroy 0x4C8F6E → RwFreeListFree; the atomic keeps a pointer to the freed frame = use-after-free (first the part drifts, then a crash)	el frame dummy «%s» posee un atomic — PreprocessHierarchy copia la posición (0x4C8F24) y destruye el frame con RwFrameDestroy 0x4C8F6E → RwFreeListFree; el atomic se queda con un puntero al frame liberado = use-after-free (primero la pieza se descoloca, luego crash)
Позиционные dummy (ped_*seat, headlights*, taillights*, exhaust, engine, petrolcap, hookup, ped_arm, miscpos_*, bargrip …) должны быть пустыми узлами без геометрии.	Position dummies (ped_*seat, headlights*, taillights*, exhaust, engine, petrolcap, hookup, ped_arm, miscpos_*, bargrip …) must be empty nodes without geometry.	Los dummy de posición (ped_*seat, headlights*, taillights*, exhaust, engine, petrolcap, hookup, ped_arm, miscpos_*, bargrip …) deben ser nodos vacíos sin geometría.
у dummy-фрейма «%s» есть дочерние фреймы — RwFrameDestroy (RW 3.7 _rwFrameInternalDeInit) ставит детям parent = NULL: они осиротеют и перестанут двигаться с машиной	dummy frame «%s» has child frames — RwFrameDestroy (RW 3.7 _rwFrameInternalDeInit) sets the children's parent = NULL: they are orphaned and stop moving with the vehicle	el frame dummy «%s» tiene frames hijos — RwFrameDestroy (RW 3.7 _rwFrameInternalDeInit) pone a los hijos parent = NULL: quedan huérfanos y dejan de moverse con el vehículo
Позиционные dummy — листья иерархии; вложенные узлы перенеси под chassis.	Position dummies are leaves of the hierarchy; move nested nodes under chassis.	Los dummy de posición son hojas de la jerarquía; mueve los nodos anidados bajo chassis.
compRules %s: правило %s = %u при всех трёх comp-нибблах F — ChooseComponent 0x4C7FB0: CountCompsInRule = 0 → GetRandomNumberInRange(0,0) = 0 → возвращает 0xF; CreateInstance 0x4C96E2 читает m_apExtras[15] (за концом CVehicleStructure 0x314) → RpAtomicClone(мусор) → краш при спавне	compRules %s: rule %s = %u with all three comp nibbles F — ChooseComponent 0x4C7FB0: CountCompsInRule = 0 → GetRandomNumberInRange(0,0) = 0 → returns 0xF; CreateInstance 0x4C96E2 reads m_apExtras[15] (past the end of CVehicleStructure 0x314) → RpAtomicClone(garbage) → crash on spawn	compRules %s: regla %s = %u con los tres nibbles comp en F — ChooseComponent 0x4C7FB0: CountCompsInRule = 0 → GetRandomNumberInRange(0,0) = 0 → devuelve 0xF; CreateInstance 0x4C96E2 lee m_apExtras[15] (fuera de CVehicleStructure 0x314) → RpAtomicClone(basura) → crash al hacer spawn
Впиши индексы имеющихся extras (0..5 в порядке extra1..extra6) в нибблы правила или используй правило 4 (полный рандом).	Put the indices of the existing extras (0..5 in extra1..extra6 order) into the rule nibbles, or use rule 4 (fully random).	Escribe los índices de los extras existentes (0..5 en el orden extra1..extra6) en los nibbles de la regla o usa la regla 4 (aleatorio total).
compRules %s: правило %s содержит компонент(ы) %s ≥ 6 — m_apExtras всего 6, CreateInstance 0x4C96E2 читает m_nNumExtras/маску/соседний слот пула как указатель → RpAtomicClone(мусор) → краш при спавне	compRules %s: rule %s contains component(s) %s ≥ 6 — m_apExtras has only 6, CreateInstance 0x4C96E2 reads m_nNumExtras/the mask/the neighbouring pool slot as a pointer → RpAtomicClone(garbage) → crash on spawn	compRules %s: la regla %s contiene componente(s) %s ≥ 6 — m_apExtras solo tiene 6, CreateInstance 0x4C96E2 lee m_nNumExtras/la máscara/el slot vecino del pool como puntero → RpAtomicClone(basura) → crash al hacer spawn
Индексы компонентов — 0..5 (порядок extra1..extra6 среди реально присутствующих).	Component indices are 0..5 (extra1..extra6 order among the ones actually present).	Los índices de componente son 0..5 (orden extra1..extra6 entre los realmente presentes).
compRules %s: правило %s ссылается на компонент(ы) %s, а в DFF только %d extra — m_apExtras[n] = NULL, компонент молча пропускается	compRules %s: rule %s references component(s) %s, but the DFF has only %d extras — m_apExtras[n] = NULL, the component is silently skipped	compRules %s: la regla %s referencia el/los componente(s) %s, pero el DFF solo tiene %d extra — m_apExtras[n] = NULL, el componente se salta en silencio
нет фреймов, которые есть у всех ванильных моделей типа %s: %s — PreprocessHierarchy оставит m_avDummyPos = (0,0,0): педы садятся / фары и выхлоп рисуются в начале координат модели	no frames that every vanilla model of type %s has: %s — PreprocessHierarchy leaves m_avDummyPos = (0,0,0): peds sit / headlights and exhaust are drawn at the model origin	faltan frames que tienen todos los modelos vanilla del tipo %s: %s — PreprocessHierarchy dejará m_avDummyPos = (0,0,0): los peatones se sientan / los faros y el escape se dibujan en el origen del modelo
Добавь недостающие dummy (пустые узлы) в нужных точках; chassis / chassis_vlo — узлы с геометрией.	Add the missing dummies (empty nodes) at the right spots; chassis / chassis_vlo are nodes with geometry.	Añade los dummy que faltan (nodos vacíos) en los puntos adecuados; chassis / chassis_vlo son nodos con geometría.
data/weapon.dat не найден — LoadWeaponData 0x5BE670 не проверяет OpenFile → LoadLine(NULL) → fgets(NULL) → краш при старте	data/weapon.dat not found — LoadWeaponData 0x5BE670 does not check OpenFile → LoadLine(NULL) → fgets(NULL) → crash at startup	data/weapon.dat no encontrado — LoadWeaponData 0x5BE670 no comprueba OpenFile → LoadLine(NULL) → fgets(NULL) → crash al arrancar
модель id %d (%s в ванильном default.ide, секция weap) не определена ни в одном IDE — CStreaming::LoadInitialWeapons 0x40A120 запрашивает ровно ids 334/345/346, RequestModel 0x4087E0 разыменует ms_modelInfoPtrs[id] без NULL → краш при старте	model id %d (%s in the vanilla default.ide, weap section) is not defined in any IDE — CStreaming::LoadInitialWeapons 0x40A120 requests exactly ids 334/345/346, RequestModel 0x4087E0 dereferences ms_modelInfoPtrs[id] without NULL → crash at startup	el modelo id %d (%s en el default.ide vanilla, sección weap) no está definido en ningún IDE — CStreaming::LoadInitialWeapons 0x40A120 pide exactamente los ids 334/345/346, RequestModel 0x4087E0 desreferencia ms_modelInfoPtrs[id] sin NULL → crash al arrancar
%s «%.40s…» длиной %d ≥ %d — sscanf %%s без ширины пишет за буфер на стеке (%s) → адрес возврата затёрт → краш при старте	%s «%.40s…» of length %d ≥ %d — sscanf %%s without width writes past the stack buffer (%s) → return address overwritten → crash at startup	%s «%.40s…» de longitud %d ≥ %d — sscanf %%s sin anchura escribe fuera del búfer de pila (%s) → dirección de retorno sobrescrita → crash al arrancar
%s «%.40s…» длиной %d ≥ 32 — переполняет 32-байтный буфер, затирает соседние локалы (имя/группу)	%s «%.40s…» of length %d ≥ 32 — overflows the 32-byte buffer, overwrites the neighbouring locals (name/group)	%s «%.40s…» de longitud %d ≥ 32 — desborda el búfer de 32 bytes, sobrescribe los locales vecinos (nombre/grupo)
строка после ENDWEAPONDATA — не читается	line after ENDWEAPONDATA — not read	línea tras ENDWEAPONDATA — no se lee
строка начинается с «£» в UTF-8 (C2 A3) — движок ждёт один байт 0xA3 (cp1252); строка молча игнорируется, melee-оружие остаётся без строки	line starts with «£» in UTF-8 (C2 A3) — the engine expects the single byte 0xA3 (cp1252); the line is silently ignored, the melee weapon has no row	la línea empieza por «£» en UTF-8 (C2 A3) — el motor espera el byte único 0xA3 (cp1252); la línea se ignora en silencio, el arma cuerpo a cuerpo se queda sin fila
Сохрани weapon.dat в ANSI/cp1252, не в UTF-8.	Save weapon.dat as ANSI/cp1252, not UTF-8.	Guarda weapon.dat en ANSI/cp1252, no en UTF-8.
строка с неизвестным первым байтом 0x%02X — молча игнорируется	line with an unknown first byte 0x%02X — silently ignored	línea con primer byte desconocido 0x%02X — se ignora en silencio
префиксный токен «%s» длиной %d ≥ 8 — 8-байтный буфер префикса на стеке переполнен	prefix token «%s» of length %d ≥ 8 — the 8-byte prefix buffer on the stack overflows	token de prefijo «%s» de longitud %d ≥ 8 — el búfer de prefijo de 8 bytes en la pila se desborda
%%-строка: %d полей вместо 10 — недостающие смещения прицела = мусор со стека	%% line: %d fields instead of 10 — the missing aim offsets = stack garbage	línea %%: %d campos en vez de 10 — los desplazamientos de puntería que faltan = basura de la pila
группа не найдена → индекс = число определений (%d) − 11 = %d → запись внутрь aWeaponInfo (оружие №%d, байт +0x%X)	group not found → index = number of definitions (%d) − 11 = %d → write inside aWeaponInfo (weapon #%d, byte +0x%X)	grupo no encontrado → índice = número de definiciones (%d) − 11 = %d → escritura dentro de aWeaponInfo (arma n.º %d, byte +0x%X)
индекс %d − 11 < 0 → запись перед aGunAimingOffsets: gpCrossHairTex / gCrossHair 0xC8A810..0xC8A838 (указатели текстур прицела → краш при отрисовке)	index %d − 11 < 0 → write before aGunAimingOffsets: gpCrossHairTex / gCrossHair 0xC8A810..0xC8A838 (crosshair texture pointers → crash at draw)	índice %d − 11 < 0 → escritura antes de aGunAimingOffsets: gpCrossHairTex / gCrossHair 0xC8A810..0xC8A838 (punteros de textura de la mira → crash al dibujar)
индекс %d − 11 = %d ≥ 21 → запись внутрь aWeaponInfo (оружие №%d)	index %d − 11 = %d ≥ 21 → write inside aWeaponInfo (weapon #%d)	índice %d − 11 = %d ≥ 21 → escritura dentro de aWeaponInfo (arma n.º %d)
%%-строка для группы «%s» не из 21 стрелковой (python … spraycan, индексы 11..31) — 0x5BED14 пишет 24 байта по aGunAimingOffsets[индекс−11] без границ: %s	%% line for group «%s» not among the 21 gun groups (python … spraycan, indices 11..31) — 0x5BED14 writes 24 bytes at aGunAimingOffsets[index−11] unbounded: %s	línea %% para el grupo «%s» que no es uno de los 21 de armas de fuego (python … spraycan, índices 11..31) — 0x5BED14 escribe 24 bytes en aGunAimingOffsets[índice−11] sin límites: %s
Смещения прицела бывают только у 21 группы: python pythonbad colt45 colt_cop colt45pro sawnoff sawnoffpro silenced shotgun shotgunbad buddy buddybad uzi uzibad rifle riflebad sniper grenade flame rocket spraycan.	Aim offsets exist only for the 21 groups: python pythonbad colt45 colt_cop colt45pro sawnoff sawnoffpro silenced shotgun shotgunbad buddy buddybad uzi uzibad rifle riflebad sniper grenade flame rocket spraycan.	Los desplazamientos de puntería solo existen para 21 grupos: python pythonbad colt45 colt_cop colt45pro sawnoff sawnoffpro silenced shotgun shotgunbad buddy buddybad uzi uzibad rifle riflebad sniper grenade flame rocket spraycan.
%%-строка: поле %d «%s» не разбирается (sscanf останавливается; остальное — мусор)	%% line: field %d «%s» does not parse (sscanf stops; the rest is garbage)	línea %%: el campo %d «%s» no se analiza (sscanf se detiene; el resto es basura)
%s-строка: %d полей вместо %d — недостающие поля (slot/skill/modelId/…) = мусор со стека	%s line: %d fields instead of %d — the missing fields (slot/skill/modelId/…) = stack garbage	línea %s: %d campos en vez de %d — los campos que faltan (slot/skill/modelId/…) = basura de la pila
имя оружия	weapon name	nombre del arma
имя «%s» не из 49 встроенных (FindWeaponType 0x743D10, без регистра) — вернёт 0: строка записывается поверх UNARMED	name «%s» not among the 49 built-ins (FindWeaponType 0x743D10, case-insensitive) — returns 0: the row is written over UNARMED	el nombre «%s» no está entre los 49 integrados (FindWeaponType 0x743D10, sin distinguir mayúsculas) — devuelve 0: la fila se escribe sobre UNARMED
Своих типов оружия нет; используй одно из имён UNARMED … PARACHUTE, ARMOUR.	There are no custom weapon types; use one of the names UNARMED … PARACHUTE, ARMOUR.	No hay tipos de arma propios; usa uno de los nombres UNARMED … PARACHUTE, ARMOUR.
fireType «%s» не MELEE/INSTANT_HIT/PROJECTILE/AREA_EFFECT/CAMERA/USE (точно, с регистром) — FindWeaponFireType 0x5BCF30 вернёт INSTANT_HIT: оружие стреляет пулями	fireType «%s» is not MELEE/INSTANT_HIT/PROJECTILE/AREA_EFFECT/CAMERA/USE (exact, case-sensitive) — FindWeaponFireType 0x5BCF30 returns INSTANT_HIT: the weapon fires bullets	fireType «%s» no es MELEE/INSTANT_HIT/PROJECTILE/AREA_EFFECT/CAMERA/USE (exacto, con mayúsculas) — FindWeaponFireType 0x5BCF30 devuelve INSTANT_HIT: el arma dispara balas
flags «%s» не hex — %%x останавливается на первом не-hex символе: флаги частичные, дальнейшие поля не разобраны	flags «%s» not hex — %%x stops at the first non-hex character: partial flags, the following fields are not parsed	flags «%s» no es hex — %%x se detiene en el primer carácter no hex: flags parciales, los campos siguientes no se analizan
поле %d «%s» не %s — sscanf останавливается, остальные поля = мусор со стека	field %d «%s» is not %s — sscanf stops, the remaining fields = stack garbage	el campo %d «%s» no es %s — sscanf se detiene, el resto de campos = basura de la pila
целое	an integer	un entero
число	a number	un número
skill %d вне 0..3 для типа %s — switch 0x5BE968 не сработает, индекс строки берётся из предыдущей (%s): переписывается чужая запись	skill %d outside 0..3 for type %s — the switch 0x5BE968 does not fire, the row index comes from the previous line (%s): a foreign entry is overwritten	skill %d fuera de 0..3 para el tipo %s — el switch 0x5BE968 no salta, el índice de fila se toma de la línea anterior (%s): se sobrescribe un registro ajeno
строка %d	line %d	línea %d
неинициализирован на первой строке	uninitialised on the first line	sin inicializar en la primera línea
slot %d вне 0..12 — CPed::GiveWeapon 0x5E6080: ped+0x5A0+slot*0x1C без границ (m_aWeapons[13]) → порча CPed	slot %d outside 0..12 — CPed::GiveWeapon 0x5E6080: ped+0x5A0+slot*0x1C unbounded (m_aWeapons[13]) → CPed corruption	slot %d fuera de 0..12 — CPed::GiveWeapon 0x5E6080: ped+0x5A0+slot*0x1C sin límites (m_aWeapons[13]) → corrupción de CPed
modelId%d = %d ≥ 20000 — не id модели (TXD/COL/IPL-слоты стриминга); RequestModel 0x4087E0 читает ms_modelInfoPtrs за концом массива → краш	modelId%d = %d ≥ 20000 — not a model id (TXD/COL/IPL streaming slots); RequestModel 0x4087E0 reads ms_modelInfoPtrs past the array → crash	modelId%d = %d ≥ 20000 — no es un id de modelo (slots de streaming TXD/COL/IPL); RequestModel 0x4087E0 lee ms_modelInfoPtrs fuera del array → crash
modelId%d = %d не определён ни в одном IDE — %s	modelId%d = %d is not defined in any IDE — %s	modelId%d = %d no está definido en ningún IDE — %s
загрузчик пишет ms_modelInfoPtrs[id]+0x24 (0x5BEC49) без NULL-проверки → краш при старте	the loader writes ms_modelInfoPtrs[id]+0x24 (0x5BEC49) without a NULL check → crash at startup	el cargador escribe ms_modelInfoPtrs[id]+0x24 (0x5BEC49) sin comprobar NULL → crash al arrancar
CPed::AddWeaponModel → RequestModel 0x4087E0 разыменует ms_modelInfoPtrs[id]+0xA (0x40890A) без NULL → краш при выдаче оружия	CPed::AddWeaponModel → RequestModel 0x4087E0 dereferences ms_modelInfoPtrs[id]+0xA (0x40890A) without NULL → crash when the weapon is given	CPed::AddWeaponModel → RequestModel 0x4087E0 desreferencia ms_modelInfoPtrs[id]+0xA (0x40890A) sin NULL → crash al entregar el arma
modelId1 = %d («%s») определён секцией %s, не weap — запись weaponType по +0x24 (CWeaponModelInfo::m_weaponInfo) уходит за конец modelinfo размером %s: %s	modelId1 = %d («%s») is defined by section %s, not weap — the weaponType write at +0x24 (CWeaponModelInfo::m_weaponInfo) runs past a modelinfo of size %s: %s	modelId1 = %d («%s») está definido en la sección %s, no en weap — la escritura de weaponType en +0x24 (CWeaponModelInfo::m_weaponInfo) se sale de un modelinfo de tamaño %s: %s
затирает vtable следующего элемента хранилища → краш	overwrites the vtable of the next store element → crash	sobrescribe la vtable del siguiente elemento del almacén → crash
затирает m_nKey следующего objs-элемента (модель перестаёт находиться по имени)	overwrites the m_nKey of the next objs element (the model can no longer be found by name)	sobrescribe el m_nKey del siguiente elemento objs (el modelo deja de encontrarse por nombre)
затирает anim group педа	overwrites the ped's anim group	sobrescribe el anim group del peatón
затирает clump-info машины	overwrites the vehicle's clump info	sobrescribe el clump-info del vehículo
animGroup «%s» не «null» и не точное имя из 118 встроенных групп / animgrp.dat (strcmp с регистром) — группа = 0 «default»: нет анимаций стрельбы и перезарядки	animGroup «%s» is neither «null» nor an exact name from the 118 built-in groups / animgrp.dat (case-sensitive strcmp) — group = 0 «default»: no fire/reload animations	animGroup «%s» no es «null» ni un nombre exacto de los 118 grupos integrados / animgrp.dat (strcmp con mayúsculas) — grupo = 0 «default»: sin animaciones de disparo ni recarga
animGroup «%s» (индекс %d) не в 11..31 — aimOffsetIndex остаётся 0 (смещения python); в ванили так у goggles	animGroup «%s» (index %d) not in 11..31 — aimOffsetIndex stays 0 (python offsets); vanilla has this for goggles	animGroup «%s» (índice %d) no está en 11..31 — aimOffsetIndex se queda en 0 (desplazamientos de python); en vanilla pasa con goggles
stealthAnimGroup «%s» не «null» и не точное имя группы — группа = 0 «default»	stealthAnimGroup «%s» is neither «null» nor an exact group name — group = 0 «default»	stealthAnimGroup «%s» no es «null» ni un nombre exacto de grupo — grupo = 0 «default»
+0x100[32] — сразу за ним локалы и EBP/ret	+0x100[32] — right behind it the locals and EBP/ret	+0x100[32] — justo detrás los locales y EBP/ret
baseCombo «%s» не UNARMED/BBALLBAT/KNIFE/GOLFCLUB/SWORD/CHAINSAW/DILDO/FLOWERS (точно) — 0x61DB30 вернёт 4 (комбо UNARMED)	baseCombo «%s» is not UNARMED/BBALLBAT/KNIFE/GOLFCLUB/SWORD/CHAINSAW/DILDO/FLOWERS (exact) — 0x61DB30 returns 4 (UNARMED combo)	baseCombo «%s» no es UNARMED/BBALLBAT/KNIFE/GOLFCLUB/SWORD/CHAINSAW/DILDO/FLOWERS (exacto) — 0x61DB30 devuelve 4 (combo UNARMED)
ammoClip %ld вне int16 — усекается при записи	ammoClip %ld outside int16 — truncated on store	ammoClip %ld fuera de int16 — se trunca al guardar
ammoClip %ld отрицательный	ammoClip %ld negative	ammoClip %ld negativo
damage %ld вне int16 — усекается при записи	damage %ld outside int16 — truncated on store	damage %ld fuera de int16 — se trunca al guardar
targetRange %s / weaponRange %s ≤ 0 для %s	targetRange %s / weaponRange %s ≤ 0 for %s	targetRange %s / weaponRange %s ≤ 0 para %s
accuracy %s / moveSpeed %s ≤ 0 — множители в рантайме (заголовок файла: 0.5..2.0 / 0.5..1.5)	accuracy %s / moveSpeed %s ≤ 0 — runtime multipliers (file header: 0.5..2.0 / 0.5..1.5)	accuracy %s / moveSpeed %s ≤ 0 — multiplicadores en tiempo de ejecución (cabecera del archivo: 0.5..2.0 / 0.5..1.5)
кадр анимации (поле %d) %s отрицательный	animation frame (field %d) %s negative	fotograma de animación (campo %d) %s negativo
numCombos %ld вне 0..255 — хранится байтом	numCombos %ld outside 0..255 — stored as a byte	numCombos %ld fuera de 0..255 — se guarda en un byte
$-строка для melee-типа %s — skill принудительно 1, комбо остаются по умолчанию	$ row for melee type %s — skill forced to 1, combos keep their defaults	fila $ para el tipo cuerpo a cuerpo %s — skill forzado a 1, los combos conservan los valores por defecto
повторная $-строка для %s skill %d (первая — строка %d) — побеждает последняя	repeated $ row for %s skill %d (first on line %d) — the last one wins	fila $ repetida para %s skill %d (la primera en la línea %d) — gana la última
£-строка для стрелкового типа %s	£ row for gun type %s	fila £ para el tipo de arma de fuego %s
повторная £-строка для %s (первая — строка %d) — побеждает последняя	repeated £ row for %s (first on line %d) — the last one wins	fila £ repetida para %s (la primera en la línea %d) — gana la última
нет $-строки со skill 1 для %s — CGangs::Initialise 0x5DE680 зашивает этот тип как оружие банд; остаются defaults (MELEE, модель −1): бандиты «стреляют» невидимым melee	no $ row with skill 1 for %s — CGangs::Initialise 0x5DE680 hard-codes this type as a gang weapon; the defaults remain (MELEE, model −1): gang members «shoot» with an invisible melee weapon	no hay fila $ con skill 1 para %s — CGangs::Initialise 0x5DE680 fija este tipo como arma de banda; quedan los valores por defecto (MELEE, modelo −1): los pandilleros «disparan» con un arma cuerpo a cuerpo invisible
нет $-строки со skill %d для %s — GetWeaponInfo 0x743C60 вернёт пустую запись (MELEE, модель −1) для педов с этим уровнем	no $ row with skill %d for %s — GetWeaponInfo 0x743C60 returns an empty entry (MELEE, model −1) for peds with that level	no hay fila $ con skill %d para %s — GetWeaponInfo 0x743C60 devolverá una entrada vacía (MELEE, modelo −1) para los peatones con ese nivel
нет строки ENDWEAPONDATA — читается до конца файла	no ENDWEAPONDATA line — read up to the end of the file	no hay línea ENDWEAPONDATA — se lee hasta el final del archivo
III/VC: делятся IPL и IDE; COL и LOD-TXD не трогаются	III/VC: IPL and IDE are split; COL and LOD TXD are left alone	III/VC: se dividen IPL e IDE; COL y LOD-TXD no se tocan
IPL-файлов станет %d — больше 256 слотов CIplStore (без limit adjuster игра упадёт); возьми делений меньше	There would be %d IPL files — more than the 256 CIplStore slots (without a limit adjuster the game crashes); take fewer divisions	Habría %d archivos IPL — más que los 256 slots de CIplStore (sin limit adjuster el juego se cae); toma menos divisiones
Районов с числом объектов выше максимума: %d — возьми делений больше	Districts with more objects than the maximum: %d — take more divisions	Distritos con más objetos que el máximo: %d — toma más divisiones
Нечего делить: ни одной подходящей копии (текстовые IPL без стрим-детей, вне интерьеров)\n	Nothing to split: not one suitable placement (text IPLs without stream children, outside interiors)\n	Nada que dividir: ni una copia adecuada (IPL de texto sin hijos stream, fuera de interiores)\n
III/VC: COL и LOD-TXD не делятся (COLFILE грузится целиком, txd-родителей нет) — только IPL и IDE\n	III/VC: COL and LOD TXD are not split (COLFILE loads whole, no txd parents) — IPL and IDE only\n	III/VC: COL y LOD-TXD no se dividen (COLFILE se carga entero, no hay txd padres) — sólo IPL e IDE\n
%s: TXD не прочитан — LOD «%s» остаётся на нём\n	%s: TXD not read — LOD «%s» stays on it\n	%s: TXD no leído — el LOD «%s» se queda en él\n
%s.txd: текстур %d, LOD-моделей %d, %.1f МБ → %s\n	%s.txd: textures %d, LOD models %d, %.1f MB → %s\n	%s.txd: texturas %d, modelos LOD %d, %.1f MB → %s\n
  ! %s.txd тяжелее 16 МБ — возьми делений больше или отдельные TXD по районам\n	  ! %s.txd is heavier than 16 MB — take more divisions or separate TXDs per district\n	  ! %s.txd pesa más de 16 MB — toma más divisiones o TXD separados por distrito\n
не прочитан	not read	no leído
%s: убрано строк inst: %d\n	%s: inst lines removed: %d\n	%s: líneas inst quitadas: %d\n
%s: строк убрано %d, с новым TXD %d\n	%s: lines removed %d, with the new TXD %d\n	%s: líneas quitadas %d, con el nuevo TXD %d\n
%s: записей COL убрано %d (осталось %d)\n	%s: COL entries removed %d (%d left)\n	%s: entradas COL quitadas %d (quedan %d)\n
data/gta.dat не прочитан — добавь строки IDE/IPL сам\n	data/gta.dat not read — add the IDE/IPL lines yourself\n	data/gta.dat no leído — añade tú las líneas IDE/IPL\n
gta.dat: добавлено строк IDE %d, IPL %d\n	gta.dat: lines added IDE %d, IPL %d\n	gta.dat: líneas añadidas IDE %d, IPL %d\n
Итог: районов %d · IPL новых %d (копий перенесено %d) · IDE новых %d (моделей %d) · COL новых %d (записей %d) · TXD новых %d (текстур %d)\n	Total: districts %d · new IPLs %d (placements moved %d) · new IDEs %d (models %d) · new COLs %d (entries %d) · new TXDs %d (textures %d)\n	Total: distritos %d · IPL nuevos %d (copias movidas %d) · IDE nuevos %d (modelos %d) · COL nuevos %d (entradas %d) · TXD nuevos %d (texturas %d)\n
Новые .col / .txd лежат в папке modloader (или вывода) — игра берёт их как записи IMG.\n	The new .col / .txd files are in the modloader (or output) folder — the game takes them as IMG entries.\n	Los nuevos .col / .txd están en la carpeta modloader (o de salida) — el juego los toma como entradas IMG.\n
Новые .col / .txd лежат в gta_check_out — добавь их в gta3.img (или поставь modloader).\n	The new .col / .txd files are in gta_check_out — add them to gta3.img (or install modloader).\n	Los nuevos .col / .txd están en gta_check_out — añádelos a gta3.img (o instala modloader).\n
Пропущены IPL, на которые ссылаются бинарные стрим-IPL (их lod-индексы нельзя сдвигать): 	IPLs skipped because binary stream IPLs point at them (their lod indices cannot shift): 	IPL omitidos porque IPL stream binarios apuntan a ellos (sus índices lod no pueden moverse): 
нет чанка CLUMP	no CLUMP chunk	sin chunk CLUMP
мусорное число фреймов	garbage frame count	número de frames basura
фрейм %d без EXTENSION	frame %d without EXTENSION	frame %d sin EXTENSION
CLUMP обрезан	CLUMP truncated	CLUMP truncado
число имён не совпадает с числом фреймов	the number of names does not match the number of frames	el número de nombres no coincide con el número de frames
фрейм %d: имя длиннее 23 символов	frame %d: name longer than 23 characters	frame %d: nombre de más de 23 caracteres
EXTENSION обрезан	EXTENSION truncated	EXTENSION truncada
фрейм %d: плагин выходит за EXTENSION	frame %d: plugin runs past the EXTENSION	frame %d: el plugin sobrepasa la EXTENSION
не удалось записать 	could not write 	no se pudo escribir 
запись без источника	entry without a source	entrada sin origen
новый файл больше исходной записи IMG — перепаковка архива не поддерживается	the new file is larger than the original IMG entry — repacking the archive is not supported	el archivo nuevo es mayor que la entrada original del IMG — no se admite reempaquetar el archivo
не удалось открыть архив для записи: 	could not open the archive for writing: 	no se pudo abrir el archivo para escritura: 
ошибка записи в 	write error in 	error de escritura en 
Откатывать нечего	Nothing to undo	No hay nada que deshacer
запись «%s» больше не там, где была	entry «%s» is no longer where it was	la entrada «%s» ya no está donde estaba
копия для отката не читается: 	the undo copy cannot be read: 	la copia para deshacer no se puede leer: 
не удалось удалить 	could not delete 	no se pudo borrar 
непонятная запись журнала	unreadable journal line	línea del registro incomprensible
Откат не удался: 	Undo failed: 	No se pudo deshacer: 
Откачено: %s	Undone: %s	Deshecho: %s
не удалось создать gta_check_backup	could not create gta_check_backup	no se pudo crear gta_check_backup
не удалось сохранить копию оригинала — файл не тронут	could not save a copy of the original — file left untouched	no se pudo guardar una copia del original — el archivo no se ha tocado
нет такой записи	no such entry	no existe esa entrada
%s: не прочитан\n	%s: not read\n	%s: no leído\n
%s:%d: строки нет\n	%s:%d: no such line\n	%s:%d: no existe la línea\n
%s:%d: строка не похожа на объявление модели %d\n	%s:%d: the line does not look like the declaration of model %d\n	%s:%d: la línea no parece la declaración del modelo %d\n
%s:%d: не разобрал поля строки\n	%s:%d: could not parse the fields\n	%s:%d: no se pudieron leer los campos\n
%s: радиус модели неизвестен\n	%s: the model radius is unknown\n	%s: radio del modelo desconocido\n
%s: дальность уже ≥ %g\n	%s: the distance is already ≥ %g\n	%s: la distancia ya es ≥ %g\n
%s: дальность → %g (радиус %.1f)\n	%s: distance → %g (radius %.1f)\n	%s: distancia → %g (radio %.1f)\n
%s: флаг прозрачности уже есть\n	%s: the transparency flag is already there\n	%s: el flag de transparencia ya está\n
%s: флаги %d → %d\n	%s: flags %d → %d\n	%s: flags %d → %d\n
%s: записан, строк изменено %d (оригинал: %s)\n	%s: written, %d lines changed (original: %s)\n	%s: escrito, %d líneas cambiadas (original: %s)\n
%s: записан в %s, строк изменено %d\n	%s: written to %s, %d lines changed\n	%s: escrito en %s, %d líneas cambiadas\n
%s: не прочитан	%s: not read	%s: no leído
%s:%d: строки нет	%s:%d: no such line	%s:%d: no existe la línea
%s:%d: не похоже на inst-строку SA (нет поля lod)	%s:%d: does not look like an SA inst line (no lod field)	%s:%d: no parece una línea inst de SA (sin campo lod)
%s:%d: lod → %d (оригинал: %s)	%s:%d: lod → %d (original: %s)	%s:%d: lod → %d (original: %s)
%s:%d: lod → %d, записан в %s	%s:%d: lod → %d, written to %s	%s:%d: lod → %d, escrito en %s
в файле нет секции inst	the file has no inst section	el archivo no tiene sección inst
менять нечего (копий с нужной связью: %d)	nothing to change (copies already linked: %d)	nada que cambiar (copias ya enlazadas: %d)
%s: связано копий %d (добавлено LOD-строк %d, уже были верны %d) — оригинал: %s	%s: copies linked %d (LOD lines added %d, already right %d) — original: %s	%s: copias enlazadas %d (líneas LOD añadidas %d, ya correctas %d) — original: %s
%s: связь с LOD убрана у %d копий (без LOD уже были %d) — оригинал: %s	%s: LOD link removed from %d copies (already without LOD %d) — original: %s	%s: enlace LOD quitado en %d copias (ya sin LOD %d) — original: %s
порядок уже такой: за каждой моделью идёт её LOD	the order is already so: every model is followed by its LOD	el orden ya es así: cada modelo va seguido de su LOD
%s: строк переставлено %d, индексов пересчитано %d — оригинал: %s	%s: lines moved %d, indices recomputed %d — original: %s	%s: líneas movidas %d, índices recalculados %d — original: %s
%s: строк с новым TXD: %d\n	%s: lines with the new TXD: %d\n	%s: líneas con el nuevo TXD: %d\n
%s: не прочитан (%s)\n	%s: not read (%s)\n	%s: no leído (%s)\n
исправлено фреймов %d	frames fixed %d	fotogramas corregidos %d
TXD не разобран	TXD not parsed	TXD no analizado
текстур перекодировано %d 	textures re-encoded %d 	texturas recodificadas %d 
удалено текстур %d 	textures removed %d 	texturas eliminadas %d 
%s: нечего исправлять\n	%s: nothing to fix\n	%s: nada que corregir\n
%s: %s (оригинал: %s)\n	%s: %s (original: %s)\n	%s: %s (original: %s)\n
«%s» встречается ещё раз (первый — в %s); %s	«%s» appears again (the first is in %s); %s	«%s» aparece otra vez (el primero está en %s); %s
SA берёт ПЕРВУЮ зарегистрированную запись, эта копия мёртвая	SA takes the FIRST registered entry, this copy is dead	SA toma la PRIMERA entrada registrada, esta copia está muerta
III/VC тоже берут ПЕРВУЮ запись, эта копия мёртвая	III/VC also take the FIRST entry, this copy is dead	III/VC también toman la PRIMERA entrada, esta copia está muerta
CStreaming::LoadCdDirectory пропускает запись, если у модели/TXD уже есть позиция в IMG.	CStreaming::LoadCdDirectory skips an entry when the model/TXD already has a position in an IMG.	CStreaming::LoadCdDirectory salta la entrada si el modelo/TXD ya tiene posición en un IMG.
IMG-архив не найден	IMG archive not found	archivo IMG no encontrado
CStreaming::AddImageToList открывает файл при старте; отсутствующий архив = игра не запускается.	CStreaming::AddImageToList opens the file at startup; a missing archive = the game does not start.	CStreaming::AddImageToList abre el archivo al arrancar; un archivo ausente = el juego no arranca.
IMG-архив не открывается	IMG archive cannot be opened	el archivo IMG no se puede abrir
VER2: число записей %d — мусор в заголовке	VER2: entry count %d — garbage in the header	VER2: número de entradas %d — basura en la cabecera
VER2: каталог на %d записей обрезан (прочитано %u байт)	VER2: the directory of %d entries is truncated (%u bytes read)	VER2: el directorio de %d entradas está truncado (%u bytes leídos)
Каталог читается целиком при старте; короткий каталог = мусорные записи.	The directory is read whole at startup; a short directory = garbage entries.	El directorio se lee entero al arrancar; un directorio corto = entradas basura.
не VER2 и нет .dir рядом — каталог архива не найден	not VER2 and no .dir next to it — archive directory not found	no es VER2 y no hay .dir al lado — directorio del archivo no encontrado
имя записи №%d без NUL в 24 байтах («%s…») — игра прочитает мусор за полем	entry name #%d without NUL in 24 bytes («%s…») — the game reads garbage past the field	nombre de la entrada n.º %d sin NUL en 24 bytes («%s…») — el juego leerá basura tras el campo
Поле имени 24 байта, максимум 23 символа + NUL.	The name field is 24 bytes, at most 23 characters + NUL.	El campo de nombre son 24 bytes, máximo 23 caracteres + NUL.
запись №%d с пустым именем	entry #%d with an empty name	entrada n.º %d con nombre vacío
запись «%s» без расширения — игра её пропустит	entry «%s» without an extension — the game skips it	entrada «%s» sin extensión — el juego la saltará
имя «%s»: базовая часть длиннее 20 символов — CStreaming::LoadCdDirectory молча пропускает такую запись	name «%s»: base part longer than 20 characters — CStreaming::LoadCdDirectory silently skips such an entry	nombre «%s»: la parte base tiene más de 20 caracteres — CStreaming::LoadCdDirectory salta esa entrada en silencio
Ограничение 0x5B6222 (`cmp edx,0x14; jg skip`): модель/TXD с таким именем никогда не загрузится. Переименуй файл (≤ 20 символов до точки).	Limit at 0x5B6222 (`cmp edx,0x14; jg skip`): a model/TXD with such a name never loads. Rename the file (≤ 20 characters before the dot).	Límite en 0x5B6222 (`cmp edx,0x14; jg skip`): un modelo/TXD con ese nombre nunca cargará. Renombra el archivo (≤ 20 caracteres antes del punto).
запись «%s» нулевого размера	entry «%s» of zero size	entrada «%s» de tamaño cero
запись «%s» выходит за конец архива (смещение %u, %u секторов, размер архива %llu)	entry «%s» runs past the end of the archive (offset %u, %u sectors, archive size %llu)	la entrada «%s» sobrepasa el final del archivo (offset %u, %u sectores, tamaño del archivo %llu)
Чтение за концом файла возвращает мусор в буфер стриминга → краш при разборе.	Reading past the end of the file returns garbage into the streaming buffer → crash at parse.	Leer más allá del final del archivo devuelve basura al búfer de streaming → crash al analizar.
%d streamed-IPL записей в одном архиве — пул CIplStore на 256	%d streamed-IPL entries in one archive — the CIplStore pool holds 256	%d entradas IPL en streaming en un mismo archivo — el pool CIplStore es de 256
modloader: «%s» подменяет запись из %s	modloader: «%s» replaces the entry from %s	modloader: «%s» sustituye la entrada de %s
loose-файл «%s»: имя длиннее 20 символов — по правилам IMG игра его не зарегистрирует	loose file «%s»: name longer than 20 characters — by the IMG rules the game will not register it	archivo suelto «%s»: nombre de más de 20 caracteres — por las reglas de los IMG el juego no lo registrará
%s «%s» длиннее %d символов (%d) — %s	%s «%s» longer than %d characters (%d) — %s	%s «%s» de más de %d caracteres (%d) — %s
sscanf переполняет стековый буфер, краш при загрузке IDE	sscanf overflows the stack buffer, crash while loading the IDE	sscanf desborda el búfer de pila, crash al cargar el IDE
имя ломает соседний буфер, модель никогда не загрузится	the name breaks the neighbouring buffer, the model never loads	el nombre rompe el búfer vecino, el modelo nunca cargará
Буферы имён в CFileLoader — 24 байта без ограничения ширины (§3.11 textdata_path.md). Переименуй.	The name buffers in CFileLoader are 24 bytes without a width limit (§3.11 textdata_path.md). Rename.	Los búferes de nombres de CFileLoader son de 24 bytes sin límite de anchura (§3.11 textdata_path.md). Renombra.
id %d вне диапазона 0..%d — запись мимо ms_modelInfoPtrs	id %d outside 0..%d — write past ms_modelInfoPtrs	id %d fuera de 0..%d — escritura fuera de ms_modelInfoPtrs
CModelInfo::Add*Model пишет ms_modelInfoPtrs[id] без проверки; id ≥ 20000 к тому же совпадает с id TXD/COL/IPL стриминга.	CModelInfo::Add*Model writes ms_modelInfoPtrs[id] unchecked; an id ≥ 20000 also collides with the TXD/COL/IPL streaming ids.	CModelInfo::Add*Model escribe ms_modelInfoPtrs[id] sin comprobar; un id ≥ 20000 además coincide con los id de streaming de TXD/COL/IPL.
CModelInfo::Add*Model пишет ms_modelInfoPtrs[id] без проверки (MODELINFOSIZE: III 5500, VC 6500); id ≥ размера к тому же совпадает с id TXD стриминга.	CModelInfo::Add*Model writes ms_modelInfoPtrs[id] unchecked (MODELINFOSIZE: III 5500, VC 6500); an id ≥ the size also collides with streaming TXD ids.	CModelInfo::Add*Model escribe ms_modelInfoPtrs[id] sin comprobar (MODELINFOSIZE: III 5500, VC 6500); un id ≥ el tamaño además coincide con los id de TXD del streaming.
id %d уже определён как «%s» (%s:%d) — второе определение молча заменит первое	id %d is already defined as «%s» (%s:%d) — the second definition silently replaces the first	el id %d ya está definido como «%s» (%s:%d) — la segunda definición sustituye a la primera en silencio
Первая modelinfo утекает, а её слот в хранилище всё равно потрачен. Оставь одно определение.	The first modelinfo leaks and its store slot is still spent. Keep a single definition.	El primer modelinfo se fuga y su slot del almacén queda gastado igualmente. Deja una sola definición.
имя «%s» уже используется id %d (%s:%d) — COL и IMG ищут модель по имени, попадёт первая	name «%s» is already used by id %d (%s:%d) — COL and IMG look the model up by name, the first one wins	el nombre «%s» ya lo usa el id %d (%s:%d) — COL e IMG buscan el modelo por nombre, se lleva el primero
IDE-файл не найден или не открывается	IDE file not found or cannot be opened	archivo IDE no encontrado o no se puede abrir
LoadObjectTypes не проверяет результат OpenFile и делает fgets(NULL) → краш CRT при старте.	LoadObjectTypes does not check the OpenFile result and does fgets(NULL) → CRT crash at startup.	LoadObjectTypes no comprueba el resultado de OpenFile y hace fgets(NULL) → crash del CRT al arrancar.
строка длиннее 511 символов — движок разрежет её на две записи	line longer than 511 characters — the engine cuts it into two records	línea de más de 511 caracteres — el motor la cortará en dos registros
строка начинается с «//» или «;» — для IDE это не комментарий, она будет разобрана как данные	line starts with «//» or «;» — for an IDE that is not a comment, it is parsed as data	la línea empieza por «//» o «;» — para un IDE eso no es comentario, se analizará como datos
Комментарий только «#» первым непробельным символом.	A comment is only «#» as the first non-blank character.	Comentario solo con «#» como primer carácter no blanco.
секция path в IDE — SA её разбирает и выбрасывает (пути только из nodes*.dat)	path section in an IDE — SA parses and discards it (paths come only from nodes*.dat)	sección path en un IDE — SA la analiza y la descarta (las rutas solo salen de nodes*.dat)
строка «%s» вне секции — игнорируется (неизвестный заголовок?)	line «%s» outside any section — ignored (unknown header?)	línea «%s» fuera de sección — ignorada (¿cabecera desconocida?)
меньше 4 полей или id не число — строка молча отброшена	fewer than 4 fields or the id is not a number — line silently dropped	menos de 4 campos o el id no es un número — línea descartada en silencio
флаги не число	flags are not a number	los flags no son un número
дистанция прорисовки %s < 4.0 — SA перечитает строку как старый формат с числом мешей и получит мусор	draw distance %s < 4.0 — SA re-reads the line as the old format with a mesh count and gets garbage	distancia de dibujado %s < 4.0 — SA relee la línea como el formato antiguo con número de meshes y obtiene basura
LoadObject: `n != 5 || dd < 4.0` → sscanf("%d %s %s %d") читает целую часть дистанции как count. Ставь ≥ 4.	LoadObject: `n != 5 || dd < 4.0` → sscanf("%d %s %s %d") reads the integer part of the distance as the count. Use ≥ 4.	LoadObject: `n != 5 || dd < 4.0` → sscanf("%d %s %s %d") lee la parte entera de la distancia como count. Pon ≥ 4.
4-е поле не число — строка отброшена	4th field is not a number — line dropped	el 4.º campo no es un número — línea descartada
только %d полей (нет флагов): SA берёт count=%d, дистанция и флаги остаются мусором со стека	only %d fields (no flags): SA takes count=%d, the distance and the flags stay stack garbage	solo %d campos (sin flags): SA toma count=%d, la distancia y los flags quedan como basura de la pila
Допиши поле флагов (обычно 0).	Add the flags field (usually 0).	Añade el campo de flags (normalmente 0).
число мешей %d вне 1..3 — строка отброшена	mesh count %d outside 1..3 — line dropped	número de meshes %d fuera de 1..3 — línea descartada
ожидалось %d полей для %d мешей, найдено %d — недостающие поля (флаги/часы) остаются мусором со стека	%d fields expected for %d meshes, %d found — the missing fields (flags/hours) stay stack garbage	se esperaban %d campos para %d meshes, encontrados %d — los campos que faltan (flags/horas) quedan como basura de la pila
Допиши флаги (обычно 0).	Add the flags (usually 0).	Añade los flags (normalmente 0).
старый формат с несколькими дистанциями — SA хранит только первую	old format with several distances — SA keeps only the first	formato antiguo con varias distancias — SA solo guarda la primera
имя модели	model name	nombre del modelo
имя TXD	TXD name	nombre del TXD
флаги 0x%X содержат биты, которые SA не читает	flags 0x%X contain bits SA does not read	los flags 0x%X contienen bits que SA no lee
дистанция прорисовки %.1f < 2 — все экземпляры создаются невидимыми	draw distance %.1f < 2 — every instance is created invisible	distancia de dibujado %.1f < 2 — todas las instancias se crean invisibles
часы %d..%d вне 0..24	hours %d..%d outside 0..24	horas %d..%d fuera de 0..24
hier: нужно минимум 3 поля, найдено %d — строка отброшена	hier: at least 3 fields needed, %d found — line dropped	hier: hacen falta al menos 3 campos, encontrados %d — línea descartada
anim: нужно 6 полей, найдено %d — строка отброшена	anim: 6 fields needed, %d found — line dropped	anim: hacen falta 6 campos, encontrados %d — línea descartada
имя анимации «%s» ≥ 16 символов — затирает имя модели на стеке, модель не загрузится	animation name «%s» ≥ 16 characters — overwrites the model name on the stack, the model will not load	nombre de animación «%s» ≥ 16 caracteres — sobrescribe el nombre del modelo en la pila, el modelo no cargará
weap: некорректная строка — LoadWeaponObject не проверяет sscanf, AddWeaponModel(мусор) → краш	weap: malformed line — LoadWeaponObject does not check sscanf, AddWeaponModel(garbage) → crash	weap: línea incorrecta — LoadWeaponObject no comprueba sscanf, AddWeaponModel(basura) → crash
cars: некорректная строка (%d полей, нужно %d) — id остаётся -1, запись в ms_modelInfoPtrs[-1]	cars: malformed line (%d fields, %d needed) — the id stays -1, write into ms_modelInfoPtrs[-1]	cars: línea incorrecta (%d campos, hacen falta %d) — el id se queda en -1, escritura en ms_modelInfoPtrs[-1]
cars: %d полей вместо 15 — масштаб колёс (и прочие недостающие поля) = мусор со стека: LoadVehicleObject пишет их из неинициализированных локалов, предустановлены только id и upgradeClass (−1)	cars: %d fields instead of 15 — the wheel scale (and the other missing fields) = stack garbage: LoadVehicleObject writes them from uninitialised locals, only the id and upgradeClass (−1) are preset	cars: %d campos en vez de 15 — la escala de ruedas (y el resto de campos que faltan) = basura de la pila: LoadVehicleObject los escribe desde locales sin inicializar, solo id y upgradeClass (−1) vienen preestablecidos
Ванильный skimmer (plane) имеет 11 полей — уровень Предупреждение.	The vanilla skimmer (plane) has 11 fields — Warning level.	El skimmer vanilla (plane) tiene 11 campos — nivel Advertencia.
тип машины «%s» неизвестен — останется значение по умолчанию	vehicle type «%s» unknown — the default remains	tipo de vehículo «%s» desconocido — se queda el valor por defecto
класс машины «%s» неизвестен	vehicle class «%s» unknown	clase de vehículo «%s» desconocida
поле compRules должно быть hex	the compRules field must be hex	el campo compRules debe ser hex
peds: некорректная строка — id остаётся -1, запись в ms_modelInfoPtrs[-1]	peds: malformed line — the id stays -1, write into ms_modelInfoPtrs[-1]	peds: línea incorrecta — el id se queda en -1, escritura en ms_modelInfoPtrs[-1]
peds: %d полей вместо 14 — хвостовые поля получат мусор	peds: %d fields instead of 14 — the trailing fields get garbage	peds: %d campos en vez de 14 — los campos finales reciben basura
carsCanDrive должно быть hex	carsCanDrive must be hex	carsCanDrive debe ser hex
flags должно быть hex	flags must be hex	flags debe ser hex
animFile ≥ 16 символов — переполнение буфера	animFile ≥ 16 characters — buffer overflow	animFile ≥ 16 caracteres — desbordamiento del búfer
animGroup ≥ 24 символов — переполнение буфера	animGroup ≥ 24 characters — buffer overflow	animGroup ≥ 24 caracteres — desbordamiento del búfer
txdp: нужно 2 поля	txdp: 2 fields needed	txdp: hacen falta 2 campos
txdp: имя ≥ 32 символов — переполнение стека	txdp: name ≥ 32 characters — stack overflow	txdp: nombre ≥ 32 caracteres — desbordamiento de pila
txdp: TXD назначен родителем самому себе — никогда не загрузится	txdp: the TXD is its own parent — it never loads	txdp: el TXD es su propio padre — nunca cargará
txdp: у «%s» уже был родитель «%s», заменён на «%s»	txdp: «%s» already had parent «%s», replaced by «%s»	txdp: «%s» ya tenía el padre «%s», sustituido por «%s»
2dfx: некорректная строка — modelId со стека, Add2dEffect по мусорному указателю	2dfx: malformed line — modelId from the stack, Add2dEffect through a garbage pointer	2dfx: línea incorrecta — modelId de la pila, Add2dEffect por un puntero basura
2dfx для модели %d, которая не определена (или определена позже) — ms_modelInfoPtrs[id] == NULL → краш	2dfx for model %d, which is not defined (or is defined later) — ms_modelInfoPtrs[id] == NULL → crash	2dfx para el modelo %d, que no está definido (o se define después) — ms_modelInfoPtrs[id] == NULL → crash
2dfx модели %d идут не подряд — Add2dEffect хранит только первый индекс и счётчик	the 2dfx of model %d are not consecutive — Add2dEffect stores only the first index and a count	los 2dfx del modelo %d no van seguidos — Add2dEffect guarda solo el primer índice y un contador
больше 100 эффектов в IDE-секциях 2dfx (%d) — CStore<C2dEffect,100> без проверки	more than 100 effects in the IDE 2dfx sections (%d) — CStore<C2dEffect,100> unchecked	más de 100 efectos en las secciones 2dfx de los IDE (%d) — CStore<C2dEffect,100> sin comprobar
2dfx light: незакрытая кавычка — поиск «"» уходит за буфер строки	2dfx light: unclosed quote — the search for «"» runs past the line buffer	2dfx light: comilla sin cerrar — la búsqueda de «"» se sale del búfer de línea
секция «%s» не закрыта строкой end	section «%s» is not closed with an end line	la sección «%s» no está cerrada con una línea end
id модели %d вне 0..%d — чтение мимо ms_modelInfoPtrs, вызов по мусорному указателю	model id %d outside 0..%d — read past ms_modelInfoPtrs, call through a garbage pointer	id de modelo %d fuera de 0..%d — lectura fuera de ms_modelInfoPtrs, llamada por un puntero basura
модель %d не определена ни в одном IDE — LoadObjectInstance вернёт NULL, LinkLods/LoadIpl разыменуют его	model %d is not defined in any IDE — LoadObjectInstance returns NULL, LinkLods/LoadIpl dereference it	el modelo %d no está definido en ningún IDE — LoadObjectInstance devuelve NULL, LinkLods/LoadIpl lo desreferencian
Проверь, что IDE с этой моделью перечислен в gta.dat ДО IPL и что id совпадает.	Check that the IDE with this model is listed in gta.dat BEFORE the IPL and that the id matches.	Comprueba que el IDE con este modelo esté en gta.dat ANTES del IPL y que el id coincida.
имя «%s» не совпадает с IDE («%s», id %d) — SA смотрит только на id	name «%s» does not match the IDE («%s», id %d) — SA looks only at the id	el nombre «%s» no coincide con el IDE («%s», id %d) — SA solo mira el id
кватернион (%.3f %.3f %.3f %.3f) не единичный (|q|²=%.3f) — acos(rw) даст NaN-матрицу	quaternion (%.3f %.3f %.3f %.3f) is not unit (|q|²=%.3f) — acos(rw) gives a NaN matrix	cuaternión (%.3f %.3f %.3f %.3f) no unitario (|q|²=%.3f) — acos(rw) dará una matriz NaN
кватернион не нормирован (|q|²=%.3f)	quaternion not normalised (|q|²=%.3f)	cuaternión no normalizado (|q|²=%.3f)
interior %d: код зоны хранится в байте, старшие биты вне 0x100..0x1000 игнорируются	interior %d: the zone code is stored in a byte, the high bits outside 0x100..0x1000 are ignored	interior %d: el código de zona se guarda en un byte, los bits altos fuera de 0x100..0x1000 se ignoran
interior %d — нестандартный код интерьера (ваниль 0..18)	interior %d — non-standard interior code (vanilla 0..18)	interior %d — código de interior no estándar (vanilla 0..18)
позиция (%.1f, %.1f) вне ±3000 — CEntity::Add зажмёт её в крайний сектор (стриминг/коллизия сломаны)	position (%.1f, %.1f) outside ±3000 — CEntity::Add clamps it into the edge sector (streaming/collision broken)	posición (%.1f, %.1f) fuera de ±3000 — CEntity::Add la recortará al sector extremo (streaming/colisión rotos)
позиция NaN	position NaN	posición NaN
lod = %d, а в файле%s только %d inst-строк — LinkLods прочитает указатель мимо массива	lod = %d, but the file%s has only %d inst lines — LinkLods reads a pointer past the array	lod = %d, pero el archivo%s solo tiene %d líneas inst — LinkLods leerá un puntero fuera del array
 (текстовом IPL с тем же именем)	 (text IPL of the same name)	 (IPL de texto con el mismo nombre)
Индекс LOD считается по активным inst-строкам того же текстового IPL (комментарии не считаются).	The LOD index counts the active inst lines of the same text IPL (comments not counted).	El índice LOD se cuenta por las líneas inst activas del mismo IPL de texto (los comentarios no cuentan).
объект назначен LOD-ом самому себе	the object is its own LOD	el objeto es LOD de sí mismo
lod %d → «%s» стоит в %.0f ед. от объекта — LOD обычно в той же точке; похоже, индекс указывает не на ту строку	lod %d → «%s» stands %.0f units away from the object — a LOD usually sits at the same spot; the index probably points at the wrong line	lod %d → «%s» está a %.0f unidades del objeto — el LOD suele estar en el mismo punto; parece que el índice apunta a otra línea
Индекс lod — номер inst-строки (с 0, без комментариев) в этом же текстовом IPL.	The lod index is the number of the inst line (from 0, comments not counted) in this same text IPL.	El índice lod es el número de la línea inst (desde 0, sin contar comentarios) en este mismo IPL de texto.
lod %d → «%s»: дистанция прорисовки LOD %.0f меньше, чем у объекта (%.0f) — объект исчезнет раньше, чем появится LOD	lod %d → «%s»: the LOD's draw distance %.0f is smaller than the object's (%.0f) — the object will vanish before the LOD appears	lod %d → «%s»: la distancia de dibujado del LOD %.0f es menor que la del objeto (%.0f) — el objeto desaparecerá antes de que aparezca el LOD
lod %d указывает на строку, чья модель %d не определена (NULL) — краш в LinkLods	lod %d points at a line whose model %d is not defined (NULL) — crash in LinkLods	lod %d apunta a una línea cuyo modelo %d no está definido (NULL) — crash en LinkLods
у LOD-объекта %d детей — счётчик m_nNumLodChildren байтовый, переполнится	the LOD object has %d children — the m_nNumLodChildren counter is a byte, it overflows	el objeto LOD tiene %d hijos — el contador m_nNumLodChildren es un byte, se desbordará
строка начинается с «//» или «;» — для IPL это не комментарий	line starts with «//» or «;» — for an IPL that is not a comment	la línea empieza por «//» o «;» — para un IPL eso no es comentario
секция %s в streamed-IPL — CIplStore::LoadIpl читает только inst, секция игнорируется	section %s in a streamed IPL — CIplStore::LoadIpl reads only inst, the section is ignored	sección %s en un IPL en streaming — CIplStore::LoadIpl solo lee inst, la sección se ignora
секция mult принимается, но не разбирается	section mult is accepted but not parsed	la sección mult se acepta pero no se analiza
строка «%s» вне секции — игнорируется	line «%s» outside any section — ignored	línea «%s» fuera de sección — ignorada
секция path с данными в SA IPL: первая же строка данных прерывает разбор ОСТАЛЬНОГО файла — секции ниже потеряны	path section with data in an SA IPL: the very first data line aborts parsing of the REST of the file — the sections below are lost	sección path con datos en un IPL de SA: la primera línea de datos interrumpe el análisis del RESTO del archivo — las secciones de abajo se pierden
секция path с данными — SA прекращает разбор файла на ней (пути берутся из nodes*.dat; ниже ничего полезного нет)	path section with data — SA stops parsing the file there (paths come from nodes*.dat; nothing useful below)	sección path con datos — SA deja de analizar el archivo ahí (las rutas salen de nodes*.dat; debajo no hay nada útil)
LoadScene: if (state == 1) break; — всё после этой строки не будет прочитано.	LoadScene: if (state == 1) break; — nothing after this line is read.	LoadScene: if (state == 1) break; — nada después de esta línea se leerá.
inst: %d полей вместо 11 — незаполненные поля (lod!) остаются мусором со стека, LinkLods упадёт	inst: %d fields instead of 11 — the unfilled fields (lod!) stay stack garbage, LinkLods will crash	inst: %d campos en vez de 11 — los campos sin rellenar (¡lod!) quedan como basura de la pila, LinkLods fallará
Формат SA: id name interior x y z rx ry rz rw lod.	SA format: id name interior x y z rx ry rz rw lod.	Formato SA: id name interior x y z rx ry rz rw lod.
inst: %d полей, лишние игнорируются	inst: %d fields, the extras are ignored	inst: %d campos, los sobrantes se ignoran
inst: поле %d («%s») не число	inst: field %d («%s») is not a number	inst: el campo %d («%s») no es un número
inst: %d полей (ожидалось 12 или 13)	inst: %d fields (12 or 13 expected)	inst: %d campos (se esperaban 12 o 13)
zone: %d полей вместо 10 — SA вызывает CreateZone только когда sscanf вернул 10, зона отброшена	zone: %d fields instead of 10 — SA calls CreateZone only when sscanf returned 10, zone dropped	zone: %d campos en vez de 10 — SA llama a CreateZone solo cuando sscanf devuelve 10, zona descartada
имя зоны «%s» длиннее 7 символов — обрежется (strncpy 7)	zone name «%s» longer than 7 characters — truncated (strncpy 7)	nombre de zona «%s» de más de 7 caracteres — se recortará (strncpy 7)
gxt-имя «%s» ≥ 12 символов — переполняет буфер (границы зоны/адрес возврата)	gxt name «%s» ≥ 12 characters — overflows the buffer (zone bounds/return address)	nombre gxt «%s» ≥ 12 caracteres — desborda el búfer (límites de la zona/dirección de retorno)
gxt-имя «%s» длиннее 7 символов — обрежется	gxt name «%s» longer than 7 characters — truncated	nombre gxt «%s» de más de 7 caracteres — se recortará
тип зоны %d — SA принимает только 0, 1 (навигация) и 3 (карта); зона отброшена	zone type %d — SA accepts only 0, 1 (navigation) and 3 (map); zone dropped	tipo de zona %d — SA solo acepta 0, 1 (navegación) y 3 (mapa); zona descartada
координата зоны вне int16	zone coordinate outside int16	coordenada de zona fuera de int16
cull с флагами 0x%X: после маскирования флагов нет — зона отброшена	cull with flags 0x%X: nothing left after masking — zone dropped	cull con flags 0x%X: tras enmascarar no queda ningún flag — zona descartada
cull: %d полей (нужно 11 или 14 для зеркала)	cull: %d fields (11 needed, or 14 for a mirror)	cull: %d campos (hacen falta 11, o 14 para un espejo)
occl: меньше 6 полей	occl: fewer than 6 fields	occl: menos de 6 campos
occl: два нулевых размера — окклюдер отброшен	occl: two zero dimensions — occluder dropped	occl: dos dimensiones a cero — oclusor descartado
grge: %d полей вместо 11 — гараж молча отброшен (в ванили тоже есть такие)	grge: %d fields instead of 11 — garage silently dropped (vanilla has such lines too)	grge: %d campos en vez de 11 — garaje descartado en silencio (en vanilla también los hay)
имя гаража «%s» ≥ 8 символов — буфер 8 байт лежит под адресом возврата, краш	garage name «%s» ≥ 8 characters — the 8-byte buffer sits below the return address, crash	nombre de garaje «%s» ≥ 8 caracteres — el búfer de 8 bytes está bajo la dirección de retorno, crash
enex: %d полей (нужно 18)	enex: %d fields (18 needed)	enex: %d campos (hacen falta 18)
enex: имя должно быть в кавычках без пробелов («"NAME"»), иначе поля после него не разберутся	enex: the name must be quoted without spaces («"NAME"»), otherwise the fields after it do not parse	enex: el nombre debe ir entre comillas sin espacios («"NAME"»), si no los campos posteriores no se analizan
enex: имя ≥ 32 символов — переполнение стека	enex: name ≥ 32 characters — stack overflow	enex: nombre ≥ 32 caracteres — desbordamiento de pila
enex: %d полей вместо 18 — хвост по умолчанию	enex: %d fields instead of 18 — the tail keeps defaults	enex: %d campos en vez de 18 — la cola queda por defecto
pick: %d полей вместо 4 — отброшен	pick: %d fields instead of 4 — dropped	pick: %d campos en vez de 4 — descartado
pick: id %s нет в таблице движка (4..6, 9..55 без 30 и 42) — отброшен	pick: id %s is not in the engine table (4..6, 9..55 without 30 and 42) — dropped	pick: el id %s no está en la tabla del motor (4..6, 9..55 sin 30 ni 42) — descartado
cars: %d полей вместо 12 — генератор отброшен	cars: %d fields instead of 12 — generator dropped	cars: %d campos en vez de 12 — generador descartado
cars: модель %d не в -1 / 400..630 — CreateCarGenerator отбросит генератор	cars: model %d not in -1 / 400..630 — CreateCarGenerator drops the generator	cars: modelo %d no está en -1 / 400..630 — CreateCarGenerator descartará el generador
jump: %d полей вместо 16 — отброшен	jump: %d fields instead of 16 — dropped	jump: %d campos en vez de 16 — descartado
tcyc: %d полей вместо 12 — недостающие поля останутся со стека	tcyc: %d fields instead of 12 — the missing fields stay from the stack	tcyc: %d campos en vez de 12 — los campos que faltan quedan de la pila
tcyc: 11 полей — lodDistMult берётся из 11-го (ванильный вариант)	tcyc: 11 fields — lodDistMult is taken from the 11th (the vanilla variant)	tcyc: 11 campos — lodDistMult se toma del 11.º (la variante vanilla)
auzo: %d полей (нужно 9 для box или 7 для sphere)	auzo: %d fields (9 needed for box, 7 for sphere)	auzo: %d campos (hacen falta 9 para box o 7 para sphere)
auzo: имя ≥ 16 символов — переполнение стека	auzo: name ≥ 16 characters — stack overflow	auzo: nombre ≥ 16 caracteres — desbordamiento de pila
auzo: имя ≥ 8 символов — теряет NUL в 8-байтовом поле	auzo: name ≥ 8 characters — loses its NUL in the 8-byte field	auzo: nombre ≥ 8 caracteres — pierde el NUL en el campo de 8 bytes
%d inst-строк в одном текстовом IPL — gCurrIplInstances на 4096 без проверки	%d inst lines in one text IPL — gCurrIplInstances holds 4096 unchecked	%d líneas inst en un mismo IPL de texto — gCurrIplInstances es de 4096 sin comprobar
lod = %d в streamed-IPL, а текстового IPL «%s» с тем же именем нет в gta.dat — движок читает адрес lod*4	lod = %d in a streamed IPL, but no text IPL «%s» of the same name is in gta.dat — the engine reads address lod*4	lod = %d en un IPL en streaming, pero no hay IPL de texto «%s» con el mismo nombre en gta.dat — el motor lee la dirección lod*4
IPL-файл не найден или не открывается	IPL file not found or cannot be opened	archivo IPL no encontrado o no se puede abrir
LoadScene не проверяет результат OpenFile → fgets(NULL) → краш при старте.	LoadScene does not check the OpenFile result → fgets(NULL) → crash at startup.	LoadScene no comprueba el resultado de OpenFile → fgets(NULL) → crash al arrancar.
bnry: заголовок короче 76 байт	bnry: header shorter than 76 bytes	bnry: cabecera más corta que 76 bytes
bnry: numInst = %u — читается как int16, отрицательно → секция пропущена	bnry: numInst = %u — read as int16, negative → section skipped	bnry: numInst = %u — se lee como int16, negativo → sección saltada
bnry: inst-таблица (%u записей @%u) выходит за размер файла %u — чтение буфера стриминга за концом	bnry: the inst table (%u entries @%u) runs past the file size %u — the streaming buffer is read past its end	bnry: la tabla inst (%u entradas @%u) sobrepasa el tamaño del archivo %u — lectura del búfer de streaming más allá del final
bnry: numCarGen = %u читается как int16 — секция пропущена	bnry: numCarGen = %u is read as int16 — section skipped	bnry: numCarGen = %u se lee como int16 — sección saltada
bnry: cars-таблица выходит за размер файла	bnry: the cars table runs past the file size	bnry: la tabla cars sobrepasa el tamaño del archivo
bnry: секции cull/grge/enex/pick движок не читает	bnry: the engine does not read the cull/grge/enex/pick sections	bnry: el motor no lee las secciones cull/grge/enex/pick
lod = %d, а текстового IPL «%s» нет в gta.dat — движок читает адрес lod*4	lod = %d, but no text IPL «%s» is in gta.dat — the engine reads address lod*4	lod = %d, pero no hay IPL de texto «%s» en gta.dat — el motor lee la dirección lod*4
файл не найден	file not found	archivo no encontrado
COLFILE без уровня/пути	COLFILE without level/path	COLFILE sin nivel/ruta
COLFILE: лишние поля / пробелы в пути	COLFILE: extra fields / spaces in the path	COLFILE: campos de más / espacios en la ruta
%s: между ключевым словом и путём %d пробелов вместо 1 — движок берёт путь с фиксированного смещения и не откроет файл	%s: %d spaces between the keyword and the path instead of 1 — the engine takes the path from a fixed offset and will not open the file	%s: %d espacios entre la palabra clave y la ruta en vez de 1 — el motor toma la ruta desde un desplazamiento fijo y no abrirá el archivo
LoadLevel: strncmp по ключевому слову, аргумент = line+N. Один пробел.	LoadLevel: strncmp on the keyword, argument = line+N. One space.	LoadLevel: strncmp por la palabra clave, argumento = line+N. Un solo espacio.
строка «%s» не распознана (ключевые слова регистрозависимы) — игнорируется	line «%s» not recognised (keywords are case-sensitive) — ignored	línea «%s» no reconocida (las palabras clave distinguen mayúsculas) — ignorada
%s: путь ≥ 64 символов переполняет буфер LoadLevel	%s: path ≥ 64 characters overflows the LoadLevel buffer	%s: ruta ≥ 64 caracteres desborda el búfer de LoadLevel
IDE: путь ≥ 256 символов переполняет буфер LoadObjectTypes	IDE: path ≥ 256 characters overflows the LoadObjectTypes buffer	IDE: ruta ≥ 256 caracteres desborda el búfer de LoadObjectTypes
в папке нет data/gta.dat (SA), data/gta_vc.dat (VC) или data/gta3.dat (III)	the folder has no data/gta.dat (SA), data/gta_vc.dat (VC) or data/gta3.dat (III)	en la carpeta no hay data/gta.dat (SA), data/gta_vc.dat (VC) ni data/gta3.dat (III)
Укажи корневую папку игры (где лежит gta_sa.exe).	Point at the game root folder (where gta_sa.exe is).	Indica la carpeta raíz del juego (donde está gta_sa.exe).
найден fastman92 limit adjuster — превышения стандартных пулов показаны как заметки, а не как краш	fastman92 limit adjuster found — exceeded standard pools are shown as notes, not crashes	se encontró fastman92 limit adjuster — los excesos de los pools estándar se muestran como notas, no como crash
IMG-архивы	IMG archives	Archivos IMG
IDE указан после первого IPL — его модели не получат позиций в IMG (CStreaming::Init2 выполняется один раз) и никогда не загрузятся	IDE listed after the first IPL — its models get no positions in the IMGs (CStreaming::Init2 runs once) and never load	IDE listado después del primer IPL — sus modelos no recibirán posiciones en los IMG (CStreaming::Init2 se ejecuta una vez) y nunca cargarán
Перенеси все строки IDE выше первой строки IPL.	Move every IDE line above the first IPL line.	Mueve todas las líneas IDE por encima de la primera línea IPL.
IPL перечислен дважды — все объекты будут продублированы	IPL listed twice — every object will be duplicated	IPL listado dos veces — todos los objetos se duplicarán
%d streamed-IPL файлов во всех IMG — пул CIplStore на 256 слотов (0 = generic), AddIplSlot пишет по NULL	%d streamed-IPL files across all IMGs — the CIplStore pool has 256 slots (0 = generic), AddIplSlot writes through NULL	%d archivos IPL en streaming en todos los IMG — el pool CIplStore tiene 256 slots (0 = generic), AddIplSlot escribe por NULL
имя streamed-IPL «%s» ≥ 18 символов — AddIplSlot затирает поля IplDef за именем (индексы LOD)	streamed-IPL name «%s» ≥ 18 characters — AddIplSlot overwrites the IplDef fields after the name (LOD indices)	nombre de IPL en streaming «%s» ≥ 18 caracteres — AddIplSlot sobrescribe los campos de IplDef tras el nombre (índices LOD)
Держи имя ≤ 17 символов.	Keep the name ≤ 17 characters.	Mantén el nombre en ≤ 17 caracteres.
%s «%s» не найден — RwStreamOpen вернёт NULL, RwStreamFindChunk(NULL) → краш при старте	%s «%s» not found — RwStreamOpen returns NULL, RwStreamFindChunk(NULL) → crash at startup	%s «%s» no encontrado — RwStreamOpen devuelve NULL, RwStreamFindChunk(NULL) → cierre al iniciar
Не удалось записать 	Could not write 	No se pudo escribir 
gta_check.exe должен лежать в папке игры (рядом с gta_sa.exe)	gta_check.exe must sit in the game folder (next to gta_sa.exe)	gta_check.exe debe estar en la carpeta del juego (junto a gta_sa.exe)
Запуск	Startup	Inicio
Не удалось прочитать файл: 	Could not read the file: 	No se pudo leer el archivo: 
Не удалось разобрать DFF: 	Could not parse the DFF: 	No se pudo analizar el DFF: 
Изменено файлов: %d\n\n	Files changed: %d\n\n	Archivos modificados: %d\n\n
Правка фреймов	Frame editor	Edición de frames
Закрыть	Close	Cerrar
Имя ≤ 23 символов, чанк пишется без паддинга. Пустое поле = фрейм без имени (только если имени и не было).	Name ≤ 23 characters, the chunk is written without padding. An empty field = a frame without a name (only if it had none).	Nombre ≤ 23 caracteres, el chunk se escribe sin relleno. Campo vacío = frame sin nombre (solo si ya no lo tenía).
Модель: %s  (%s)	Model: %s  (%s)	Modelo: %s  (%s)
objs/tobj — фреймы атомиков можно назвать по модели	objs/tobj — atomic frames may be named after the model	objs/tobj — los frames de los atomics pueden llamarse como el modelo
кламп — имена фреймов это кости/dummy, по модели не переименовываются	clump — the frame names are bones/dummies, not renamed after the model	clump — los nombres de frame son huesos/dummy, no se renombran según el modelo
Авто: из имени модели	Auto: from the model name	Auto: del nombre del modelo
Фрейм с атомиком → имя модели из IDE (с сохранением _dam); остальные — убрать паддинг, обрезать до 23.	Frame with an atomic → the model name from the IDE (keeping _dam); the others — strip the padding, cut to 23.	Frame con atomic → nombre del modelo del IDE (conservando _dam); el resto — quitar el relleno, recortar a 23.
Авто: обрезать	Auto: trim	Auto: recortar
Только убрать паддинг и обрезать до 23, имена не менять.	Only strip the padding and cut to 23, keep the names.	Solo quitar el relleno y recortar a 23, sin cambiar los nombres.
Вернуть как было	Revert	Deshacer
Было (имя · чанк)	Was (name · chunk)	Era (nombre · chunk)
Станет	Becomes	Será
Статус	Status	Estado
(нет NodeName)%s	(no NodeName)%s	(sin NodeName)%s
  [атомик]	  [atomic]	  [atomic]
%s  · %d Б%s	%s  · %d B%s	%s  · %d B%s
длиннее 23	longer than 23	de más de 23
паддинг до %d	padding to %d	relleno hasta %d
изменится	will change	cambiará
ок	ok	ok
Записать	Write	Escribir
Ошибка: 	Error: 	Error: 
: ничего не изменилось	: nothing changed	: nada ha cambiado
Ошибка записи: 	Write error: 	Error de escritura: 
%s: записано, фреймов изменено %d\nОригинал: %s	%s: written, %d frames changed\nOriginal: %s	%s: escrito, %d frames modificados\nOriginal: %s
%s: записано в %s, фреймов изменено %d	%s: written to %s, frames changed %d	%s: escrito en %s, frames cambiados %d
Отмена	Cancel	Cancelar
%s: не разобран\n	%s: not parsed\n	%s: no analizado\n
%s: не записан\n	%s: not written\n	%s: no escrito\n
Диета TXD	TXD diet	Dieta TXD
Все TXD прогоняются через кодек: текстуры больше предела уменьшаются вдвое до предела, несжатые сжимаются в DXT, чинится всё, что чинит «Пересохранить». Результат кладётся в отдельную папку — игра не трогается; для modloader папка готова как есть.	Every TXD goes through the codec: textures above the limit are halved down to it, uncompressed ones become DXT, and everything «Resave» fixes gets fixed. The result lands in a separate folder — the game is not touched; for modloader the folder is ready as it is.	Todos los TXD pasan por el códec: las texturas mayores que el límite se reducen a la mitad hasta él, las no comprimidas pasan a DXT y se arregla todo lo que arregla «Volver a guardar». El resultado va a una carpeta aparte — el juego no se toca; para modloader la carpeta sirve tal cual.
сторона текстуры не больше	texture side at most	lado de textura como máximo
512 — обычный размер текстур SA; 1024 — заметно мягче для стриминга, чем 2048/4096 модов	512 — the usual size of SA textures; 1024 — much easier on streaming than the 2048/4096 of mods	512 — el tamaño habitual de las texturas de SA; 1024 — mucho más suave para el streaming que los 2048/4096 de los mods
сжимать в DXT	compress to DXT	comprimir a DXT
только TXD размещённых моделей	only the TXDs of placed models	solo los TXD de modelos colocados
Словари объектов с IPL-копиями; без галочки — все TXD архивов (машины, педы, интерфейс)	Dictionaries of objects with IPL copies; unticked — every TXD of the archives (vehicles, peds, interface)	Diccionarios de objetos con copias en IPL; sin marcar — todos los TXD de los archivos (vehículos, peds, interfaz)
папка: %s	folder: %s	carpeta: %s
Ужать	Shrink	Reducir
Ужато %d из %d TXD: %.1f МБ → %.1f МБ (в архиве); папка %s	Shrunk %d of %d TXDs: %.1f MB → %.1f MB (in the archive); folder %s	Reducidos %d de %d TXD: %.1f MB → %.1f MB (en el archivo); carpeta %s
Открыть папку	Open folder	Abrir carpeta
Исправить всё	Fix all	Corregir todo
Автоматически исправить %d файлов / строк?	Fix %d files / lines automatically?	¿Corregir automáticamente %d archivos / líneas?
Правило: objs/tobj — фрейм атомика получает имя модели из IDE (с сохранением _dam);\nостальные фреймы и кламп-модели — убрать паддинг, обрезать до 23.\nСтроки IDE: дальность → 2 × радиус модели (QLT-01), флаг прозрачности 4 (QLT-11).\nОригиналы сохраняются в gta_check_backup\\ в папке игры, откат — кнопкой «Откатить».	Rule: objs/tobj — the atomic frame takes the model name from the IDE (keeping _dam);\nother frames and clump models — padding removed, cut to 23.\nIDE lines: distance → 2 × model radius (QLT-01), transparency flag 4 (QLT-11).\nOriginals are kept in gta_check_backup\\ in the game folder, undo with «Undo».	Regla: objs/tobj — el frame del atomic toma el nombre del modelo del IDE (conservando _dam);\nel resto de frames y modelos clump — sin relleno, recortados a 23.\nLíneas IDE: distancia → 2 × radio del modelo (QLT-01), flag de transparencia 4 (QLT-11).\nLos originales se guardan en gta_check_backup\\ en la carpeta del juego, deshacer con «Deshacer».
Исправить	Fix	Corregir
Результат	Result	Resultado
OK — перепроверить	OK — re-check	OK — volver a comprobar
Заметки не собирались: включи «инфо» в настройках и перепроверь.	Notes were not collected: enable «info» in the settings and re-check.	Las notas no se recogieron: activa «info» en los ajustes y vuelve a comprobar.
Скрыть этот уровень в таблице	Hide this level in the table	Ocultar este nivel en la tabla
Показать этот уровень в таблице	Show this level in the table	Mostrar este nivel en la tabla
Перепроверить всё (эта категория зависит от всего)	Re-check everything (this category depends on everything)	Volver a comprobar todo (esta categoría depende de todo)
Перепроверить только «%s»	Re-check only «%s»	Volver a comprobar solo «%s»
Заново читается папка и только этот раздел; строки остальных разделов остаются от прошлой проверки	The folder is read again and only this section is re-checked; the rows of the other sections stay from the previous check	Se vuelve a leer la carpeta y solo esta sección; las filas de las demás secciones quedan de la comprobación anterior
Скрыть категорию (ПКМ — перепроверить только её)	Hide the category (right click — re-check only it)	Ocultar la categoría (clic derecho — volver a comprobar solo esta)
Показать категорию (ПКМ — перепроверить только её)	Show the category (right click — re-check only it)	Mostrar la categoría (clic derecho — volver a comprobar solo esta)
Сохранено: 	Saved: 	Guardado: 
Отчёт HTML	HTML report	Informe HTML
Одна страница для браузера: таблица по уровням и пояснения к каждому встреченному коду	One page for the browser: the table by severity and the help for every code that occurs	Una página para el navegador: la tabla por niveles y la explicación de cada código encontrado
Отчёт TXT	TXT report	Informe TXT
Таблица CSV	CSV table	Tabla CSV
Открыть папку игры	Open the game folder	Abrir la carpeta del juego
Откатить (%d)	Undo (%d)	Deshacer (%d)
Экспорт…	Export…	Exportar…
Исправить всё (%d)	Fix all (%d)	Corregir todo (%d)
скрыто ванильных: %d	vanilla hidden: %d	vanilla ocultos: %d
Те же сообщения есть у чистой игры (SA 1.0 US / III / VC) — игра с ними работает. Показать их можно в настройках.	A stock game (SA 1.0 US / III / VC) produces the same messages — the game runs with them. They can be shown in the settings.	Un juego limpio (SA 1.0 US / III / VC) produce los mismos mensajes — el juego funciona con ellos. Se pueden mostrar en los ajustes.
игнорируется: %d (показаны)	ignored: %d (shown)	ignoradas: %d (mostradas)
игнорируется: %d	ignored: %d	ignoradas: %d
Строки, принятые кнопкой «Игнорировать» (gta_check_ignore.txt в папке игры). Показать их приглушёнными можно в настройках.	Rows accepted with the «Ignore» button (gta_check_ignore.txt in the game folder). The settings can show them dimmed.	Filas aceptadas con el botón «Ignorar» (gta_check_ignore.txt en la carpeta del juego). En los ajustes se pueden mostrar atenuadas.
исправлено %d	fixed %d	corregidas %d
Строк предыдущей проверки этой папки, которых больше нет	Rows of the previous check of this folder that are gone now	Filas de la comprobación anterior de esta carpeta que ya no están
новых %d	new %d	nuevas %d
Строк, которых при предыдущей проверке не было (чип «новые» показывает только их)	Rows that were not there at the previous check (the «new» chip shows only them)	Filas que no estaban en la comprobación anterior (el chip «nuevas» muestra solo esas)
Вернуть последнюю правку как было: %s\nЖурнал правок — gta_check_backup\\undo.txt в папке игры	Put the last write back as it was: %s\nThe write journal is gta_check_backup\\undo.txt in the game folder	Devolver la última escritura a como estaba: %s\nEl registro de escrituras es gta_check_backup\\undo.txt en la carpeta del juego
Авто-правка всех исправимых файлов (имена фреймов) с подтверждением.	Auto-fix every fixable file (frame names) after confirmation.	Corrección automática de todos los archivos corregibles (nombres de frame) con confirmación.
В папку игры: gta_check_report.html / .txt / .csv / .json	Into the game folder: gta_check_report.html / .txt / .csv / .json	En la carpeta del juego: gta_check_report.html / .txt / .csv / .json
расстановок: %d (бинарный IPL, первая запись #%d)	placements: %d (binary IPL, first record #%d)	colocaciones: %d (IPL binario, primer registro #%d)
запись в архиве (дубликат, побеждает первая)	entry in an archive (duplicate, the first one wins)	entrada en un archivo (duplicada, gana la primera)
запись в архиве	entry in an archive	entrada en un archivo
файл мода (modloader)	mod file (modloader)	archivo de mod (modloader)
коллизия #%d в архиве COL	collision #%d in a COL archive	colisión #%d en un archivo COL
«%s» не встречается ни в одном файле данных (скрипты main.scm не проверяются)	«%s» does not appear in any data file (main.scm scripts are not checked)	«%s» no aparece en ningún archivo de datos (los scripts main.scm no se revisan)
«%s» встречается в %d файлах, совпадений %d	«%s» appears in %d files, %d matches	«%s» aparece en %d archivos, %d coincidencias
Копировать список	Copy list	Copiar lista
Скопировано в буфер обмена	Copied to the clipboard	Copiado al portapapeles
Закрыть поиск	Close search	Cerrar búsqueda
Вернуться к таблице проблем	Back to the issue table	Volver a la tabla de problemas
Файл	File	Archivo
Строка	Line	Línea
Текст	Text	Texto
Открыть файл на этой строке в панели справа	Open the file at this line in the right panel	Abrir el archivo en esta línea en el panel derecho
Лишних файлов не найдено: на каждый DFF, TXD, COL и IFP в архивах кто-то ссылается	No unused files: every DFF, TXD, COL and IFP in the archives has someone referring to it	No hay archivos sobrantes: cada DFF, TXD, COL e IFP de los archivos tiene quien lo use
Файлов без ссылок: %d, всего %.1f МБ	Files without references: %d, %.1f MB in total	Archivos sin referencias: %d, %.1f MB en total
Не объявлены в IDE / animgrp.dat, не названы в main.scm и script.img, не системные TXD, не paint job машины. Special-модели, которые скрипт грузит по имени с другим написанием, могут попасть сюда — проверяй «Где используется» перед удалением.	Not declared in an IDE / animgrp.dat, not named in main.scm or script.img, not a system TXD, not a vehicle paint job. Special models a script loads by name spelled differently may land here — check «Where used» before deleting.	No declarados en un IDE / animgrp.dat, no nombrados en main.scm ni script.img, no TXD de sistema, no paint job de vehículo. Los modelos especiales que un script carga por nombre escrito de otra forma pueden caer aquí — comprueba «Dónde se usa» antes de borrar.
Архив	Archive	Archivo IMG
Размер	Size	Tamaño
Почему лишний	Why unused	Por qué sobra
Где используется «%s»	Where is «%s» used	Dónde se usa «%s»
Клик — показать в панели справа, ПКМ — «Где используется»	Click — show in the right panel, right click — «Where used»	Clic — mostrar en el panel derecho, clic derecho — «Dónde se usa»
Код	Code	Código
Тип	Type	Tipo
Объект	Object	Objeto
Идёт проверка…	Checking…	Comprobando…
Нажми «Проверить».	Press «Check».	Pulsa «Comprobar».
Проблем не найдено.	No problems found.	No se encontraron problemas.
По текущим фильтрам ничего нет — включи уровень или категорию выше, либо очисти поиск.	Nothing matches the current filters — enable a level or category above, or clear the search.	Nada coincide con los filtros actuales — activa un nivel o una categoría arriba, o borra la búsqueda.
Свернуть группу	Collapse the group	Plegar el grupo
Развернуть: показать все строки группы	Expand: show every row of the group	Desplegar: mostrar todas las filas del grupo
«%s» не добавлена: выделять вместе можно только строки одного кода (выбран %s)	«%s» not added: only rows of the same code can be selected together (selected: %s)	«%s» no añadida: solo se pueden seleccionar juntas filas del mismo código (seleccionado: %s)
Выделено %d, пропущено %d строк с другим кодом (только %s)	Selected %d, skipped %d rows with another code (only %s)	Seleccionadas %d, omitidas %d filas con otro código (solo %s)
Выделено строк: %d	Rows selected: %d	Filas seleccionadas: %d
Исправить: авто (%d)	Fix: auto (%d)	Corregir: auto (%d)
Исправить: авто	Fix: auto	Corregir: auto
Открыть файл	Open file	Abrir archivo
Открыть TXD	Open TXD	Abrir TXD
Копировать выделенные строки	Copy the selected rows	Copiar las filas seleccionadas
Копировать	Copy	Copiar
Показать в 3D	Show in 3D	Mostrar en 3D
Показать на карте	Show on the map	Mostrar en el mapa
У этой строки нет модели	This row has no model	Esta fila no tiene modelo
Все файлы, где встречается это имя: IDE, IPL (в бинарных — по id), data/*.dat и *.cfg, катсцены, архивы IMG и COL. Скрипты main.scm не проверяются	Every file that mentions this name: IDE, IPL (binary ones by id), data/*.dat and *.cfg, cutscenes, IMG and COL archives. main.scm scripts are not checked	Todos los archivos donde aparece este nombre: IDE, IPL (en los binarios, por id), data/*.dat y *.cfg, cinemáticas, archivos IMG y COL. Los scripts main.scm no se revisan
Вернуть %d строк в список	Return %d rows to the list	Devolver %d filas a la lista
Игнорировать %d строк	Ignore %d rows	Ignorar %d filas
Вернуть строку в список	Return the row to the list	Devolver la fila a la lista
Игнорировать строку	Ignore the row	Ignorar la fila
Вернуть правило %s	Return rule %s	Devolver la regla %s
Игнорировать правило %s целиком	Ignore rule %s entirely	Ignorar la regla %s por completo
· новое	· new	· nueva
МБ	MB	MB
КБ	KB	KB
Выбери строку — здесь будет полное описание: что делает движок и как исправить. Двойной клик — открыть папку файла.	Select a row — the full description appears here: what the engine does and how to fix it. Double-click opens the file's folder.	Selecciona una fila — aquí aparecerá la descripción completa: qué hace el motor y cómo corregirlo. Doble clic abre la carpeta del archivo.
Открыть справочник кодов на этом правиле	Open the code reference at this rule	Abrir la referencia de códigos en esta regla
· выделено %d	· selected %d	· seleccionadas %d
Ctrl — добавить/убрать строку, Shift — диапазон; только строки одного кода. Исправить / Игнорировать / Копировать действуют на все выделенные	Ctrl — add / remove a row, Shift — a range; rows of one code only. Fix / Ignore / Copy act on every selected row	Ctrl — añadir / quitar una fila, Shift — un rango; solo filas de un código. Corregir / Ignorar / Copiar actúan sobre todas las seleccionadas
Открыть внутри программы с подсветкой проблемных строк (двойной клик по строке таблицы)	Open inside the tool with the offending lines highlighted (double-click a table row)	Abrir dentro del programa con las líneas problemáticas resaltadas (doble clic en una fila de la tabla)
Список текстур, превью и пересохранение с исправлениями (двойной клик по строке таблицы)	Texture list, preview and re-saving with fixes (double-click on a table row)	Lista de texturas, vista previa y reguardado con correcciones (doble clic en una fila de la tabla)
Где используется	Where used	Dónde se usa
Все файлы, где встречается «%s»: IDE, IPL, data, катсцены, архивы. Список появится слева вместо таблицы.	Every file that mentions «%s»: IDE, IPL, data, cutscenes, archives. The list appears on the left in place of the table.	Todos los archivos donde aparece «%s»: IDE, IPL, data, cinemáticas, archivos. La lista aparece a la izquierda en lugar de la tabla.
Игнорировать	Ignore	Ignorar
правило	rule	regla
Вернуть	Return	Devolver
Снова показывать эту строку (и выделенные)	Show this row again (and the selected ones)	Volver a mostrar esta fila (y las seleccionadas)
Принять как есть: строка (и выделенные) уходит из таблицы и счётчиков (и из «Исправить всё»), запоминается в gta_check_ignore.txt этой папки	Accept as is: the row (and the selected ones) leaves the table and the counters (and «Fix all»), remembered in this folder's gta_check_ignore.txt	Aceptar tal cual: la fila (y las seleccionadas) sale de la tabla y de los contadores (y de «Corregir todo»), se recuerda en gta_check_ignore.txt de esta carpeta
Снова показывать все строки %s	Show every %s row again	Mostrar de nuevo todas las filas %s
Игнорировать все строки с кодом %s в этой папке игры	Ignore every row with code %s in this game folder	Ignorar todas las filas con el código %s en esta carpeta del juego
нет LOD (-1)	no LOD (-1)	sin LOD (-1)
строка	row	fila
ед.	units	unid.
в этом файле нет LOD-моделей ближе 400 ед.	this file has no LOD models within 400 units	este archivo no tiene modelos LOD a menos de 400 unidades
Какой LOD у этой строки: номер inst-строки в файле (счёт с 0). Список — LOD-модели того же файла по расстоянию. Выбор сразу пишется в IPL (копия в gta_check_backup, есть «Откатить»).	Which LOD this line has: the inst line number in the file (from 0). The list — the LOD models of the same file by distance. The choice is written to the IPL at once (a copy in gta_check_backup, «Undo» available).	Qué LOD tiene esta línea: el número de línea inst en el archivo (desde 0). La lista — los modelos LOD del mismo archivo por distancia. La elección se escribe en el IPL al momento (copia en gta_check_backup, hay «Deshacer»).
копий в файле: %d, со связью: %d · LOD-модель: %s	copies in the file: %d, linked: %d · LOD model: %s	copias en el archivo: %d, enlazadas: %d · modelo LOD: %s
не найдена (нет LOD<имя> в IDE)	not found (no LOD<name> in the IDE)	no encontrado (no hay LOD<nombre> en el IDE)
Связать все копии с LOD	Link every copy to its LOD	Enlazar todas las copias con su LOD
Каждой копии «%s» — своя «%s»: LOD-строка в той же точке (≤ 1 ед.), не занятая другой копией; где такой нет, LOD-строка добавляется в конец секции inst на месте копии (номера других строк не сдвигаются). Общий LOD на несколько копий не ставится	Each copy of «%s» gets its own «%s»: a LOD line at the same point (≤ 1 unit) not taken by another copy; where there is none, a LOD line is appended to the inst section at the copy's place (other line numbers do not shift). One LOD shared by several copies is left as it is.	Cada copia de «%s» recibe su «%s»: una línea LOD en el mismo punto (≤ 1 unidad) no ocupada por otra copia; donde no la hay, se añade una línea LOD al final de la sección inst en el lugar de la copia (los demás números de línea no se mueven). Un LOD común a varias copias se deja como está.
LOD не нужен — убрать у всех копий	No LOD needed — remove from every copy	No hace falta LOD — quitar en todas las copias
У всех копий «%s» в этом файле поле lod := -1 (ссылки на чужие или лишние LOD-строки снимаются; сами LOD-строки остаются)	Every copy of «%s» in this file gets lod := -1 (links to foreign or spare LOD lines are dropped; the LOD lines themselves stay)	Todas las copias de «%s» en este archivo reciben lod := -1 (se quitan los enlaces a líneas LOD ajenas o sobrantes; las líneas LOD se quedan)
Сортировать: модель → её LOD	Sort: model → its LOD	Ordenar: modelo → su LOD
Переставить строки всего файла так, чтобы за каждой моделью сразу шла её LOD-строка (внутри своей секции inst); все индексы lod пересчитываются	Reorder the lines of the whole file so that every model is followed at once by its LOD line (inside its own inst section); all lod indices are recomputed	Reordenar las líneas de todo el archivo para que cada modelo vaya seguido de su línea LOD (dentro de su sección inst); todos los índices lod se recalculan
Показать IPL в 3D	Show IPL in 3D	Mostrar IPL en 3D
Снять фильтр — показывать все IPL	Clear the filter — show all IPLs	Quitar el filtro — mostrar todos los IPL
В 3D останутся только объекты этого IPL-файла (у сектора QLT-06 камера летит к нему)	Only this IPL file's objects stay in 3D (for a QLT-06 sector the camera flies to it)	En 3D quedan solo los objetos de este archivo IPL (en un sector QLT-06 la cámara vuela hacia él)
Исправить: вручную…	Fix: manually…	Corregir: a mano…
В строке IDE дальность отрисовки станет 2 × радиус модели (с округлением до 10); файл правится на месте с копией в gta_check_backup	In the IDE line the draw distance becomes 2 × model radius (rounded to 10); the file is edited in place with a copy in gta_check_backup	En la línea del IDE la distancia de dibujado pasa a 2 × radio del modelo (redondeado a 10); el archivo se edita en el sitio con copia en gta_check_backup
В строке IDE к флагам добавится 4 (alpha transparency 1); файл правится на месте с копией в gta_check_backup	In the IDE line 4 (alpha transparency 1) is added to the flags; the file is edited in place with a copy in gta_check_backup	En la línea del IDE se añade 4 (alpha transparency 1) a los flags; el archivo se edita en el sitio con copia en gta_check_backup
Все текстуры файла с размером не степень двойки пересэмплируются до ближайшей (256, 512, 1024…); TXD переписывается с копией в gta_check_backup	Every texture of the file whose size is not a power of two is resampled to the nearest one (256, 512, 1024…); the TXD is rewritten with a copy in gta_check_backup	Todas las texturas del archivo cuyo tamaño no es potencia de dos se remuestrean a la más cercana (256, 512, 1024…); el TXD se reescribe con copia en gta_check_backup
DXT3/DXT5 без прозрачности перекодируются в DXT1 (вдвое меньше), с настоящей альфой — получают флаг alpha; TXD переписывается с копией в gta_check_backup	DXT3/DXT5 without transparency are re-encoded as DXT1 (half the size), those with real alpha get the alpha flag; the TXD is rewritten with a copy in gta_check_backup	Las DXT3/DXT5 sin transparencia se recodifican a DXT1 (la mitad de tamaño), las de alfa real reciben la bandera alpha; el TXD se reescribe con copia en gta_check_backup
Текстуры, которые не использует ни один материал моделей этого TXD, удаляются из файла; TXD переписывается с копией в gta_check_backup	Textures no material of this TXD's models uses are removed from the file; the TXD is rewritten with a copy in gta_check_backup	Las texturas que ningún material de los modelos de este TXD usa se eliminan del archivo; el TXD se reescribe con copia en gta_check_backup
objs/tobj: фрейм атомика → имя модели из IDE (с сохранением _dam);\nостальные фреймы и кламп-модели — убрать паддинг, обрезать до 23.	objs/tobj: atomic frame → model name from the IDE (keeping _dam);\nother frames and clump models — strip the padding, cut to 23.	objs/tobj: frame del atomic → nombre del modelo del IDE (conservando _dam);\nel resto de frames y los modelos clump — quitar el relleno, recortar a 23.
Таблица всех фреймов файла с редактируемыми именами.	Table of every frame of the file with editable names.	Tabla de todos los frames del archivo con nombres editables.
Файл: %s  (строка/запись %d)	File: %s  (line/entry %d)	Archivo: %s  (línea/entrada %d)
Файл: %s	File: %s	Archivo: %s
Объект: %s	Object: %s	Objeto: %s
Что это	What it is	Qué es
Чем грозит	What it risks	Qué arriesga
Что делать	What to do	Qué hacer
ЧТО ПРОВЕРЯТЬ	WHAT TO CHECK	QUÉ COMPROBAR
данные	data	datos
инфо	info	info
Собирать и показывать информационные заметки (не проблемы).	Collect and show informational notes (not problems).	Recoger y mostrar notas informativas (no son problemas).
СБОРКА	BUILD	BUILD
Учитывать папку modloader\\: loose dff/txd/col/ifp подменяют записи IMG,\nide/ipl по имени подменяют или добавляются, readme-строки IDE/IPL/IMG.	Honour the modloader\\ folder: loose dff/txd/col/ifp replace IMG entries,\nide/ipl by name replace or add, readme IDE/IPL/IMG lines.	Tener en cuenta la carpeta modloader\\: los dff/txd/col/ifp sueltos sustituyen entradas de los IMG,\nlos ide/ipl por nombre sustituyen o se añaden, líneas IDE/IPL/IMG de los readme.
лимит-аджастер	limit adjuster	limit adjuster
Стоит fastman92 limit adjuster: превышения пулов (TXD 5000, COL 255/10150,\nanims 2500…) показывать как заметки, а не как краш.	fastman92 limit adjuster installed: show exceeded pools (TXD 5000, COL 255/10150,\nanims 2500…) as notes, not as crashes.	Hay fastman92 limit adjuster: mostrar los excesos de los pools (TXD 5000, COL 255/10150,\nanims 2500…) como notas, no como crash.
только мод	mod only	solo mod
Не проверять содержимое ванильных gta3.img / gta_int.img / player.img / cutscene.img\n(они всё равно читаются для перекрёстных ссылок).	Skip the contents of the vanilla gta3.img / gta_int.img / player.img / cutscene.img\n(they are still read for the cross references).	No comprobar el contenido de los gta3.img / gta_int.img / player.img / cutscene.img vanilla\n(se leen igualmente para las referencias cruzadas).
СОХРАНЕНИЕ	SAVING	GUARDADO
на место (копия оригинала в gta_check_backup)	in place (a copy of the original in gta_check_backup)	en su sitio (copia del original en gta_check_backup)
в папку:	to a folder:	en una carpeta:
(не выбрана)	(not chosen)	(no elegida)
Выбрать…	Choose…	Elegir…
Пересохранённые TXD, исправленные DFF и правленые текстовые файлы пойдут сюда, игра не трогается.\nЗаписи из IMG кладутся по имени, loose-файлы — по своему относительному пути (готово для modloader).	Re-saved TXDs, fixed DFFs and edited text files go here, the game is left alone.\nIMG entries are stored by name, loose files by their relative path (ready for modloader).	Los TXD reguardados, los DFF corregidos y los archivos de texto editados van aquí; el juego no se toca.\nLas entradas de IMG se guardan por nombre, los archivos sueltos por su ruta relativa (listo para modloader).
Диета TXD…	TXD diet…	Dieta TXD…
Пакетно ужать все TXD (предел стороны, DXT) в отдельную папку для modloader — прямой ответ на перегруженный стриминг	Shrink every TXD in a batch (side limit, DXT) into a separate folder for modloader — the direct answer to overloaded streaming	Reducir todos los TXD en lote (límite de lado, DXT) a una carpeta aparte para modloader — la respuesta directa al streaming sobrecargado
ПОКАЗ	VIEW	VISTA
скрыть ванильное	hide vanilla	ocultar vanilla
Не показывать проблемы, которые есть и у чистой игры (SA 1.0 US / III / VC) (тот же код, файл, объект и текст):\nигра с ними работает, для кастомной сборки это шум. Переключается без перепроверки.	Hide problems that a stock game (SA 1.0 US / III / VC) has too (same code, file, object and text):\nthe game runs with them, for a custom build they are noise. Toggles without a re-check.	Ocultar problemas que también tiene un juego limpio (SA 1.0 US / III / VC) (mismo código, archivo, objeto y texto):\nel juego funciona con ellos, para una compilación personalizada son ruido. Se alterna sin volver a comprobar.
текстуры в цветных режимах 3D	textures in the 3D colour modes	texturas en los modos de color 3D
Режимы «цвет:» на 3D-карте: включено — цвет умножается на текстуру (видны детали), выключено — сплошная заливка, форма от освещения. «Районы» всегда без текстур.	The «colour:» modes of the 3D map: on — the colour multiplies the texture (details show), off — a solid fill, the shape from the lighting. «Districts» is always without textures.	Los modos «color:» del mapa 3D: activado — el color multiplica la textura (se ven los detalles), desactivado — relleno sólido, la forma por la iluminación. «Distritos» siempre sin texturas.
показывать игнорируемые	show ignored	mostrar ignoradas
Строки, принятые кнопкой «Игнорировать», остаются в таблице приглушёнными.\nСписок — gta_check_ignore.txt в папке игры, его можно править руками (rule<TAB>КОД или issue<TAB>КОД<TAB>файл<TAB>объект<TAB>сообщение).	Rows accepted with the «Ignore» button stay in the table, dimmed.\nThe list is gta_check_ignore.txt in the game folder; it can be edited by hand (rule<TAB>CODE or issue<TAB>CODE<TAB>file<TAB>object<TAB>message).	Las filas aceptadas con el botón «Ignorar» se quedan en la tabla, atenuadas.\nLa lista es gta_check_ignore.txt en la carpeta del juego; se puede editar a mano (rule<TAB>CÓDIGO o issue<TAB>CÓDIGO<TAB>archivo<TAB>objeto<TAB>mensaje).
подсказки при наведении	hover hints	pistas al pasar el ratón
Всплывающие пояснения «клик — …, ПКМ — …» у кнопок, дерева и таблицы. Полный список сочетаний — Справочник → «Клавиши и мышь».	Pop-up explanations «click — …, right click — …» on buttons, the tree and the table. The full list of shortcuts — Reference → «Keys and mouse».	Explicaciones emergentes «clic — …, clic derecho — …» en botones, árbol y tabla. La lista completa de combinaciones — Referencia → «Teclas y ratón».
студия — чёрный, оранжевый	studio — black, orange	estudio — negro, naranja
игра — палитра меню паузы (SA / VC / III)	game — the pause-menu palette (SA / VC / III)	juego — paleta del menú de pausa (SA / VC / III)
спокойная — нейтральные серые	calm — neutral greys	tranquilo — grises neutros
Blender — серые панели, синий	Blender — grey panels, blue	Blender — paneles grises, azul
панель — тёмно-синий, синий	panel — dark blue, blue	panel — azul oscuro, azul
неон — ретро CRT, моноширинный	neon — retro CRT, monospace	neón — CRT retro, monoespaciado
графит — зелёный	graphite — green	grafito — verde
индиго — фиолетовый	indigo — violet	índigo — violeta
океан — бирюзовый	ocean — teal	océano — turquesa
цвета	colours	colores
Цветовая схема на одной и той же раскладке; переключается сразу. «Неон» — вся ретро-тема: моноширинный шрифт, свечение, выпуклый экран 3D (см. ниже).	A colour scheme over the same layout; switches at once. «Neon» is the whole retro theme: monospace font, glow, the curved 3D screen (see below).	Esquema de colores sobre la misma disposición; cambia al momento. «Neón» es todo el tema retro: fuente monoespaciada, brillo, pantalla 3D curva (ver abajo).
фон из загрузочных экранов игры	backdrop from the game's loading screens	fondo con las pantallas de carga del juego
другой	another	otro
масштаб	scale	escala
Шрифты и отступы всего окна; применяется сразу	Fonts and spacing of the whole window; applies at once	Fuentes y márgenes de toda la ventana; se aplica al momento
шрифт	font	fuente
Шрифт текста, списков и редактора (заголовки тем остаются свои); применяется сразу	The font of text, lists and the editor (theme headings keep their own); applies at once	Fuente del texto, las listas y el editor (los títulos de los temas conservan la suya); se aplica al momento
янтарный	amber	ámbar
зелёный	green	verde
красный	red	rojo
голубой	cyan	cian
белый	white	blanco
цвет	colour	color
Цвет свечения «кинескопа»: янтарный, зелёный P1, красный, голубой или белый	The phosphor colour of the «tube»: amber, P1 green, red, cyan or white	El color del fósforo del «tubo»: ámbar, verde P1, rojo, cian o blanco
эффект ЭЛТ (CRT)	CRT effect	efecto CRT
Строчная развёртка поверх окна и выпуклый экран старого телевизора в 3D	Scanlines over the window and the curved screen of an old TV set in 3D	Líneas de barrido sobre la ventana y la pantalla curva de un televisor antiguo en 3D
Проверка и сборка применяются при следующей проверке.	Check and build options apply on the next check.	Las opciones de comprobación y de build se aplican en la siguiente comprobación.
Проверить заново	Check again	Comprobar de nuevo
%s · %s · IMG %d · IDE %d · IPL %d · моделей %d · DFF %d · TXD %d · COL %d · IFP %d · %.1f с	%s · %s · IMG %d · IDE %d · IPL %d · models %d · DFF %d · TXD %d · COL %d · IFP %d · %.1f s	%s · %s · IMG %d · IDE %d · IPL %d · modelos %d · DFF %d · TXD %d · COL %d · IFP %d · %.1f s
· modloader: %d файлов	· modloader: %d files	· modloader: %d archivos
· показано %d	· shown %d	· mostrados %d
Папка игры не найдена: gta_check.exe должен лежать рядом с gta_sa.exe (data\\gta.dat).	Game folder not found: gta_check.exe must sit next to gta_sa.exe (data\\gta.dat).	Carpeta del juego no encontrada: gta_check.exe debe estar junto a gta_sa.exe (data\\gta.dat).
· данные изменились (%s) — проверь заново	· the data changed (%s) — check again	· los datos cambiaron (%s) — comprueba de nuevo
Слежение за папкой игры: файл записан, создан, удалён или переименован после проверки. Таблица показывает старое состояние.	Folder watch: a file was written, created, deleted or renamed after the check. The table shows the old state.	Vigilancia de la carpeta del juego: un archivo se escribió, creó, borró o renombró después de la comprobación. La tabla muestra el estado antiguo.
Запись не найдена в архиве: 	Entry not found in the archive: 	Entrada no encontrada en el archivo: 
Запись не найдена в архивах: 	Entry not found in the archives: 	Entrada no encontrada en los archivos: 
 · индексы LOD пересчитаны: %d%s	 · LOD indices recomputed: %d%s	 · índices LOD recalculados: %d%s
, ссылок на удалённые строки: %d (→ -1)	, links to deleted lines: %d (→ -1)	, enlaces a líneas borradas: %d (→ -1)
Сохранено: %s (копия оригинала: %s) — нажми «Проверить заново»	Saved: %s (original copy: %s) — press «Check again»	Guardado: %s (copia del original: %s) — pulsa «Comprobar de nuevo»
Сохранено в %s	Saved to %s	Guardado en %s
Строк с проблемами: %d	Lines with problems: %d	Líneas con problemas: %d
В этом файле проблем не отмечено	No problems noted in this file	No hay problemas anotados en este archivo
↑ пред.	↑ prev	↑ ant.
↓ след.	↓ next	↓ sig.
только просмотр (файл вне папки игры)	view only (the file is outside the game folder)	solo lectura (el archivo está fuera de la carpeta del juego)
только просмотр (внутри IMG)	view only (inside an IMG)	solo lectura (dentro de un IMG)
Сохранить	Save	Guardar
Отменить правки	Discard edits	Descartar cambios
Ctrl+S. Оригинал сохраняется в gta_check_backup\\text при первой записи.	Ctrl+S. The original is kept in gta_check_backup\\text on the first save.	Ctrl+S. El original se guarda en gta_check_backup\\text en la primera escritura.
В этой строке нет имени модели	No model name in this line	En esta línea no hay nombre de modelo
«%s» — не модель из IDE	«%s» — not a model from the IDE	«%s» — no es un modelo del IDE
Найти «%s» на карте (%d копий)	Find «%s» on the map (%d copies)	Buscar «%s» en el mapa (%d copias)
Найти «%s» в 3D	Find «%s» in 3D	Buscar «%s» en 3D
Назначить LOD-модель для «%s»…	Assign a LOD model for «%s»…	Asignar un modelo LOD para «%s»…
нигде не расставлена в IPL	not placed anywhere in the IPLs	no está colocado en ningún IPL
Связать все копии «%s» с LOD (%s)	Link every copy of «%s» to its LOD (%s)	Enlazar todas las copias de «%s» con su LOD (%s)
нет LOD-модели в IDE	no LOD model in the IDE	no hay modelo LOD en el IDE
LOD не нужен — убрать у всех копий «%s»	No LOD needed — remove from every copy of «%s»	No hace falta LOD — quitar en todas las copias de «%s»
Сортировать файл: модель → её LOD	Sort the file: model → its LOD	Ordenar el archivo: modelo → su LOD
Вернуть строку %s в список	Return row %s to the list	Devolver la fila %s a la lista
Игнорировать строку %s	Ignore row %s	Ignorar la fila %s
LOD ДЛЯ «%s»	LOD FOR «%s»	LOD PARA «%s»
Имя LOD-модели (по правилу — LOD + имя модели):	LOD model name (by the rule — LOD + the model name):	Nombre del modelo LOD (por la regla — LOD + nombre del modelo):
Такой LOD-модели нет ни в одном IDE — сначала объяви её в IDE (строка objs с id, именем, TXD и дальностью ≥ 300)	No such LOD model in any IDE — declare it in an IDE first (an objs line with id, name, TXD and draw distance ≥ 300)	No existe tal modelo LOD en ningún IDE — decláralo primero en un IDE (línea objs con id, nombre, TXD y distancia ≥ 300)
Это сама модель, а не её LOD	This is the model itself, not its LOD	Este es el propio modelo, no su LOD
В IDE: id %d, %s (дальность %g) · копий модели в этом файле: %d	In the IDE: id %d, %s (distance %g) · copies of the model in this file: %d	En el IDE: id %d, %s (distancia %g) · copias del modelo en este archivo: %d
«Применить»: каждой копии — своя LOD-строка в той же точке (существующая, если стоит там же, иначе новая в конце секции inst), индексы lod проставляются.	«Apply»: every copy gets its own LOD line at the same point (the existing one if it stands there, else a new one at the end of the inst section), the lod indices are filled in.	«Aplicar»: cada copia recibe su línea LOD en el mismo punto (la existente si está ahí, si no una nueva al final de la sección inst), se rellenan los índices lod.
Применить	Apply	Aplicar
… и ещё %d	… and %d more	… y %d más
Строка %d. Правки попадают в файл после «Сохранить» (Ctrl+S). Ctrl+колесо — масштаб.	Line %d. Edits reach the file after «Save» (Ctrl+S). Ctrl+wheel — zoom.	Línea %d. Los cambios llegan al archivo tras «Guardar» (Ctrl+S). Ctrl+rueda — zoom.
Строка %d. Ctrl+колесо — масштаб.	Line %d. Ctrl+wheel — zoom.	Línea %d. Ctrl+rueda — zoom.
%s: нужен PNG, TGA или BMP	%s: PNG, TGA or BMP needed	%s: se necesita PNG, TGA o BMP
не удалось записать временный файл	could not write the temporary file	no se pudo escribir el archivo temporal
%s: картинка не декодируется	%s: the image does not decode	%s: la imagen no se decodifica
текстура не собрана	texture not built	textura no construida
%s: заменена (%dx%d → %s %dx%d, мипов %d)	%s: replaced (%dx%d → %s %dx%d, mips %d)	%s: reemplazada (%dx%d → %s %dx%d, mips %d)
%s: добавлена (%dx%d → %s %dx%d, мипов %d)	%s: added (%dx%d → %s %dx%d, mips %d)	%s: añadida (%dx%d → %s %dx%d, mips %d)
%s: удалена — нажми «Пересохранить…», чтобы записать	%s: removed — press «Re-save…» to write	%s: eliminada — pulsa «Volver a guardar…» para escribir
Изменено текстур: %d, %u → %u байт — %s	Textures changed: %d, %u → %u bytes — %s	Texturas cambiadas: %d, %u → %u bytes — %s
сохранено в %s	saved to %s	guardado en %s
TXD сохранён в %s	TXD saved to %s	TXD guardado en %s
Этого TXD нет среди словарей IDE — делить не по чему	This TXD is not among the IDE dictionaries — nothing to split by	Este TXD no está entre los diccionarios del IDE — no hay por qué dividir
Ни одна модель не использует текстуры этого TXD	No model uses the textures of this TXD	Ningún modelo usa las texturas de este TXD
Все модели связаны общими текстурами — на части не делится (общие текстуры пришлось бы вынести в родительский TXD через txdp)	All the models share textures — it cannot be split (the shared textures would have to go into a parent TXD through txdp)	Todos los modelos comparten texturas — no se puede dividir (las texturas comunes tendrían que ir a un TXD padre mediante txdp)
%s.txd: текстур %d, моделей %d, %.1f МБ → %s\n	%s.txd: textures %d, models %d, %.1f MB → %s\n	%s.txd: texturas %d, modelos %d, %.1f MB → %s\n
Новых TXD: %d, IDE-файлов изменено: %d. Исходный TXD не тронут — после перепроверки он попадёт в «Лишнее», если его больше никто не использует.%s	New TXDs: %d, IDE files changed: %d. The original TXD is untouched — after a re-check it lands in «Unused» if nobody uses it any more.%s	TXD nuevos: %d, archivos IDE cambiados: %d. El TXD original no se toca — tras volver a comprobar irá a «Sobrante» si ya nadie lo usa.%s
 Новые файлы лежат в modloader\\gta_check_fix — игра подхватит их как есть.	 The new files are in modloader\\gta_check_fix — the game picks them up as they are.	 Los archivos nuevos están en modloader\\gta_check_fix — el juego los toma tal cual.
 Папку с новыми файлами игра сама не читает — добавь их в IMG (или поставь modloader).	 The game does not read the folder with the new files by itself — add them to an IMG (or install modloader).	 El juego no lee por sí mismo la carpeta con los archivos nuevos — añádelos a un IMG (o instala modloader).
записано в архив на место (копия: %s)	written into the archive in place (copy: %s)	escrito en el archivo en su sitio (copia: %s)
файл стал больше записи IMG — сохранён в %s (modloader подхватит его вместо архива)	the file grew beyond its IMG entry — saved to %s (modloader will pick it instead of the archive)	el archivo creció más que su entrada IMG — guardado en %s (modloader lo tomará en lugar del archivo)
файл стал больше записи IMG — сохранён в %s; перепакуй его в архив	the file grew beyond its IMG entry — saved to %s; repack it into the archive	el archivo creció más que su entrada IMG — guardado en %s; vuelve a empaquetarlo en el archivo
записано (копия оригинала: %s)	written (copy of the original: %s)	escrito (copia del original: %s)
TXD пересохранён — нажми «Проверить заново»	TXD re-saved — press «Check again»	TXD reguardado — pulsa «Comprobar de nuevo»
Текстур: %d · %s · %s	Textures: %d · %s · %s	Texturas: %d · %s · %s
внутри IMG	inside IMG	dentro del IMG
Пересохранить… *	Re-save… *	Volver a guardar… *
Пересохранить…	Re-save…	Reguardar…
Есть несохранённые правки списка / текстур — записать файл	The list / the textures have unsaved edits — write the file	Hay cambios sin guardar en la lista / las texturas — escribir el archivo
Записать файл заново через кодек (правки формата, мипов, размеров)	Write the file again through the codec (format, mipmap and size edits)	Volver a escribir el archivo con el códec (cambios de formato, mipmaps, tamaños)
Добавить…	Add…	Añadir…
PNG / TGA / BMP → текстура с именем файла (размер до степени двойки, мипы, DXT по настройке «сжимать в DXT»). Можно просто перетащить файл на окно.	PNG / TGA / BMP → a texture named after the file (size to a power of two, mips, DXT per the «compress to DXT» setting). You can also just drop the file onto the window.	PNG / TGA / BMP → textura con el nombre del archivo (tamaño a potencia de dos, mips, DXT según el ajuste «comprimir en DXT»). También puedes arrastrar el archivo a la ventana.
Удалить	Remove	Eliminar
Убрать выбранную текстуру из списка; файл меняется только после «Пересохранить…»	Remove the selected texture from the list; the file changes only after «Re-save…»	Quitar la textura seleccionada de la lista; el archivo cambia solo tras «Volver a guardar…»
Сортировать	Sort	Ordenar
Список отсортирован: текстуры с альфой в конце	List sorted: textures with alpha at the end	Lista ordenada: las texturas con alfa al final
Переставить текстуры так, чтобы все с альфой шли последними (порядок внутри групп сохраняется); запишется при «Пересохранить…»	Reorder the textures so that all with alpha come last (the order inside the groups is kept); written on «Resave…»	Reordenar las texturas para que todas las que tienen alfa vayan al final (se conserva el orden dentro de los grupos); se escribe con «Volver a guardar…»
Разделить…	Split…	Dividir…
Разбить этот TXD на несколько по моделям: модели с общими текстурами остаются вместе, каждая группа → свой <имя>_N.txd, строки IDE получают новое имя. Сначала показывается план.	Split this TXD into several by model: models with shared textures stay together, each group → its own <name>_N.txd, the IDE lines get the new name. A plan is shown first.	Dividir este TXD en varios por modelos: los modelos con texturas comunes quedan juntos, cada grupo → su <nombre>_N.txd, las líneas IDE reciben el nuevo nombre. Primero se muestra el plan.
Имя	Name	Nombre
Формат	Format	Formato
Мипы	Mips	Mips
Платф.	Platf.	Plataf.
Удалить текстуру	Delete the texture	Eliminar la textura
Не используется: ни одна из %d моделей с этим TXD в IDE не ссылается на неё (QLT-12) — игра ищет текстуры только в TXD модели и его txdp-родителях	Unused: none of the %d models with this TXD in the IDE references it (QLT-12) — the game looks for textures only in the model's TXD and its txdp parents	No se usa: ninguno de los %d modelos con este TXD en el IDE la referencia (QLT-12) — el juego busca texturas solo en el TXD del modelo y sus padres txdp
Такое же имя есть ещё в %d словарях — модели с теми TXD берут её оттуда, эта копия в памяти лишняя	The same name exists in %d more dictionaries — models with those TXDs take it from there, this copy in memory is spare	El mismo nombre existe en %d diccionarios más — los modelos con esos TXD la toman de allí, esta copia en memoria sobra
Такая же текстура (пиксели совпадают): %s	The same texture (pixels match): %s	La misma textura (los píxeles coinciden): %s
Убрать эту текстуру из списка; файл меняется только после «Пересохранить…»	Remove this texture from the list; the file changes only after «Resave…»	Quitar esta textura de la lista; el archivo cambia solo tras «Volver a guardar…»
альфа	alpha	alfa
без альфы	no alpha	sin alfa
маска	mask	máscara
мипов	mips	mips
размер	size	tamaño
Ширина x высота (пробел ставит «x»; одно число — квадрат), Enter — применить	Width x height (a space becomes «x»; one number — a square), Enter — apply	Ancho x alto (el espacio pone «x»; un solo número — cuadrado), Enter — aplicar
Размер: число или «ширина x высота» (1..4096)	Size: a number or «width x height» (1..4096)	Tamaño: un número o «ancho x alto» (1..4096)
MipMap включены	MipMaps on	MipMaps activados
MipMap выключены	MipMaps off	MipMaps desactivados
Уровней сейчас: %d. Включить — полная цепочка до 1×1, выключить — один уровень (вдали текстура будет рябить)	Levels now: %d. On — the full chain down to 1×1, off — one level (the texture will shimmer far away)	Niveles ahora: %d. Activar — cadena completa hasta 1×1, desactivar — un nivel (la textura parpadeará de lejos)
сжатие	compression	compresión
DXT1 (без альфы)	DXT1 (no alpha)	DXT1 (sin alfa)
DXT2 (альфа 4 бита, premultiplied)	DXT2 (4-bit alpha, premultiplied)	DXT2 (alfa de 4 bits, premultiplicado)
DXT3 (альфа 4 бита)	DXT3 (4-bit alpha)	DXT3 (alfa de 4 bits)
DXT4 (плавная альфа, premultiplied)	DXT4 (smooth alpha, premultiplied)	DXT4 (alfa suave, premultiplicado)
DXT5 (плавная альфа)	DXT5 (smooth alpha)	DXT5 (alfa suave)
без сжатия, 32 бита	uncompressed, 32 bit	sin compresión, 32 bits
DXT1 — 4 бита на пиксель, альфа отбрасывается; DXT3 — 8 бит, альфа ступенями по 16; DXT5 — 8 бит, альфа плавная; DXT2/DXT4 — то же с предумноженным цветом (редко нужны); 32 бита — без потерь, в 4–8 раз больше	DXT1 — 4 bits per pixel, alpha dropped; DXT3 — 8 bits, alpha in steps of 16; DXT5 — 8 bits, smooth alpha; DXT2/DXT4 — the same with premultiplied colour (rarely needed); 32 bit — lossless, 4–8 times bigger	DXT1 — 4 bits por píxel, el alfa se descarta; DXT3 — 8 bits, alfa en pasos de 16; DXT5 — 8 bits, alfa suave; DXT2/DXT4 — lo mismo con color premultiplicado (rara vez necesarios); 32 bits — sin pérdidas, 4–8 veces más grande
фильтр	filter	filtro
Режим фильтрации сэмплера (в ванили почти везде LINEARMIPLINEAR = 6); адресация UV не трогается	The sampler's filter mode (vanilla is almost everywhere LINEARMIPLINEAR = 6); UV addressing is left alone	Modo de filtrado del sampler (en vanilla casi siempre LINEARMIPLINEAR = 6); el direccionamiento UV no se toca
ПКМ по строке списка — удалить	Right click on a list row — delete	Clic derecho en una fila de la lista — eliminar
Нет превью: формат не декодируется	No preview: the format cannot be decoded	Sin vista previa: el formato no se puede decodificar
Выбери текстуру в списке	Pick a texture in the list	Elige una textura en la lista
РАЗДЕЛИТЬ TXD	SPLIT THE TXD	DIVIDIR EL TXD
Модели, у которых есть общие текстуры, должны остаться в одном словаре — поэтому группы такие, как ниже.	Models sharing textures must stay in one dictionary — hence the groups below.	Los modelos que comparten texturas deben quedar en un mismo diccionario — por eso los grupos son los de abajo.
Новый TXD	New TXD	TXD nuevo
Модели	Models	Modelos
Текстур	Textures	Texturas
— не войдут	— left out	— quedan fuera
текстуры без моделей (QLT-12): %s	textures without models (QLT-12): %s	texturas sin modelos (QLT-12): %s
— остаются	— stay	— se quedan
моделей без текстур из этого TXD: %d (их TXD не меняется)	models without textures from this TXD: %d (their TXD is unchanged)	modelos sin texturas de este TXD: %d (su TXD no cambia)
Файлы пойдут в %s; строки IDE правятся на месте с копией и журналом.	The files go to %s; the IDE lines are edited in place with a copy and a journal.	Los archivos irán a %s; las líneas IDE se editan en el sitio con copia y registro.
ПЕРЕСОХРАНИТЬ TXD	RE-SAVE TXD	REGUARDAR TXD
В скобках — сколько текстур затронет каждая правка.	In brackets — how many textures each fix touches.	Entre paréntesis — cuántas texturas toca cada corrección.
Список текстур изменён (добавлено / удалено) — запишется вместе с правками.	The texture list has changed (added / removed) — it is written together with the repairs.	La lista de texturas ha cambiado (añadidas / eliminadas) — se escribirá junto con las correcciones.
SA принимает только platformId 9; данные пикселей те же, меняется только заголовок.	SA accepts platformId 9 only; the pixel data stays the same, only the header changes.	SA solo acepta platformId 9; los datos de píxeles son los mismos, solo cambia la cabecera.
палитровые (PAL4/PAL8) → DXT / 32-бит	paletted (PAL4/PAL8) → DXT / 32-bit	con paleta (PAL4/PAL8) → DXT / 32 bits
PAL8 не поддерживается современными видеокартами (LOAD-FAIL): текстура декодируется и записывается заново.	PAL8 is not supported by modern GPUs (LOAD-FAIL): the texture is decoded and written anew.	Las GPU modernas no admiten PAL8 (LOAD-FAIL): la textura se decodifica y se escribe de nuevo.
AUTOMIPMAP → явные уровни	AUTOMIPMAP → explicit levels	AUTOMIPMAP → niveles explícitos
Флаг ломает чтение уровней; цепочка мипов пересчитывается и записывается явно.	The flag breaks the reading of levels; the mip chain is recomputed and written explicitly.	El flag rompe la lectura de los niveles; la cadena de mips se recalcula y se escribe explícitamente.
неполная цепочка мипов → полная	incomplete mip chain → full	cadena de mips incompleta → completa
Бит MIPMAP есть, а уровней записано меньше, чем создаёт D3D: дальние уровни остаются мусором. Цепочка пересчитывается до 1×1.	The MIPMAP bit is set but fewer levels are stored than D3D creates: the far levels stay garbage. The chain is recomputed down to 1×1.	El bit MIPMAP está puesto pero hay menos niveles guardados de los que crea D3D: los niveles lejanos quedan como basura. La cadena se recalcula hasta 1×1.
размер не степень двойки → ближайшая	size not a power of two → nearest	tamaño que no es potencia de dos → la más cercana
Билинейная пересэмплировка до ближайшей степени двойки (256, 512, 1024…).	Bilinear resampling to the nearest power of two (256, 512, 1024…).	Remuestreo bilineal a la potencia de dos más cercana (256, 512, 1024…).
фильтр вне 1..6 → LINEARMIPLINEAR	filter outside 1..6 → LINEARMIPLINEAR	filtro fuera de 1..6 → LINEARMIPLINEAR
Мусорный режим фильтрации даёт мусорное состояние сэмплера.	A garbage filter mode gives a garbage sampler state.	Un modo de filtrado basura da un estado de sampler basura.
снять маску	clear the mask	quitar la máscara
На D3D9 маска не используется.	On D3D9 the mask is not used.	En D3D9 la máscara no se usa.
сжимать в DXT (DXT1 / DXT5 с альфой)	compress to DXT (DXT1 / DXT5 with alpha)	comprimir a DXT (DXT1 / DXT5 con alfa)
Для всех перекодируемых и несжатых текстур; выключи — будут 32-бит без потерь (в 4–8 раз больше).	For all re-encoded and uncompressed textures; turn it off for lossless 32-bit (4–8 times bigger).	Para todas las texturas recodificadas y sin comprimir; desactívalo para 32 bits sin pérdida (4–8 veces más grande).
DXT3/DXT5 без прозрачности → DXT1	DXT3/DXT5 without transparency → DXT1	DXT3/DXT5 sin transparencia → DXT1
Текстура декодируется: если альфа везде 255 — перекодируется в DXT1 (вдвое меньше); если альфа настоящая, а флага alpha нет — ставится флаг. В скобках — сколько DXT3/DXT5 будет проверено.	The texture is decoded: if alpha is 255 everywhere it is re-encoded as DXT1 (half the size); if the alpha is real but the alpha flag is missing, the flag is set. In brackets — how many DXT3/DXT5 will be checked.	La textura se decodifica: si el alfa es 255 en todas partes se recodifica a DXT1 (la mitad de tamaño); si el alfa es real pero falta la bandera alpha, se pone la bandera. Entre paréntesis — cuántas DXT3/DXT5 se comprobarán.
Файл пойдёт в %s (Настройки… → Сохранение)	The file will go to %s (Settings… → Saving)	El archivo irá a %s (Ajustes… → Guardado)
Внутри IMG: запись на место, если влезает в старые секторы; иначе — в modloader\\gta_check_fix\\ (или gta_check_out\\).	Inside IMG: written in place if it fits the old sectors; otherwise into modloader\\gta_check_fix\\ (or gta_check_out\\).	Dentro del IMG: se escribe en su sitio si cabe en los sectores antiguos; si no, en modloader\\gta_check_fix\\ (o gta_check_out\\).
Файл пишется на место, оригинал — в gta_check_backup\\text\\ при первой записи.	The file is written in place, the original goes to gta_check_backup\\text\\ on the first write.	El archivo se escribe en su sitio; el original va a gta_check_backup\\text\\ en la primera escritura.
В папку…	To folder…	A carpeta…
Выбрать папку и записать туда готовый файл; игра и журнал отката не трогаются	Pick a folder and write the finished file there; the game and the undo journal are not touched	Elegir una carpeta y escribir allí el archivo terminado; el juego y el diario de deshacer no se tocan
Превью недоступно: не удалось создать камеру	Preview unavailable: the camera could not be created	Vista previa no disponible: no se pudo crear la cámara
DFF не найден ни в одном IMG	The DFF is not in any IMG	El DFF no está en ningún IMG
librw не смог прочитать DFF	librw could not read the DFF	librw no pudo leer el DFF
DFF повреждён (индексы BinMesh/материалов вне диапазона) — превью не показано, см. строки DFF	The DFF is damaged (BinMesh/material indices out of range) — no preview, see the DFF rows	El DFF está dañado (índices de BinMesh/materiales fuera de rango) — sin vista previa, ver las filas DFF
В DFF нет геометрии	The DFF has no geometry	El DFF no tiene geometría
атомиков %d · треугольников %d · материалов с текстурой %d, без %d · TXD %s	atomics %d · triangles %d · materials with a texture %d, without %d · TXD %s	atomics %d · triángulos %d · materiales con textura %d, sin %d · TXD %s
не найден	not found	no encontrado
 · COL: сфер %d, боксов %d, граней %d	 · COL: spheres %d, boxes %d, faces %d	 · COL: esferas %d, cajas %d, caras %d
 · COL не прочитан: %s	 · COL not read: %s	 · COL no leído: %s
 · COL нет	 · no COL	 · sin COL
COL%d %s · сфер %d, боксов %d, граней %d · только коллизия	COL%d %s · spheres %d, boxes %d, faces %d · collision only	COL%d %s · esferas %d, cajas %d, caras %d · solo colisión
COL не найден	COL not found	COL no encontrado
COL не прочитан: 	COL not read: 	COL no leído: 
COL%d %s · сфер %d, боксов %d, граней %d · модели в IDE нет — только коллизия	COL%d %s · spheres %d, boxes %d, faces %d · no model in the IDE — collision only	COL%d %s · esferas %d, cajas %d, caras %d · no hay modelo en el IDE — solo colisión
Нет модели	No model	Sin modelo
Нет в TXD (розовым на модели): %s	Not in the TXD (magenta on the model): %s	No está en el TXD (en magenta sobre el modelo): %s
грань %d · атомик %d · материал %d · текстура %s · центр %.2f, %.2f, %.2f	face %d · atomic %d · material %d · texture %s · centre %.2f, %.2f, %.2f	cara %d · atomic %d · material %d · textura %s · centro %.2f, %.2f, %.2f
к модели	to the model	al modelo
Вернуть камеру к центру модели и снять выделение грани	Put the camera back on the model's centre and drop the face highlight	Devolver la cámara al centro del modelo y quitar el resaltado de la cara
коллизия	collision	colisión
Каркас COL поверх модели: сферы, боксы и меш голубым. Видно, где коллизия не совпадает с моделью или её нет.	The COL wireframe over the model: spheres, boxes and mesh in blue. Shows where the collision does not match the model or is missing.	La malla COL sobre el modelo: esferas, cajas y malla en azul. Se ve dónde la colisión no coincide con el modelo o falta.
ЛКМ — вращать, колёсико-драг — сдвиг, колесо — приблизить; клик по грани — выделить и взять её центр, двойной — приблизиться к ней	LMB — rotate, wheel-button drag — pan, wheel — zoom; click on a face — pick it and take its centre, double click — zoom to it	Botón izquierdo — girar, arrastrar con la rueda — desplazar, rueda — acercar; clic en una cara — seleccionarla y tomar su centro, doble clic — acercarse a ella
COL-файл не найден в архивах	COL file not found in the archives	Archivo COL no encontrado en los archivos
%s · моделей коллизии: %d	%s · collision models: %d	%s · modelos de colisión: %d
Версия	Version	Versión
Сферы	Spheres	Esferas
Боксы	Boxes	Cajas
Грани	Faces	Caras
Модель	Model	Modelo
нет в IDE	not in IDE	no está en el IDE
Не удалось прочитать архив	Could not read the archive	No se pudo leer el archivo
Это не VER2-архив, а рядом нет .dir	Not a VER2 archive, and there is no .dir next to it	No es un archivo VER2 y no hay .dir al lado
Не удалось прочитать запись	Could not read the entry	No se pudo leer la entrada
%s · записей: %d	%s · entries: %d	%s · entradas: %d
В IDE	In the IDE	En el IDE
да	yes	sí
Для этой записи превью нет (DFF, TXD и COL показываются)	No preview for this entry (DFF, TXD and COL are shown)	Esta entrada no tiene vista previa (se muestran DFF, TXD y COL)
Выбери запись	Pick an entry	Elige una entrada
Плитки карты (radar00.txd…) не найдены в архивах	Map tiles (radar00.txd…) not found in the archives	No se encontraron las teselas del mapa (radar00.txd…) en los archivos
Не удалось создать текстуру карты	Could not create the map texture	No se pudo crear la textura del mapa
делений	divisions	divisiones
Сетка районов: делений по каждой стороне карты	The district grid: divisions along each side of the map	Cuadrícula de distritos: divisiones por cada lado del mapa
объектов в IPL: не меньше	objects per IPL: at least	objetos por IPL: no menos de
выкл	off	apagado
Клетка с меньшим числом объектов объединяется с соседней (самой населённой из касающихся, иначе ближайшей) — меньше мелких IPL и слотов	A cell with fewer objects joins a neighbour (the most populated touching one, else the nearest) — fewer tiny IPLs and slots	Una celda con menos objetos se une a una vecina (la más poblada de las que tocan, si no la más cercana) — menos IPL pequeños y slots
не больше	at most	no más de
Районы с большим числом объектов помечаются красной рамкой — возьми делений больше	Districts with more objects get a red outline — take more divisions	Los distritos con más objetos se marcan con borde rojo — toma más divisiones
РАЗДЕЛИТЬ ПО РАЙОНАМ	SPLIT BY DISTRICTS	DIVIDIR POR DISTRITOS
Карта режется сеткой; объекты каждой клетки уходят в свои файлы data/maps/district/d<x>_<y>.*, строки добавляются в gta.dat. Оригиналы — с копией в gta_check_backup и откатом.	The map is cut by a grid; the objects of every cell go to their own files data/maps/district/d<x>_<y>.*, the lines are added to gta.dat. The originals get a copy in gta_check_backup and an undo.	El mapa se corta con una cuadrícula; los objetos de cada celda van a sus propios archivos data/maps/district/d<x>_<y>.*, las líneas se añaden a gta.dat. Los originales quedan con copia en gta_check_backup y deshacer.
клетка %.0f × %.0f ед.	cell %.0f × %.0f units	celda %.0f × %.0f unid.
IPL — расстановка по клеткам (текстовые IPL)	IPL — placements per cell (text IPLs)	IPL — colocación por celdas (IPL de texto)
Строки inst каждой клетки → d<x>_<y>.ipl (LOD-пары вместе, индексы lod пересчитаны); остальные секции остаются в исходных файлах. Интерьеры не трогаются. Само по себе памяти не экономит — это заготовка под бинарные стрим-IPL.	The inst lines of every cell → d<x>_<y>.ipl (LOD pairs together, lod indices recomputed); the other sections stay in the source files. Interiors are left alone. By itself it saves no memory — it is the ground for binary stream IPLs.	Las líneas inst de cada celda → d<x>_<y>.ipl (pares LOD juntos, índices lod recalculados); las demás secciones quedan en los archivos de origen. Los interiores no se tocan. Por sí solo no ahorra memoria — es la base para IPL stream binarios.
IDE — описания моделей, живущих только в клетке	IDE — the definitions of the models living in one cell only	IDE — definiciones de los modelos que viven solo en la celda
Строки objs/tobj/anim моделей, все копии которых стоят в одной клетке → d<x>_<y>.ide. Общие модели остаются в своих IDE.	The objs/tobj/anim lines of the models whose every copy stands in one cell → d<x>_<y>.ide. Shared models stay in their IDEs.	Las líneas objs/tobj/anim de los modelos cuyas copias están todas en una celda → d<x>_<y>.ide. Los modelos compartidos quedan en sus IDE.
COL — коллизия по клеткам	COL — collision per cell	COL — colisión por celdas
Записи COL моделей клетки → d<x>_<y>.col, из исходных .col они убираются. CColStore грузит .col по границам его моделей — коллизия района подгружается только рядом с ним.	The COL entries of the cell's models → d<x>_<y>.col, removed from the source .col files. CColStore loads a .col by the bounds of its models — the district's collision loads only near it.	Las entradas COL de los modelos de la celda → d<x>_<y>.col, se quitan de los .col de origen. CColStore carga un .col por los límites de sus modelos — la colisión del distrito se carga solo cerca de él.
TXD — текстуры LOD-моделей в отдельные словари	TXD — the LOD models' textures into dictionaries of their own	TXD — texturas de los modelos LOD en diccionarios aparte
Текстуры LOD-моделей (isLod / имя LOD*) копируются в lod_*.txd, строки IDE получают новый TXD. Из исходных TXD ничего не удаляется — потом QLT-12 / «мёртвые текстуры».	The textures of the LOD models (isLod / name LOD*) are copied into lod_*.txd, the IDE lines get the new TXD. Nothing is removed from the source TXDs — QLT-12 / «dead textures» later.	Las texturas de los modelos LOD (isLod / nombre LOD*) se copian a lod_*.txd, las líneas IDE reciben el nuevo TXD. De los TXD de origen no se borra nada — luego QLT-12 / «texturas muertas».
по районам: lod_d<x>_<y>.txd	per district: lod_d<x>_<y>.txd	por distritos: lod_d<x>_<y>.txd
один общий lod_all.txd	one shared lod_all.txd	uno común lod_all.txd
Клеток с объектами: %d · копий переедет: %d · моделей только в своей клетке: %d (LOD %d) · общих: %d	Cells with objects: %d · placements to move: %d · models living in their cell only: %d (LOD %d) · shared: %d	Celdas con objetos: %d · copias que se moverán: %d · modelos que viven solo en su celda: %d (LOD %d) · compartidos: %d
IPL-файлов после: %d из 256 слотов · объединено мелких клеток: %d · выше максимума: %d	IPL files after: %d of 256 slots · small cells merged: %d · above the maximum: %d	Archivos IPL después: %d de 256 slots · celdas pequeñas unidas: %d · por encima del máximo: %d
не трогаются (родители стрим-IPL): %d файлов	left alone (parents of stream IPLs): %d files	no se tocan (padres de IPL stream): %d archivos
Нет карты	No map	Sin mapa
маркеров: %d	markers: %d	marcadores: %d
Маркер = расставленная в IPL копия модели, у которой есть строка в таблице (с учётом фильтров). Цвет — худший уровень. Тянуть — двигать, колесо — масштаб, клик по маркеру — выбрать строку.	A marker is a placed IPL copy of a model that has a row in the table (filters apply). The colour is the worst level. Drag — move, wheel — zoom, click a marker — select its row.	Un marcador es una copia colocada en IPL de un modelo que tiene una fila en la tabla (con los filtros). El color es el peor nivel. Arrastrar — mover, rueda — zoom, clic en un marcador — seleccionar su fila.
Вся карта	Whole map	Mapa completo
Показать карту целиком	Show the whole map	Mostrar todo el mapa
Снимок	Snapshot	Captura
PNG карты со слоем и маркерами в папку игры (gta_check_shot_N.png)	PNG of the map with its layer and markers into the game folder (gta_check_shot_N.png)	PNG del mapa con su capa y marcadores en la carpeta del juego (gta_check_shot_N.png)
маркеры	markers	marcadores
проблемы	problems	problemas
стриминг	streaming	streaming
плотность	density	densidad
Только маркеры строк таблицы	Only the markers of the table rows	Solo los marcadores de las filas de la tabla
Вся карта в цвете: красный — краш, оранжевый — ошибка, жёлтый — предупреждение, зелёный — объекты без проблем (по строкам таблицы с учётом фильтров), клетка 50 м	The whole map in colour: red — crash, orange — error, yellow — warning, green — objects without problems (by the table rows, filters applied), 50 m cells	Todo el mapa en color: rojo — crash, naranja — error, amarillo — aviso, verde — objetos sin problemas (según las filas de la tabla con los filtros), celdas de 50 m
Нагрузка стриминга: сколько МБ моделей и текстур игра должна держать в памяти, стоя в этой точке (все объекты, чья дальность прорисовки достаёт сюда). Зелёный < 32 МБ, жёлтый ~64, красный ≥ 128 — там будут подгрузки и пропадания	Streaming load: how many MB of models and textures the game must keep in memory standing at this point (every object whose draw distance reaches here). Green < 32 MB, yellow ~64, red ≥ 128 — loading hitches and vanishing there	Carga de streaming: cuántos MB de modelos y texturas debe mantener el juego en memoria estando en este punto (todo objeto cuya distancia de dibujado llega hasta aquí). Verde < 32 MB, amarillo ~64, rojo ≥ 128 — ahí habrá tirones y desapariciones
Плотность: объектов в клетке 50×50 м. Зелёный — единицы, жёлтый ~80, красный ≥ 160 (в ванили не больше ~80)	Density: objects per 50×50 m cell. Green — a few, yellow ~80, red ≥ 160 (vanilla never exceeds ~80)	Densidad: objetos por celda de 50×50 m. Verde — unos pocos, amarillo ~80, rojo ≥ 160 (en vanilla no más de ~80)
районы	districts	distritos
Сетка районов поверх карты: цвет — клетка, подпись — копий и МБ. Шаг — «делений»; «Разделить…» раскладывает IPL / IDE / COL / LOD-TXD по клеткам.	The district grid over the map: a colour per cell, the label — placements. The step — «divisions»; «Split…» lays IPL / IDE / COL / LOD TXD out by cell.	Cuadrícula de distritos sobre el mapa: un color por celda, la etiqueta — copias. El paso — «divisiones»; «Dividir…» reparte IPL / IDE / COL / TXD de LOD por celdas.
d%d_%d: объектов %d, из них переедут %d · моделей только здесь %d (LOD %d) · DFF+TXD %.1f МБ	d%d_%d: objects %d, of them moving %d · models only here %d (LOD %d) · DFF+TXD %.1f MB	d%d_%d: objetos %d, de ellos se mueven %d · modelos solo aquí %d (LOD %d) · DFF+TXD %.1f MB
(%d, %d): стриминг %.0f МБ, объектов в радиусе видимости %d	(%d, %d): streaming %.0f MB, objects within view distance %d	(%d, %d): streaming %.0f MB, objetos a distancia de vista %d
(%d, %d): объектов в клетке 50×50 м: %d	(%d, %d): objects in the 50×50 m cell: %d	(%d, %d): objetos en la celda de 50×50 m: %d
Двойной клик — перелететь сюда в 3D	Double click — fly here in 3D	Doble clic — volar aquí en 3D
краш	crash	crash
ошибка	error	error
предупреждение	warning	aviso
строк нет	no rows	sin filas
DFF + TXD < 1 МБ	DFF + TXD < 1 MB	DFF + TXD < 1 MB
~2 МБ	~2 MB	~2 MB
≥ 4 МБ	≥ 4 MB	≥ 4 MB
дальность ≤ 100	distance ≤ 100	distancia ≤ 100
< 5k треугольников	< 5k triangles	< 5k triángulos
LOD-модель	LOD model	modelo LOD
есть LOD-пара	has a LOD pair	tiene par LOD
без LOD, дальность < 300 (норма)	no LOD, distance < 300 (normal)	sin LOD, distancia < 300 (normal)
без LOD, дальность ≥ 300	no LOD, distance ≥ 300	sin LOD, distancia ≥ 300
COL нет	no COL	sin COL
COL пустой	empty COL	COL vacío
COL есть	has COL	con COL
мало объектов в клетке 50 м	few objects in the 50 m cell	pocos objetos en la celda de 50 m
под водой (0x400)	under water (0x400)	bajo el agua (0x400)
туннель (0x800)	tunnel (0x800)	túnel (0x800)
неважный стриминг (0x100)	unimportant stream (0x100)	streaming no importante (0x100)
tobj — по времени	tobj — timed	tobj — por hora
обычный	normal	normal
с прозрачностью (флаги IDE 4/8)	with transparency (IDE flags 4/8)	con transparencia (flags IDE 4/8)
без	without	sin
TXD у одной модели — свой запрос стриминга на каждую	TXD used by one model — its own streaming request per model	TXD de un solo modelo — petición de streaming propia por modelo
TXD на 2–4 модели	TXD shared by 2–4 models	TXD de 2–4 modelos
общий TXD (≥ 5 моделей)	shared TXD (≥ 5 models)	TXD compartido (≥ 5 modelos)
ванильный архив	stock archive	archivo vanilla
мод (свой IMG или modloader)	mod (own IMG or modloader)	mod (IMG propio o modloader)
…и ещё %d	…and %d more	…y %d más
серый — остаётся в своём файле	grey — stays in its own file	gris — se queda en su propio archivo
объектов	objects	objetos
моделей %d · нарисовано %d%s	models %d · drawn %d%s	modelos %d · dibujados %d%s
 · загрузка %d	 · loading %d	 · cargando %d
Левая кнопка — двигать по карте, колёсико зажать (или правая) — вращать, прокрутка — приблизить. Маркер над моделью — строка таблицы (с учётом фильтров): клик выбирает строку, двойной клик подлетает к модели. Выбранная модель обведена оранжевой рамкой.	Left button — move across the map, hold the wheel (or right button) — rotate, scroll — zoom. A marker over a model is a table row (filters apply): click selects the row, double-click flies to the model. The selected model is outlined in orange.	Botón izquierdo — mover por el mapa, rueda pulsada (o botón derecho) — girar, desplazar la rueda — acercar. Un marcador sobre un modelo es una fila de la tabla (con los filtros): clic selecciona la fila, doble clic vuela al modelo. El modelo seleccionado se marca con un contorno naranja.
интерьеры	interiors	interiores
дальность ×%.1f	range ×%.1f	alcance ×%.1f
Множитель дистанции прорисовки из IDE: больше — дальше видно, но больше моделей грузится	Multiplier for the draw distance from the IDE: bigger — you see farther, but more models get loaded	Multiplicador de la distancia de dibujado del IDE: mayor — se ve más lejos, pero se cargan más modelos
К выбранному	To selected	Al seleccionado
Камера к выбранной строке	Camera to the selected row	Cámara a la fila seleccionada
PNG этого вида в папку игры (gta_check_shot_N.png)	PNG of this view into the game folder (gta_check_shot_N.png)	PNG de esta vista en la carpeta del juego (gta_check_shot_N.png)
найти модель	find model	buscar modelo
Имя модели из IDE, Enter — подлететь к ближайшей её копии	A model name from the IDE, Enter — fly to its nearest copy	Nombre de modelo del IDE, Enter — volar a su copia más cercana
«%s» нигде не расставлена	«%s» is placed nowhere	«%s» no está colocado en ningún sitio
Модели «%s» нет в IDE	No model «%s» in the IDEs	No hay modelo «%s» en los IDE
Обычные модели. Выключено — остаются только LOD-модели (весь мир как издалека)	Ordinary models. Off — only the LOD models remain (the whole world as from afar)	Modelos normales. Desactivado — quedan solo los modelos LOD (todo el mundo como desde lejos)
Каркас COL у всех нарисованных моделей в 400 ед. от камеры (до 300 штук) — видно, где коллизии нет или она не совпадает с моделью	The COL wireframe on every drawn model within 400 units of the camera (up to 300) — shows where collision is missing or does not match the model	La malla COL en todos los modelos dibujados a 400 unidades de la cámara (hasta 300) — se ve dónde falta la colisión o no coincide con el modelo
LOD-модели: показаны там, где их дети далеко, как в игре; без DFF — везде	LOD models: shown where their children are far, as in the game; without DFF — everywhere	Modelos LOD: se muestran donde sus hijos están lejos, como en el juego; sin DFF — en todas partes
Текстуры. Выключено — все модели серые, видна только форма	Textures. Off — every model is grey, only the shape shows	Texturas. Desactivado — todos los modelos en gris, solo se ve la forma
стриминг здесь: %d копий, %.0f МБ моделей и текстур (просмотрщик держит %.0f МБ)	streaming here: %d copies, %.0f MB of models and textures (the viewer holds %.0f MB)	streaming aquí: %d copias, %.0f MB de modelos y texturas (el visor mantiene %.0f MB)
стриминг: %d копий, %.0f МБ (держит %.0f МБ)	streaming: %d copies, %.0f MB (holding %.0f MB)	streaming: %d copias, %.0f MB (retiene %.0f MB)
Что игра должна держать в памяти, стоя в точке камеры: все копии, чья дальность прорисовки достаёт до неё, и вес их DFF + TXD без повторов. Жёлтый от 64 МБ, красный от 128 — стандартного бюджета стриминга не хватит: подгрузки, пропадания моделей, лаги.	What the game must keep in memory standing at the camera point: every copy whose draw distance reaches it, and the weight of their DFF + TXD without repeats. Yellow from 64 MB, red from 128 — the standard streaming budget will not do: loading hitches, vanishing models, lag.	Lo que el juego debe mantener en memoria estando en el punto de la cámara: toda copia cuya distancia de dibujado llega hasta él y el peso de sus DFF + TXD sin repetir. Amarillo desde 64 MB, rojo desde 128 — el presupuesto estándar de streaming no alcanza: tirones de carga, modelos que desaparecen, lag.
цвет:	colour:	color:
вес DFF+TXD	DFF+TXD weight	peso DFF+TXD
дальность	draw distance	distancia
полигоны	polygons	polígonos
архив	archive	archivo IMG
ваниль / мод	stock / mod	vanilla / mod
флаги IPL	IPL flags	flags IPL
прозрачность	transparency	transparencia
TXD в стриминге	TXD in streaming	TXD en streaming
Модели с текстурами, как в игре	Textured models, as in the game	Modelos con texturas, como en el juego
Каждая модель в цвете худшей строки таблицы (с учётом фильтров): красный — краш, оранжевый — ошибка, жёлтый — предупреждение; зелёный — строк нет	Every model in the colour of its worst table row (filters applied): red — crash, orange — error, yellow — warning; green — no rows	Cada modelo con el color de su peor fila de la tabla (con los filtros): rojo — crash, naranja — error, amarillo — aviso; verde — sin filas
Каждая модель по весу DFF + TXD: зелёный — лёгкая, жёлтый ~2 МБ, красный ≥ 4 МБ — кто нагружает стриминг	Every model by DFF + TXD weight: green — light, yellow ~2 MB, red ≥ 4 MB — who loads the streaming	Cada modelo por el peso de DFF + TXD: verde — ligero, amarillo ~2 MB, rojo ≥ 4 MB — quién carga el streaming
Дальность прорисовки из IDE: зелёный ≤ 100, жёлтый ~300, красный > 300 (SA считает такие big building и держит их запрос с 300 м). Кому сколько нужно — решают правила QLT-01/02 по радиусу модели	Draw distance from the IDE: green ≤ 100, yellow ~300, red > 300 (SA files those as big buildings and keeps their request from 300 m). Who needs how much is decided by rules QLT-01/02 from the model radius	Distancia de dibujado del IDE: verde ≤ 100, amarillo ~300, rojo > 300 (SA los registra como big building y mantiene su petición desde 300 m). Cuánto necesita cada uno lo deciden las reglas QLT-01/02 por el radio del modelo
Треугольников в DFF: зелёный < 5k, жёлтый ~10k, красный ≥ 20k — тяжёлые для рендера (только загруженные модели)	Triangles in the DFF: green < 5k, yellow ~10k, red ≥ 20k — heavy to render (loaded models only)	Triángulos del DFF: verde < 5k, amarillo ~10k, rojo ≥ 20k — pesados de renderizar (solo modelos cargados)
Свой цвет каждому IPL-файлу; легенда — сколько объектов и МБ у каждого (нагрузка расстановки)	Its own colour for every IPL file; the legend shows objects and MB per file (placement load)	Un color propio para cada archivo IPL; la leyenda muestra objetos y MB de cada uno (carga de la colocación)
Свой цвет каждому архиву IMG (loose-файлы modloader отдельно); легенда со счётчиками	Its own colour for every IMG archive (modloader loose files apart); the legend with counts	Un color propio para cada archivo IMG (los sueltos de modloader aparte); leyenda con contadores
Серый — модель из ванильного архива, оранжевый — из мода (свой IMG или modloader)	Grey — a model from a stock archive, orange — from a mod (own IMG or modloader)	Gris — modelo de un archivo vanilla, naranja — de un mod (IMG propio o modloader)
Синий — LOD-модель, зелёный — есть LOD-пара, тускло-зелёный — без LOD при дальности < 300 (норма), оранжевый — без LOD при дальности ≥ 300	Blue — a LOD model, green — has a LOD pair, dim green — no LOD at a distance < 300 (normal), orange — no LOD at a distance ≥ 300	Azul — modelo LOD, verde — tiene par LOD, verde apagado — sin LOD con distancia < 300 (normal), naranja — sin LOD con distancia ≥ 300
Красный — у модели нет COL, жёлтый — COL пустой (без примитивов), зелёный — есть	Red — the model has no COL, yellow — the COL is empty (no primitives), green — has one	Rojo — el modelo no tiene COL, amarillo — COL vacío (sin primitivas), verde — lo tiene
Цвет модели по числу объектов в её клетке 50×50 м: зелёный — мало, жёлтый ~80, красный ≥ 160	Model colour by the number of objects in its 50×50 m cell: green — few, yellow ~80, red ≥ 160	Color del modelo según los objetos de su celda de 50×50 m: verde — pocos, amarillo ~80, rojo ≥ 160
Флаги поля interior в IPL: синий — под водой, фиолетовый — туннель, серый — неважный стриминг, жёлтый — tobj (по времени суток)	Flags of the IPL interior field: blue — under water, purple — tunnel, grey — unimportant stream, yellow — tobj (time of day)	Flags del campo interior del IPL: azul — bajo el agua, morado — túnel, gris — streaming no importante, amarillo — tobj (por hora del día)
Красный — модель с прозрачностью (флаги IDE 4/8: сортировка альфы, просвечивания), зелёный — без	Red — a model with transparency (IDE flags 4/8: alpha sorting, see-through), green — without	Rojo — modelo con transparencia (flags IDE 4/8: orden de alfa, transparencias raras), verde — sin
Как часто TXD грузится стримингом: красный — TXD только у одной модели (каждая модель = свой запрос словаря), жёлтый — на 2–4 модели, зелёный — общий на ≥ 5 моделей	How often the TXD is streamed: red — the TXD belongs to one model only (every model = its own dictionary request), yellow — 2–4 models, green — shared by ≥ 5 models	Con qué frecuencia se carga el TXD: rojo — el TXD es de un solo modelo (cada modelo = su propia petición de diccionario), amarillo — 2–4 modelos, verde — compartido por ≥ 5 modelos
Районы с карты (сетка «делений», объединение мелких): каждая модель в цвете своего района, границы районов — полупрозрачные стенки; серый — остаётся в своём файле	The districts of the map (the «divisions» grid, small cells merged): every model in its district's colour, district borders as translucent walls; grey — stays in its own file	Los distritos del mapa (cuadrícula «divisiones», celdas pequeñas unidas): cada modelo en el color de su distrito, los bordes como paredes translúcidas; gris — se queda en su propio archivo
вся карта	whole map	todo el mapa
Все копии грузятся на любом расстоянии — карта целиком в цветах районов (без текстур). Подгрузка идёт по 14 мс на кадр, дождись «загрузка 0»	Every placement loads at any distance — the whole map in district colours (no textures). Loading runs 14 ms per frame, wait for «loading 0»	Todas las copias se cargan a cualquier distancia — el mapa entero en los colores de los distritos (sin texturas). La carga va a 14 ms por fotograma, espera «carga 0»
Освещение и небо из data/timecyc.dat по часу и погоде, как в игре: здания — ночные цвета вершин + Amb, остальное — Amb_Obj и солнце	Lighting and sky from data/timecyc.dat by hour and weather, as in the game: buildings — night vertex colours + Amb, the rest — Amb_Obj and the sun	Iluminación y cielo de data/timecyc.dat por hora y clima, como en el juego: edificios — colores de vértice nocturnos + Amb, el resto — Amb_Obj y el sol
data/timecyc.dat не прочитан	data/timecyc.dat not read	data/timecyc.dat no leído
%.1f ч	%.1f h	%.1f h
Час: ночь 20–6, рассвет 6–7, закат 19–20	Hour: night 20–6, dawn 6–7, dusk 19–20	Hora: noche 20–6, amanecer 6–7, atardecer 19–20
День — 12:00	Day — 12:00	Día — 12:00
Ночь — 0:00	Night — 0:00	Noche — 0:00
Погода — строка timecyc.dat	Weather — a timecyc.dat row	Clima — una fila de timecyc.dat
Цветовой фильтр SA на PC (CPostEffects::ColourFilter): кадр + кадр × RGB1 × Alpha1 + кадр × RGB2 × Alpha2 из timecyc — тёплый тинт днём, синий ночью	SA's colour filter on PC (CPostEffects::ColourFilter): frame + frame × RGB1 × Alpha1 + frame × RGB2 × Alpha2 from timecyc — a warm tint by day, blue at night	Filtro de color de SA en PC (CPostEffects::ColourFilter): fotograma + fotograma × RGB1 × Alpha1 + fotograma × RGB2 × Alpha2 de timecyc — tinte cálido de día, azul de noche
туман	fog	niebla
Туман от FogSt до FarClp цветом низа неба — дальние модели растворяются в горизонте, как в игре	Fog from FogSt to FarClp in the sky-bottom colour — far models dissolve into the horizon, as in the game	Niebla de FogSt a FarClp con el color inferior del cielo — los modelos lejanos se funden con el horizonte, como en el juego
только IPL: %s	only IPL: %s	solo IPL: %s
все IPL	all IPLs	todos los IPL
Показаны только объекты этого IPL-файла — снять фильтр	Only this IPL file's objects are shown — clear the filter	Solo se muestran los objetos de este archivo IPL — quitar el filtro
легенда	legend	leyenda
нет ни в одном IMG	in no IMG at all	en ningún IMG
 · треугольников %d	 · triangles %d	 · triángulos %d
моделей	models	modelos
сфер	spheres	esferas
боксов	boxes	cajas
граней	faces	caras
 · пустая	 · empty	 · vacía
это LOD-модель	this is a LOD model	es un modelo LOD
есть:	yes:	sí:
нет (дальность ≥ 300 — big building)	none (distance ≥ 300 — big building)	no (distancia ≥ 300 — big building)
интерьер %d 	interior %d 	interior %d 
под водой 	under water 	bajo el agua 
туннель 	tunnel 	túnel 
флаги	flags	flags
клик — выбрать строку, двойной клик — подлететь	click — select the row, double-click — fly there	clic — seleccionar la fila, doble clic — volar allí
клик — выделить (и выбрать строку, если есть), двойной — подлететь	click — highlight (and select the row, if any), double click — fly to	clic — resaltar (y elegir la fila, si la hay), doble clic — volar
Клик — открыть, средняя кнопка или × — закрыть вкладку	Click — open, middle button or × — close the tab	Clic — abrir, botón central o × — cerrar la pestaña
Все модели коллизии внутри этого .col: клик — показать каркас (поверх DFF, если модель есть в IDE)	All collision models inside this .col: click — show the wireframe (over the DFF when the model is in the IDE)	Todos los modelos de colisión dentro de este .col: clic — mostrar la malla (sobre el DFF si el modelo está en el IDE)
Карта	Map	Mapa
Карта игры с маркерами на моделях из таблицы	The game map with markers on the models from the table	El mapa del juego con marcadores en los modelos de la tabla
Мир игры в 3D вокруг камеры: модели подгружаются по дистанции прорисовки, маркеры над моделями из таблицы	The game world in 3D around the camera: models stream in by draw distance, markers over the models from the table	El mundo del juego en 3D alrededor de la cámara: los modelos se cargan según la distancia de dibujado, marcadores sobre los modelos de la tabla
Для этой строки превью нет	No preview for this row	Esta fila no tiene vista previa
Выбери строку	Select a row	Elige una fila
В редакторе есть несохранённые правки — Ctrl+S или «Отменить правки»	The editor has unsaved edits — Ctrl+S or «Discard edits»	El editor tiene cambios sin guardar — Ctrl+S o «Descartar cambios»
Везде	Everywhere	En todas partes
Поиск по таблице (курсор в поле поиска)	Search the table (cursor into the search field)	Buscar en la tabla (el cursor va al campo de búsqueda)
Закрыть окно, редактор или всплывающее меню	Close the window, the editor or a pop-up menu	Cerrar la ventana, el editor o un menú emergente
Двойной клик по верхней полосе	Double click on the top strip	Doble clic en la franja superior
Развернуть / восстановить окно	Maximise / restore the window	Maximizar / restaurar la ventana
Двойной клик по пути папки	Double click on the folder path	Doble clic en la ruta de la carpeta
Открыть папку игры в проводнике	Open the game folder in Explorer	Abrir la carpeta del juego en el Explorador
Таблица	Table	Tabla
Клик	Click	Clic
Выбрать строку: описание, превью, подсветка на карте и в 3D	Select the row: description, preview, highlight on the map and in 3D	Seleccionar la fila: descripción, vista previa, resaltado en el mapa y en 3D
Двойной клик	Double click	Doble clic
Открыть файл строки: текст — в редакторе, TXD — в окне TXD, иначе папку в проводнике; место QLT-06 — в 3D	Open the row's file: text — in the editor, TXD — in the TXD window, else the folder in Explorer; a QLT-06 place — in 3D	Abrir el archivo de la fila: texto — en el editor, TXD — en la ventana TXD, si no la carpeta en el Explorador; un lugar QLT-06 — en 3D
Ctrl+клик	Ctrl+click	Ctrl+clic
Добавить / убрать строку в выделении (только строки того же кода)	Add / remove the row in the selection (rows of the same code only)	Añadir / quitar la fila de la selección (solo filas del mismo código)
Shift+клик	Shift+click	Shift+clic
Выделить диапазон от выбранной строки до этой (тот же код)	Select the range from the selected row to this one (same code)	Seleccionar el rango desde la fila seleccionada hasta esta (mismo código)
ПКМ	Right click	Clic derecho
Меню строки: исправить, открыть, копировать, показать в 3D / на карте, где используется, игнорировать	Row menu: fix, open, copy, show in 3D / on the map, where used, ignore	Menú de la fila: corregir, abrir, copiar, mostrar en 3D / en el mapa, dónde se usa, ignorar
Клик по заголовку	Click on a header	Clic en un encabezado
Сортировка по колонке (ещё раз — в обратную сторону)	Sort by the column (again — the other way)	Ordenar por la columna (otra vez — al revés)
Клик по «+ КОД»	Click on «+ CODE»	Clic en «+ CÓDIGO»
Развернуть / свернуть группу одинаковых строк	Unfold / fold a group of identical rows	Desplegar / plegar un grupo de filas iguales
Категории	Categories	Categorías
Только эта категория и её папка (ещё раз — все категории)	Only this category and its folder (again — all categories)	Solo esta categoría y su carpeta (otra vez — todas las categorías)
Включить / выключить категорию, не трогая остальные	Turn the category on / off without touching the others	Activar / desactivar la categoría sin tocar las demás
Стрелка	Arrow	Flecha
Раскрыть файлы и архивы категории	Unfold the category's files and archives	Desplegar los archivos y archivos IMG de la categoría
Клик по файлу	Click on a file	Clic en un archivo
Только строки этого файла / архива (имя в поиске; ещё раз — снять)	Only the rows of this file / archive (its name in the search; again — off)	Solo las filas de este archivo / IMG (su nombre en la búsqueda; otra vez — quitar)
Перепроверить только эту категорию	Re-check only this category	Volver a comprobar solo esta categoría
Строка состояния	Status bar	Barra de estado
Клик по уровню	Click on a level	Clic en un nivel
Показать / скрыть краши, ошибки, предупреждения или заметки	Show / hide crashes, errors, warnings or notes	Mostrar / ocultar crashes, errores, avisos o notas
Редактор	Editor	Editor
Сохранить файл (копия оригинала в gta_check_backup)	Save the file (a copy of the original in gta_check_backup)	Guardar el archivo (copia del original en gta_check_backup)
Следующая / предыдущая строка с проблемой	Next / previous line with a problem	Línea siguiente / anterior con problema
Ctrl+колесо	Ctrl+wheel	Ctrl+rueda
Размер шрифта редактора	Editor font size	Tamaño de fuente del editor
Копировать, вырезать, вставить, выделить всё	Copy, cut, paste, select all	Copiar, cortar, pegar, seleccionar todo
Меню строки: показать на карте, в 3D, где используется	Line menu: show on the map, in 3D, where used	Menú de la línea: mostrar en el mapa, en 3D, dónde se usa
Клик по номеру строки	Click on a line number	Clic en un número de línea
Выбрать строку таблицы, которая указывает сюда	Select the table row that points here	Seleccionar la fila de la tabla que apunta aquí
ЛКМ — тянуть	LMB — drag	Botón izquierdo — arrastrar
Орбита камеры вокруг цели	Orbit the camera around the target	Orbitar la cámara alrededor del objetivo
ПКМ — тянуть	RMB — drag	Botón derecho — arrastrar
Орбита камеры (то же)	Orbit the camera (the same)	Orbitar la cámara (lo mismo)
СКМ (колёсико) — тянуть	MMB (wheel) — drag	Botón central (rueda) — arrastrar
Сдвиг камеры по земле	Pan the camera along the ground	Desplazar la cámara por el suelo
Колесо	Wheel	Rueda
Дистанция до цели	Distance to the target	Distancia al objetivo
Клик по модели	Click on a model	Clic en un modelo
Выделить модель (оранжевая рамка, табличка) и её строку в таблице	Highlight the model (orange box, plate) and its row in the table	Resaltar el modelo (marco naranja, placa) y su fila en la tabla
Клик по маркеру	Click on a marker	Clic en un marcador
Выбрать строку и выделить её модель	Select the row and highlight its model	Seleccionar la fila y resaltar su modelo
Подлететь к модели / маркеру	Fly to the model / marker	Volar hasta el modelo / marcador
Клик по пустому	Click on nothing	Clic en el vacío
Снять выделение	Clear the highlight	Quitar el resaltado
Enter в «найти модель»	Enter in «find model»	Enter en «buscar modelo»
Подлететь к ближайшей копии модели	Fly to the nearest copy of the model	Volar hasta la copia más cercana del modelo
Сдвиг карты	Pan the map	Desplazar el mapa
Масштаб	Zoom	Escala
Выбрать строку	Select the row	Seleccionar la fila
Двойной клик по пустому	Double click on nothing	Doble clic en el vacío
Перенести камеру 3D в эту точку	Move the 3D camera to this point	Llevar la cámara 3D a este punto
Превью модели / TXD	Model / TXD preview	Vista previa de modelo / TXD
Повернуть модель	Rotate the model	Girar el modelo
Приблизить / отдалить	Zoom in / out	Acercar / alejar
Окно TXD	TXD window	Ventana TXD
Тянуть текстуру	Drag a texture	Arrastrar una textura
Переставить текстуру в словаре	Move the texture within the dictionary	Mover la textura dentro del diccionario
Подсказки при наведении включаются в Настройках → «подсказки при наведении».	Hover hints are turned on in Settings → «hover hints».	Las pistas al pasar el ratón se activan en Ajustes → «pistas al pasar el ratón».
Где	Where	Dónde
Клавиши / мышь	Keys / mouse	Teclas / ratón
Что делает	What it does	Qué hace
Справочник	Reference	Referencia
Коды правил	Rule codes	Códigos de reglas
Клавиши и мышь	Keys and mouse	Teclas y ratón
Поиск по коду и тексту	Search by code and text	Buscar por código y texto
%d правил	%d rules	%d reglas
Справка	Help	Ayuda
Справочник кодов…	Code reference…	Referencia de códigos…
Клавиши и мышь…	Keys and mouse…	Teclas y ratón…
Все правила с пояснениями простым языком; клик по коду в панели описания открывает нужное.	All rules explained in plain language; clicking a code in the description panel opens the right one.	Todas las reglas explicadas en lenguaje sencillo; un clic en un código en el panel de descripción abre la que toca.
gtacheck проходит по папке игры так же, как gta_sa.exe при старте: default.dat и gta.dat (плюс modloader), каталоги всех IMG, каждый IDE и IPL (текстовые и bnry), затем каждый DFF, TXD, COL и IFP через собственные парсеры.\n\nУровни:\n  Краш — игра упадёт, зависнет или модель никогда не загрузится (LOAD-FAIL, стример запрашивает её вечно).\n  Ошибка — видимый мусор: нет текстуры, чёрная модель, отброшенная строка, невидимый объект.\n  Предупреждение — подозрительно или молча игнорируется движком.\n  Инфо — заметка, не проблема (включается галочкой «инфо»).\n\nКоды правил (DAT-, DFF-, TXD-, COL-, IFP-, PED-C) ссылаются на разбор загрузчиков gta_sa.exe 1.0 US (E:\\RE\\addon_check\\*_path.md): у каждого есть адрес функции и точная непроверенная операция.\n\nЛимиты пулов (TXD 5000, COL 255 файлов / 10150 моделей, 2500 анимаций, 180 IFP, хранилища modelinfo) считаются для стандартного exe; с fastman92 limit adjuster включи галочку «лимит-аджастер», и они станут заметками.\n\nДвойной клик по строке открывает папку файла. Экспорт кладёт gta_check_report.txt/csv/json в папку игры.	gtacheck walks the game folder the way gta_sa.exe does at startup: default.dat and gta.dat (plus modloader), the directories of every IMG, every IDE and IPL (text and bnry), then every DFF, TXD, COL and IFP through its own parsers.\n\nLevels:\n  Crash — the game crashes, hangs or the model never loads (LOAD-FAIL, the streamer requests it forever).\n  Error — visible garbage: missing texture, black model, dropped line, invisible object.\n  Warning — suspicious or silently ignored by the engine.\n  Info — a note, not a problem (enabled with the «info» checkbox).\n\nRule codes (DAT-, DFF-, TXD-, COL-, IFP-, PED-C) refer to the analysis of the gta_sa.exe 1.0 US loaders (E:\\RE\\addon_check\\*_path.md): each has a function address and the exact unchecked operation.\n\nPool limits (TXD 5000, COL 255 files / 10150 models, 2500 animations, 180 IFPs, modelinfo stores) are those of the standard exe; with fastman92 limit adjuster tick «limit adjuster» and they become notes.\n\nDouble-clicking a row opens the file's folder. Export writes gta_check_report.txt/csv/json into the game folder.	gtacheck recorre la carpeta del juego igual que gta_sa.exe al arrancar: default.dat y gta.dat (más modloader), los directorios de todos los IMG, cada IDE e IPL (de texto y bnry), y después cada DFF, TXD, COL e IFP con sus propios parsers.\n\nNiveles:\n  Crash — el juego se cae, se cuelga o el modelo nunca carga (LOAD-FAIL, el streamer lo pide eternamente).\n  Error — basura visible: textura ausente, modelo negro, línea descartada, objeto invisible.\n  Advertencia — sospechoso o ignorado en silencio por el motor.\n  Info — una nota, no un problema (se activa con la casilla «info»).\n\nLos códigos de regla (DAT-, DFF-, TXD-, COL-, IFP-, PED-C) remiten al análisis de los cargadores de gta_sa.exe 1.0 US (E:\\RE\\addon_check\\*_path.md): cada uno tiene la dirección de la función y la operación exacta sin comprobar.\n\nLos límites de los pools (TXD 5000, COL 255 archivos / 10150 modelos, 2500 animaciones, 180 IFP, almacenes de modelinfo) son los del exe estándar; con fastman92 limit adjuster marca «limit adjuster» y pasarán a ser notas.\n\nDoble clic en una fila abre la carpeta del archivo. Exportar escribe gta_check_report.txt/csv/json en la carpeta del juego.
Свернуть	Minimise	Minimizar
Восстановить	Restore	Restaurar
Развернуть	Maximise	Maximizar
Справочник кодов	Code reference	Referencia de códigos
Настройки	Settings	Ajustes
Язык интерфейса и сообщений: RU → EN → ES (переключается сразу)	Language of the interface and messages: RU → EN → ES (switches at once)	Idioma de la interfaz y los mensajes: RU → EN → ES (cambia al momento)
Лишнее	Unused	Sobrante
Проблемы	Problems	Problemas
Строк в таблице по текущим фильтрам	Rows in the table under the current filters	Filas en la tabla con los filtros actuales
Поиск…  (Ctrl+F)	Search…  (Ctrl+F)	Buscar…  (Ctrl+F)
Ищет в сообщении, файле, объекте и коде правила	Searches the message, file, object and rule code	Busca en el mensaje, el archivo, el objeto y el código de regla
В этой категории ничего не найдено	Nothing found in this category	Nada encontrado en esta categoría
Клик — только эта категория (ещё раз — все), Ctrl+клик — включить/выключить, стрелка — файлы, ПКМ — перепроверить только её	Click — only this category (again — all), Ctrl+click — on / off, arrow — files, right click — re-check only it	Clic — solo esta categoría (otra vez — todas), Ctrl+clic — activar / desactivar, flecha — archivos, clic derecho — volver a comprobar solo esta
Снять фильтр по файлу	Clear the file filter	Quitar el filtro por archivo
Показать только строки этого файла / архива (в поиск)	Show only the rows of this file / archive (into the search)	Mostrar solo las filas de este archivo / IMG (en la búsqueda)
… ещё %d	… %d more	… %d más
исправимые %d	fixable %d	corregibles %d
Показать только строки с автоматической правкой — ровно то, что тронет «Исправить всё»	Show only the rows with an automatic fix — exactly what «Fix all» will touch	Mostrar solo las filas con corrección automática — exactamente lo que tocará «Corregir todo»
новые %d	new %d	nuevas %d
Только строки, которых не было при предыдущей проверке этой папки	Only the rows that were not there at the previous check of this folder	Solo las filas que no estaban en la comprobación anterior de esta carpeta
Сбросить фильтры	Reset filters	Restablecer filtros
Выбери строку с моделью — здесь будет список файлов, где она встречается: IDE, IPL, data, катсцены, архивы IMG и COL.	Pick a row with a model — here will be the list of files where it occurs: IDE, IPL, data, cutscenes, IMG and COL archives.	Elige una fila con un modelo — aquí estará la lista de archivos donde aparece: IDE, IPL, data, cinemáticas, archivos IMG y COL.
Свойства	Properties	Propiedades
Зависимости (%d)	Dependencies (%d)	Dependencias (%d)
Зависимости	Dependencies	Dependencias
Где используется модель строки: IDE, IPL, data, катсцены, архивы	Where the row's model is used: IDE, IPL, data, cutscenes, archives	Dónde se usa el modelo de la fila: IDE, IPL, data, cinemáticas, archivos IMG
Проверить	Check	Comprobar
Проверка…	Checking…	Comprobando…
Готово	Done	Listo
IMG %d · IDE %d · IPL %d · моделей %d · показано %d	IMG %d · IDE %d · IPL %d · models %d · shown %d	IMG %d · IDE %d · IPL %d · modelos %d · mostradas %d
Файлы в архивах, на которые ничего не ссылается: DFF без IDE, TXD без моделей, COL и IFP без пользователей — с размерами	Files in the archives nothing refers to: DFF without an IDE, TXD without models, COL and IFP without users — with sizes	Archivos de los IMG a los que nada hace referencia: DFF sin IDE, TXD sin modelos, COL e IFP sin usuarios — con tamaños
IMG / мод:	IMG / mod:	IMG / mod:
все	all	todas
Папка игры — та, где лежит gta_check.exe. Двойной клик — открыть в проводнике.	The game folder — the one where gta_check.exe lies. Double click — open in Explorer.	La carpeta del juego — donde está gta_check.exe. Doble clic — abrir en el Explorador.
Файлы без ссылок	Files without references	Archivos sin referencias
Все категории	All categories	Todas las categorías
Категории: %d из %d	Categories: %d of %d	Categorías: %d de %d
IMG %d  IDE %d  IPL %d  моделей %d  DFF %d  TXD %d  COL %d  IFP %d  за %.1f с\n	IMG %d  IDE %d  IPL %d  models %d  DFF %d  TXD %d  COL %d  IFP %d  in %.1f s\n	IMG %d  IDE %d  IPL %d  modelos %d  DFF %d  TXD %d  COL %d  IFP %d  en %.1f s\n
Краш %d  Ошибки %d  Предупреждения %d  Инфо %d%s\n	Crash %d  Errors %d  Warnings %d  Info %d%s\n	Crash %d  Errores %d  Advertencias %d  Info %d%s\n
  (скрыто ванильных %d)	  (vanilla hidden %d)	  (vanilla ocultos %d)
--baseline-dump: %d записей → %s\n	--baseline-dump: %d records → %s\n	--baseline-dump: %d registros → %s\n
--fix-all: изменено файлов %d%c%s	--fix-all: files changed %d%c%s	--fix-all: archivos modificados %d%c%s
Осталось в журнале: %d%c	Left in the journal: %d%c	Quedan en el registro: %d%c
папка игры не найдена	game folder not found	carpeta del juego no encontrada
Снимок: 	Snapshot: 	Captura: 
Текстура добавлена — «Пересохранить…», чтобы записать	Texture added — «Re-save…» to write it	Textura añadida — «Volver a guardar…» para escribirla
%s: просмотр IFP не поддерживается	%s: IFP viewing is not supported	%s: la vista de IFP no está soportada
Строка в текстовом файле данных длиннее 511 символов.	A line in a text data file is longer than 511 characters.	Una línea de un archivo de datos de texto tiene más de 511 caracteres.
Игра читает строки буфером в 512 байт: хвост станет отдельной «строкой» и разберётся как мусор.	The game reads lines through a 512-byte buffer: the tail becomes a separate «line» and is parsed as garbage.	El juego lee las líneas con un búfer de 512 bytes: la cola se convierte en una «línea» aparte y se analiza como basura.
Укоротить строку или разбить её на две.	Shorten the line or split it in two.	Acortar la línea o dividirla en dos.
Строка IDE начинается с «//» или «;».	An IDE line starts with «//» or «;».	Una línea del IDE empieza por «//» o «;».
В IDE это не комментарий — движок разберёт строку как обычную запись и получит мусор в полях.	In IDE that is not a comment — the engine parses the line as a normal record and gets garbage in the fields.	En un IDE eso no es un comentario — el motor analiza la línea como un registro normal y obtiene basura en los campos.
Комментарии в IDE начинаются с «#»; убрать или переписать строку.	IDE comments start with «#»; remove or rewrite the line.	Los comentarios en IDE empiezan por «#»; quitar o reescribir la línea.
gta.dat ссылается на файл (COLFILE, IDE, IPL, IMG…), которого нет на диске.	gta.dat refers to a file (COLFILE, IDE, IPL, IMG…) that is not on disk.	gta.dat hace referencia a un archivo (COLFILE, IDE, IPL, IMG…) que no está en el disco.
Загрузчик не проверяет открытие: пустой каталог, ошибки дальше по цепочке или краш при старте.	The loader does not check the open: an empty directory, errors further down the chain or a crash at startup.	El cargador no comprueba la apertura: un directorio vacío, errores más adelante en la cadena o un cierre al arrancar.
Положить файл по указанному пути или убрать строку из gta.dat.	Put the file at the given path or remove the line from gta.dat.	Poner el archivo en la ruta indicada o quitar la línea de gta.dat.
Строка IDE в gta.dat стоит после первого IPL.	An IDE line in gta.dat comes after the first IPL.	Una línea IDE de gta.dat va después del primer IPL.
Модели из этого IDE регистрируются слишком поздно и не получают ссылок на данные в IMG — не грузятся.	The models of this IDE are registered too late and get no links to the data in the IMG — they do not load.	Los modelos de ese IDE se registran demasiado tarde y no reciben enlaces a los datos del IMG — no se cargan.
Переставить все строки IDE выше первой строки IPL.	Move all IDE lines above the first IPL line.	Mover todas las líneas IDE por encima de la primera línea IPL.
Путь в gta.dat длиннее 63 символов.	A path in gta.dat is longer than 63 characters.	Una ruta en gta.dat tiene más de 63 caracteres.
Переполняет буфер загрузчика уровня — порча памяти, краш при старте.	Overflows the level loader's buffer — memory corruption, a crash at startup.	Desborda el búfer del cargador de nivel — corrupción de memoria, cierre al arrancar.
Сократить путь (переименовать папки) до 63 символов.	Shorten the path (rename the folders) to 63 characters.	Acortar la ruta (renombrar carpetas) a 63 caracteres.
id модели в IDE вне таблицы моделей (SA 0..19999, III 0..5499, VC 0..6499).	Model id in the IDE outside the model table (SA 0..19999, III 0..5499, VC 0..6499).	Id de modelo en el IDE fuera de la tabla de modelos (SA 0..19999, III 0..5499, VC 0..6499).
Запись уходит мимо таблицы моделей — порча памяти или краш.	The record lands outside the model table — memory corruption or a crash.	El registro cae fuera de la tabla de modelos — corrupción de memoria o cierre.
Дать модели свободный id в пределах таблицы своей игры.	Give the model a free id within its game's table.	Dar al modelo un id libre dentro de la tabla de su juego.
Один и тот же id объявлен в IDE дважды (разными именами).	The same id is declared twice in the IDE (with different names).	El mismo id se declara dos veces en el IDE (con nombres distintos).
Второе объявление молча заменяет первое; все IPL со старым id покажут другую модель.	The second declaration silently replaces the first; every IPL with the old id shows a different model.	La segunda declaración sustituye en silencio a la primera; todos los IPL con el id antiguo mostrarán otro modelo.
Дать одной из моделей другой свободный id и поправить её IPL.	Give one of the models another free id and fix its IPLs.	Dar a uno de los modelos otro id libre y corregir sus IPL.
Дистанция прорисовки в IDE меньше 4.	The draw distance in the IDE is below 4.	La distancia de dibujado en el IDE es menor que 4.
SA считает такую строку старым форматом (число мешей вместо дистанции) и разбирает поля не так.	SA treats such a line as the old format (mesh count instead of a distance) and parses the fields differently.	SA toma esa línea como el formato antiguo (número de mallas en vez de distancia) y analiza los campos de otra forma.
Поставить дистанцию прорисовки ≥ 4 (обычно 100..300).	Set a draw distance ≥ 4 (usually 100..300).	Poner una distancia de dibujado ≥ 4 (normalmente 100..300).
Строка IDE с числом полей меньше 4 или с нечисловым id.	An IDE line with fewer than 4 fields or a non-numeric id.	Una línea IDE con menos de 4 campos o con un id no numérico.
Строка молча отбрасывается — модель не объявлена, все её IPL пустые.	The line is silently dropped — the model is not declared, all its IPLs are empty.	La línea se descarta en silencio — el modelo no se declara, todos sus IPL quedan vacíos.
Исправить формат: id, имя модели, TXD, дистанция, флаги.	Fix the format: id, model name, TXD, distance, flags.	Corregir el formato: id, nombre del modelo, TXD, distancia, flags.
Имя модели или TXD в IDE длиннее допустимого (23 символа).	A model or TXD name in the IDE is longer than allowed (23 characters).	Un nombre de modelo o TXD en el IDE supera lo permitido (23 caracteres).
sscanf переполняет буфер на стеке — краш при загрузке.	sscanf overflows a buffer on the stack — a crash while loading.	sscanf desborda un búfer en la pila — cierre al cargar.
Переименовать модель/TXD (и файлы в IMG) в имя до 23 символов.	Rename the model/TXD (and the files in the IMG) to a name of up to 23 characters.	Renombrar el modelo/TXD (y los archivos del IMG) a un nombre de hasta 23 caracteres.
Имя анимации в IDE длиннее 15 символов.	An animation name in the IDE is longer than 15 characters.	Un nombre de animación en el IDE tiene más de 15 caracteres.
Затирает соседнее поле на стеке — модель не загрузится.	Overwrites the neighbouring field on the stack — the model will not load.	Sobrescribe el campo vecino en la pila — el modelo no se cargará.
Укоротить имя IFP-блока до 15 символов.	Shorten the IFP block name to 15 characters.	Acortar el nombre del bloque IFP a 15 caracteres.
Строка секции weap не разбирается.	A weap section line cannot be parsed.	Una línea de la sección weap no se puede analizar.
Загрузчик оружия не проверяет sscanf и передаёт мусор — краш.	The weapon loader does not check sscanf and passes garbage on — a crash.	El cargador de armas no comprueba sscanf y pasa basura — cierre.
Формат weap: id, модель, TXD, анимация, число мешей, дистанция, флаги.	weap format: id, model, TXD, animation, mesh count, distance, flags.	Formato weap: id, modelo, TXD, animación, número de mallas, distancia, flags.
Группа анимаций в IDE не объявлена в animgrp.dat.	An animation group in the IDE is not declared in animgrp.dat.	Un grupo de animaciones del IDE no está declarado en animgrp.dat.
Индекс уходит за конец таблицы групп — краш при первом использовании педа/машины.	The index runs past the end of the group table — a crash the first time the ped/vehicle is used.	El índice se sale de la tabla de grupos — cierre la primera vez que se usa el ped/vehículo.
Взять имя группы из animgrp.dat или добавить группу туда.	Take the group name from animgrp.dat or add the group there.	Tomar el nombre del grupo de animgrp.dat o añadir el grupo allí.
Неизвестный тип машины в vehicles.ide.	Unknown vehicle type in vehicles.ide.	Tipo de vehículo desconocido en vehicles.ide.
Останется тип по умолчанию — машина будет вести себя не как задумано.	The default type stays — the vehicle will not behave as intended.	Se queda el tipo por defecto — el vehículo no se comportará como se pensó.
Один из: car, bike, bmx, boat, plane, heli, quad, train, trailer, mtruck.	One of: car, bike, bmx, boat, plane, heli, quad, train, trailer, mtruck.	Uno de: car, bike, bmx, boat, plane, heli, quad, train, trailer, mtruck.
Во флагах IDE выставлены биты, которые SA не читает.	The IDE flags have bits set that SA does not read.	Los flags del IDE tienen bits que SA no lee.
Безвредно: эти биты игнорируются.	Harmless: these bits are ignored.	Inofensivo: esos bits se ignoran.
Можно оставить; для чистоты убрать лишние биты.	Can stay; for tidiness remove the extra bits.	Puede quedarse; por limpieza, quitar los bits sobrantes.
Строка секции 2dfx не разбирается.	A 2dfx section line cannot be parsed.	Una línea de la sección 2dfx no se puede analizar.
modelId берётся со стека, эффект вешается на мусорный указатель — краш.	modelId is taken from the stack, the effect is attached to a garbage pointer — a crash.	modelId se toma de la pila, el efecto se cuelga de un puntero basura — cierre.
Исправить строку 2dfx или убрать её (эффекты лучше хранить в DFF).	Fix the 2dfx line or remove it (effects are better kept in the DFF).	Corregir la línea 2dfx o quitarla (los efectos es mejor guardarlos en el DFF).
В IDE есть секция path.	The IDE has a path section.	El IDE tiene una sección path.
SA её читает и выбрасывает: пути берутся только из nodes*.dat.	SA reads and discards it: paths come from nodes*.dat only.	SA la lee y la descarta: las rutas solo salen de nodes*.dat.
Удалить секцию, вреда нет.	Delete the section, no harm done.	Borrar la sección, no hace daño.
Строка вне секции (между end и следующим заголовком).	A line outside any section (between end and the next header).	Una línea fuera de sección (entre end y la siguiente cabecera).
Игнорируется; чаще всего это опечатка в заголовке секции.	Ignored; most often a typo in a section header.	Se ignora; casi siempre es una errata en la cabecera de sección.
Проверить заголовок секции (objs, tobj, inst, …).	Check the section header (objs, tobj, inst, …).	Revisar la cabecera de sección (objs, tobj, inst, …).
Секция mult в IDE.	A mult section in the IDE.	Una sección mult en el IDE.
Принимается, но не разбирается.	Accepted but not parsed.	Se acepta pero no se analiza.
Удалить, вреда нет.	Delete it, no harm done.	Borrarla, no hace daño.
Строка inst с числом полей не 11.	An inst line whose field count is not 11.	Una línea inst cuyo número de campos no es 11.
Незаполненные поля (в том числе lod) остаются мусором — LinkLods может упасть.	The unfilled fields (lod included) stay garbage — LinkLods may crash.	Los campos sin rellenar (incluido lod) quedan como basura — LinkLods puede fallar.
inst: id, имя, interior, x y z, rx ry rz rw, lod (−1 если нет).	inst: id, name, interior, x y z, rx ry rz rw, lod (−1 if none).	inst: id, nombre, interior, x y z, rx ry rz rw, lod (−1 si no hay).
id в inst вне 0..19999.	An id in inst outside 0..19999.	Un id en inst fuera de 0..19999.
Чтение мимо таблицы моделей и вызов по мусорному указателю — краш.	A read past the model table and a call through a garbage pointer — a crash.	Lectura fuera de la tabla de modelos y llamada por un puntero basura — cierre.
Указать id существующей модели.	Give the id of an existing model.	Indicar el id de un modelo existente.
Поле lod (последнее число в inst) — номер строки LOD-объекта в этом же текстовом IPL. Здесь оно либо вне файла, либо указывает на себя, на строку без модели, на объект далеко в стороне или на «LOD» с меньшей дистанцией прорисовки.	The lod field (the last number of inst) is the line number of the LOD object in this same text IPL. Here it is either outside the file, or points at itself, at a line without a model, at an object far away, or at a «LOD» with a smaller draw distance.	El campo lod (el último número de inst) es el número de línea del objeto LOD en este mismo IPL de texto. Aquí está fuera del archivo, apunta a sí mismo, a una línea sin modelo, a un objeto muy alejado o a un «LOD» con menor distancia de dibujado.
Игра идёт только по номеру: за пределами файла — краш в LinkLods; неверный номер в пределах файла — объект молча получает чужой LOD (вдали появляется не то или ничего).	The game goes by the number alone: outside the file — a crash in LinkLods; a wrong number inside the file — the object silently gets someone else's LOD (the wrong thing or nothing appears in the distance).	El juego solo va por el número: fuera del archivo — cierre en LinkLods; un número equivocado dentro del archivo — el objeto recibe en silencio un LOD ajeno (a lo lejos aparece otra cosa o nada).
lod = номер inst-строки LOD-объекта в этом же файле (счёт с 0, комментарии не считаются) или −1; LOD должен стоять в той же точке и иметь дистанцию прорисовки больше, чем у объекта. Аддон при «Добавить в IPL» ставит номер сам, если LOD в том же файле.	lod = the number of the LOD object's inst line in this same file (counted from 0, comments not counted) or −1; the LOD must stand at the same spot and have a bigger draw distance than the object. The addon's «Add to IPL» sets the number itself when the LOD is in the same file.	lod = número de la línea inst del objeto LOD en este mismo archivo (contando desde 0, sin comentarios) o −1; el LOD debe estar en el mismo punto y tener una distancia de dibujado mayor que el objeto. El addon pone el número él mismo en «Añadir a IPL» si el LOD está en el mismo archivo.
Кватернион поворота не единичный.	The rotation quaternion is not unit length.	El cuaternión de rotación no es unitario.
acos даст NaN — матрица объекта станет NaN, объект исчезнет или сломает коллизию.	acos gives NaN — the object's matrix becomes NaN, the object vanishes or breaks collision.	acos da NaN — la matriz del objeto pasa a NaN, el objeto desaparece o rompe la colisión.
Нормализовать поворот (x²+y²+z²+w² = 1); экспорт из аддона делает это сам.	Normalise the rotation (x²+y²+z²+w² = 1); the addon's export does it by itself.	Normalizar la rotación (x²+y²+z²+w² = 1); la exportación del addon lo hace sola.
Поле interior содержит биты вне известных.	The interior field has bits outside the known ones.	El campo interior tiene bits fuera de los conocidos.
Код зоны хранится в байте, лишние биты игнорируются.	The zone code is stored in a byte, extra bits are ignored.	El código de zona se guarda en un byte, los bits sobrantes se ignoran.
interior = 0..255 плюс известные флаги 0x100..0x1000.	interior = 0..255 plus the known flags 0x100..0x1000.	interior = 0..255 más los flags conocidos 0x100..0x1000.
Объект стоит за границей мира ±3000 по X или Y.	The object stands beyond the world border ±3000 in X or Y.	El objeto está más allá del límite del mundo ±3000 en X o Y.
Мир — сетка секторов в ±3000; объект приписывается к крайнему сектору, а стоит дальше: стриминг, отрисовка и коллизия там работают с ошибками (объект пропадает, сквозь него можно провалиться).	The world is a sector grid within ±3000; the object is assigned to the outermost sector but stands farther out: streaming, rendering and collision misbehave there (the object vanishes, you can fall through it).	El mundo es una rejilla de sectores dentro de ±3000; el objeto se asigna al sector del borde pero está más lejos: allí el streaming, el dibujado y la colisión fallan (el objeto desaparece, se puede caer a través de él).
Сдвинуть объект внутрь ±3000 (с запасом на размер модели) или использовать limit adjuster с расширением границ мира.	Move the object inside ±3000 (with room for the model size) or use a limit adjuster that extends the world bounds.	Mover el objeto dentro de ±3000 (con margen para el tamaño del modelo) o usar un limit adjuster que amplíe los límites del mundo.
Дистанция прорисовки модели меньше 2.	The model's draw distance is below 2.	La distancia de dibujado del modelo es menor que 2.
Все экземпляры создаются невидимыми.	Every instance is created invisible.	Todas las instancias se crean invisibles.
Поставить дистанцию ≥ 2 (обычно 100..300).	Set a distance ≥ 2 (usually 100..300).	Poner una distancia ≥ 2 (normalmente 100..300).
Больше 4096 inst-строк в одном текстовом IPL.	More than 4096 inst lines in one text IPL.	Más de 4096 líneas inst en un IPL de texto.
Массив экземпляров без проверки границы — порча памяти.	The instance array has no bounds check — memory corruption.	El array de instancias no comprueba el límite — corrupción de memoria.
Разбить IPL на несколько файлов.	Split the IPL into several files.	Dividir el IPL en varios archivos.
Строка zone с числом полей не 10.	A zone line whose field count is not 10.	Una línea zone cuyo número de campos no es 10.
Зона отброшена — нет названия на карте/в HUD.	The zone is dropped — no name on the map/HUD.	La zona se descarta — sin nombre en el mapa/HUD.
zone: имя, тип, x1 y1 z1, x2 y2 z2, level, gxt-имя.	zone: name, type, x1 y1 z1, x2 y2 z2, level, gxt name.	zone: nombre, tipo, x1 y1 z1, x2 y2 z2, level, nombre gxt.
GXT-имя зоны длиной ≥ 12.	A zone GXT name of length ≥ 12.	Un nombre GXT de zona de longitud ≥ 12.
Переполняет буфер зоны — порча памяти, возможный краш.	Overflows the zone buffer — memory corruption, a possible crash.	Desborda el búfer de la zona — corrupción de memoria, posible cierre.
GXT-имя ≤ 11 символов.	GXT name ≤ 11 characters.	Nombre GXT ≤ 11 caracteres.
У cull-зоны после маскирования не осталось флагов.	A cull zone has no flags left after masking.	A una zona cull no le quedan flags tras el enmascarado.
Зона отброшена.	The zone is dropped.	La zona se descarta.
Указать хотя бы один поддерживаемый флаг cull.	Give at least one supported cull flag.	Indicar al menos un flag cull admitido.
Строка occl короче 6 полей.	An occl line shorter than 6 fields.	Una línea occl con menos de 6 campos.
Оклюдер отброшен.	The occluder is dropped.	El oclusor se descarta.
occl: x y z, ширина, длина, высота, поворот.	occl: x y z, width, length, height, rotation.	occl: x y z, anchura, longitud, altura, rotación.
Строка enex не из 18 полей.	An enex line that is not 18 fields.	Una línea enex que no tiene 18 campos.
Вход/выход отброшен — маркер не появится.	The entrance/exit is dropped — the marker will not appear.	La entrada/salida se descarta — el marcador no aparecerá.
Свериться с форматом enex (18 полей).	Check against the enex format (18 fields).	Cotejar con el formato enex (18 campos).
Строка grge не из 11 полей.	A grge line that is not 11 fields.	Una línea grge que no tiene 11 campos.
Гараж молча отброшен.	The garage is silently dropped.	El garaje se descarta en silencio.
grge: x1 y1 z1, lineX lineY, x2 y2 z2, флаги, тип, имя.	grge: x1 y1 z1, lineX lineY, x2 y2 z2, flags, type, name.	grge: x1 y1 z1, lineX lineY, x2 y2 z2, flags, tipo, nombre.
Строка jump не из 16 полей.	A jump line that is not 16 fields.	Una línea jump que no tiene 16 campos.
Уникальный трамплин отброшен.	The unique stunt jump is dropped.	El salto único se descarta.
Свериться с форматом jump (16 полей).	Check against the jump format (16 fields).	Cotejar con el formato jump (16 campos).
Строка pick не из 4 полей.	A pick line that is not 4 fields.	Una línea pick que no tiene 4 campos.
Пикап отброшен.	The pickup is dropped.	El pickup se descarta.
Строка cars не из 12 полей.	A cars line that is not 12 fields.	Una línea cars que no tiene 12 campos.
Генератор машин отброшен.	The car generator is dropped.	El generador de coches se descarta.
Свериться с форматом cars (12 полей).	Check against the cars format (12 fields).	Cotejar con el formato cars (12 campos).
Строка tcyc не из 12 полей.	A tcyc line that is not 12 fields.	Una línea tcyc que no tiene 12 campos.
Недостающие поля берутся со стека — мусорные параметры timecyc-бокса.	The missing fields are taken from the stack — garbage parameters for the timecyc box.	Los campos que faltan se toman de la pila — parámetros basura para la caja timecyc.
Свериться с форматом tcyc (12 полей).	Check against the tcyc format (12 fields).	Cotejar con el formato tcyc (12 campos).
Строка auzo с неверным числом полей.	An auzo line with the wrong number of fields.	Una línea auzo con un número de campos incorrecto.
Аудиозона отброшена.	The audio zone is dropped.	La zona de audio se descarta.
auzo: имя, id, вкл, x1 y1 z1 x2 y2 z2 (box) или x y z r (sphere).	auzo: name, id, enabled, x1 y1 z1 x2 y2 z2 (box) or x y z r (sphere).	auzo: nombre, id, activada, x1 y1 z1 x2 y2 z2 (caja) o x y z r (esfera).
Бинарный IPL с заголовком короче 76 байт.	A binary IPL with a header shorter than 76 bytes.	Un IPL binario con cabecera de menos de 76 bytes.
Файл не разобрать — объекты не загрузятся.	The file cannot be parsed — the objects will not load.	El archivo no se puede analizar — los objetos no se cargarán.
Пересобрать бинарный IPL.	Rebuild the binary IPL.	Reconstruir el IPL binario.
В streamed-IPL (внутри IMG) есть секция кроме inst.	A streamed IPL (inside an IMG) has a section other than inst.	Un IPL en streaming (dentro de un IMG) tiene una sección distinta de inst.
Игра читает из таких IPL только inst — секция игнорируется.	The game reads only inst from such IPLs — the section is ignored.	De esos IPL el juego solo lee inst — la sección se ignora.
Перенести секцию в текстовый IPL из gta.dat.	Move the section into a text IPL listed in gta.dat.	Pasar la sección a un IPL de texto listado en gta.dat.
Больше 256 streamed-IPL в архивах.	More than 256 streamed IPLs in the archives.	Más de 256 IPL en streaming en los archivos.
Пул IPL-слотов на 256 — лишние не регистрируются.	The IPL slot pool holds 256 — the rest are not registered.	El pool de slots de IPL es de 256 — los demás no se registran.
Объединить IPL или уменьшить их число.	Merge the IPLs or reduce their number.	Fusionar los IPL o reducir su número.
Файл nodesN.dat с номером области вне 0..63.	A nodesN.dat file with an area number outside 0..63.	Un archivo nodesN.dat con número de área fuera de 0..63.
Номер попадает в диапазон анимаций и трактуется как IFP-блок.	The number falls into the animation range and is treated as an IFP block.	El número cae en el rango de las animaciones y se trata como un bloque IFP.
Номера nodes0..nodes63.	Numbers nodes0..nodes63.	Números nodes0..nodes63.
timecyc.dat: неверное число строк данных или полей.	timecyc.dat: wrong number of data lines or fields.	timecyc.dat: número incorrecto de líneas de datos o de campos.
Загрузчик ждёт ровно 23 погоды × 24 часа; сдвиг или нехватка строк — мусорные цвета неба или краш при старте.	The loader expects exactly 23 weathers × 24 hours; a shift or missing lines — garbage sky colours or a crash at startup.	El cargador espera exactamente 23 climas × 24 horas; un desplazamiento o líneas de menos — colores de cielo basura o cierre al arrancar.
Восстановить полную таблицу (редактор timecyc в INU Tools пишет её правильно).	Restore the full table (the timecyc editor in INU Tools writes it correctly).	Restaurar la tabla completa (el editor de timecyc de INU Tools la escribe correctamente).
timecyc.dat: число строк данных не совпадает с ожидаемым.	timecyc.dat: the number of data lines does not match the expected one.	timecyc.dat: el número de líneas de datos no coincide con el esperado.
Строк не хватило — LoadLine вернёт NULL и sscanf упадёт при старте.	Lines ran out — LoadLine returns NULL and sscanf crashes at startup.	Se acabaron las líneas — LoadLine devuelve NULL y sscanf falla al arrancar.
Ровно 23 погоды × 24 часа строк.	Exactly 23 weathers × 24 hours of lines.	Exactamente 23 climas × 24 horas de líneas.
timecyc.dat: строка не начинается с числа и не с «//».	timecyc.dat: a line starts neither with a number nor with «//».	timecyc.dat: una línea no empieza ni por número ni por «//».
Попадёт в sscanf, собьёт счёт строк — все погоды съедут.	It goes into sscanf and throws the line count off — every weather shifts.	Entra en sscanf y descuadra el conteo de líneas — todos los climas se desplazan.
Комментарии только «//», данные — числа.	Comments only with «//», data as numbers.	Comentarios solo con «//», los datos son números.
timecyc.dat: в строке меньше полей, чем нужно.	timecyc.dat: a line has fewer fields than needed.	timecyc.dat: una línea tiene menos campos de los necesarios.
Хвостовые колонки останутся от предыдущей строки.	The trailing columns keep the values of the previous line.	Las columnas finales conservan los valores de la línea anterior.
Дописать недостающие поля.	Fill in the missing fields.	Completar los campos que faltan.
timecyc.dat: цвет вне 0..255.	timecyc.dat: a colour outside 0..255.	timecyc.dat: un color fuera de 0..255.
Обрежется до байта — другой цвет.	Truncated to a byte — a different colour.	Se recorta a un byte — otro color.
Значения цветов 0..255.	Colour values 0..255.	Valores de color 0..255.
SA water.dat: строка не из 28/29 (квад) и не 21/22 (треугольник) полей. III/VC waterpro.dat: файл короче 21444 байт, число уровней вне 0..48 или секторы ссылаются на несуществующий уровень.	SA water.dat: a line with neither 28/29 (quad) nor 21/22 (triangle) fields. III/VC waterpro.dat: file shorter than 21444 bytes, level count outside 0..48, or sectors referencing a level that does not exist.	SA water.dat: línea que no tiene 28/29 (quad) ni 21/22 (triángulo) campos. III/VC waterpro.dat: archivo menor de 21444 bytes, número de niveles fuera de 0..48 o sectores que refieren a un nivel inexistente.
SA: разберётся как треугольник с мусорными вершинами. III/VC: недочитанные таблицы остаются нулями — вода на нулевой высоте или её нет.	SA: parsed as a triangle with garbage vertices. III/VC: the unread tables stay zero — water at height zero or none at all.	SA: se analiza como triángulo con vértices basura. III/VC: las tablas no leídas quedan en cero — agua a altura cero o sin agua.
SA: квад = 4 вершины × 7 чисел + тип, треугольник — 3 вершины. III/VC: пересохранить waterpro.dat редактором воды.	SA: quad = 4 vertices × 7 numbers + type, triangle = 3 vertices. III/VC: re-save waterpro.dat with a water editor.	SA: quad = 4 vértices × 7 números + tipo, triángulo = 3 vértices. III/VC: volver a guardar waterpro.dat con un editor de agua.
water.dat: больше 301 квада.	water.dat: more than 301 quads.	water.dat: más de 301 quads.
302-й затирает таблицу треугольников — порча памяти.	The 302nd overwrites the triangle table — memory corruption.	El 302.º sobrescribe la tabla de triángulos — corrupción de memoria.
Не больше 301 квада (объединить соседние).	No more than 301 quads (merge neighbouring ones).	No más de 301 quads (fusionar los vecinos).
water.dat: вершина за пределами ±3000.	water.dat: a vertex beyond ±3000.	water.dat: un vértice fuera de ±3000.
Координата зажимается, а высота/волны/поток сбрасываются в 0 — вода на нулевой высоте.	The coordinate is clamped and the height/waves/flow reset to 0 — water at height zero.	La coordenada se recorta y la altura/olas/corriente se ponen a 0 — agua a altura cero.
Держать вершины воды в ±3000.	Keep the water vertices within ±3000.	Mantener los vértices del agua dentro de ±3000.
water.dat: вырожденный квад (все X или все Y равны).	water.dat: a degenerate quad (all X or all Y equal).	water.dat: un quad degenerado (todas las X o todas las Y iguales).
Отброшен — дыра в воде.	Dropped — a hole in the water.	Se descarta — un agujero en el agua.
Задать четыре разные угловые точки.	Give four different corner points.	Indicar cuatro esquinas distintas.
data/plants.dat не найден.	data/plants.dat not found.	No se encontró data/plants.dat.
Травы не будет вообще.	There will be no grass at all.	No habrá hierba en absoluto.
Вернуть plants.dat.	Restore plants.dat.	Restaurar plants.dat.
plants.dat: строка не из 18 полей.	plants.dat: a line that is not 18 fields.	plants.dat: una línea que no tiene 18 campos.
Загрузчик возвращает false — ВСЯ трава отключается, остальные строки не читаются.	The loader returns false — ALL grass is switched off, the remaining lines are not read.	El cargador devuelve false — TODA la hierba se desactiva, las demás líneas no se leen.
Дописать поля до 18.	Fill the fields up to 18.	Completar los campos hasta 18.
plants.dat: SlotID / ModelID / UVoff вне 0..3.	plants.dat: SlotID / ModelID / UVoff outside 0..3.	plants.dat: SlotID / ModelID / UVoff fuera de 0..3.
Индекс в мусорные атомики травы при рендере — краш.	An index into garbage grass atomics while rendering — a crash.	Un índice a atomics de hierba basura al renderizar — cierre.
Значения 0..3.	Values 0..3.	Valores 0..3.
models/effects.fxp не найден.	models/effects.fxp not found.	No se encontró models/effects.fxp.
Частицы (дым, огонь, брызги) не загрузятся.	Particles (smoke, fire, splashes) will not load.	Las partículas (humo, fuego, salpicaduras) no se cargarán.
Вернуть effects.fxp.	Restore effects.fxp.	Restaurar effects.fxp.
effects.fxp: NUM_PRIMS больше 8.	effects.fxp: NUM_PRIMS greater than 8.	effects.fxp: NUM_PRIMS mayor que 8.
Стековый буфер имён текстур переполняется — краш.	The stack buffer of texture names overflows — a crash.	El búfer de nombres de textura en la pila se desborda — cierre.
Не больше 8 примитивов в эффекте.	No more than 8 primitives per effect.	No más de 8 primitivas por efecto.
effects.fxp: NUM_INFOS не совпадает с числом блоков FX_INFO_*.	effects.fxp: NUM_INFOS does not match the number of FX_INFO_* blocks.	effects.fxp: NUM_INFOS no coincide con el número de bloques FX_INFO_*.
Разбор съедет — эффект битый.	Parsing goes off the rails — a broken effect.	El análisis se descuadra — efecto roto.
Согласовать счётчик с числом блоков.	Make the counter match the number of blocks.	Hacer que el contador coincida con el número de bloques.
effects.fxp: ошибка в структуре эффекта.	effects.fxp: an error in the effect structure.	effects.fxp: error en la estructura del efecto.
Эффект не загрузится или загрузится битым.	The effect will not load or loads broken.	El efecto no se cargará o se cargará roto.
Свериться с ванильным effects.fxp.	Compare with the vanilla effects.fxp.	Cotejar con el effects.fxp original.
effects.fxp ссылается на текстуру, которой нет в effectsPC.txd.	effects.fxp refers to a texture that is not in effectsPC.txd.	effects.fxp hace referencia a una textura que no está en effectsPC.txd.
Частицы без текстуры (белые квадраты).	Particles without a texture (white squares).	Partículas sin textura (cuadrados blancos).
Добавить текстуру в effectsPC.txd или исправить имя.	Add the texture to effectsPC.txd or fix the name.	Añadir la textura a effectsPC.txd o corregir el nombre.
IPL перечислен в gta.dat дважды.	An IPL is listed in gta.dat twice.	Un IPL aparece dos veces en gta.dat.
Все его объекты будут продублированы (двойные коллизии, z-fighting).	All its objects will be duplicated (double collisions, z-fighting).	Todos sus objetos quedarán duplicados (colisiones dobles, z-fighting).
Оставить одну строку.	Keep one line.	Dejar una sola línea.
Секция IDE не закрыта строкой end.	An IDE section is not closed with an end line.	Una sección del IDE no se cierra con una línea end.
Всё до конца файла читается как та же секция — строки следующих секций отбрасываются.	Everything up to the end of the file is read as the same section — the lines of the following sections are dropped.	Todo hasta el final del archivo se lee como la misma sección — las líneas de las secciones siguientes se descartan.
Добавить end.	Add end.	Añadir end.
Одно имя модели объявлено в IDE под двумя id.	One model name is declared in the IDE under two ids.	Un mismo nombre de modelo se declara en el IDE con dos id.
COL и IMG ищут модель по имени — данные достанутся первой, вторая будет без коллизии/модели.	COL and IMG look the model up by name — the data goes to the first one, the second is left without collision/model.	COL e IMG buscan el modelo por nombre — los datos van al primero, el segundo se queda sin colisión/modelo.
Дать моделям разные имена (и файлы).	Give the models different names (and files).	Dar a los modelos nombres (y archivos) distintos.
Модель объявлена в IDE, но нигде не размещена в IPL.	The model is declared in the IDE but placed nowhere in the IPLs.	El modelo se declara en el IDE pero no se coloca en ningún IPL.
Безвредно: занимает id и память списка моделей.	Harmless: takes an id and memory in the model list.	Inofensivo: ocupa un id y memoria en la lista de modelos.
Можно удалить объявление, если модель не нужна скрипту.	The declaration can be removed if a script does not need the model.	Se puede quitar la declaración si ningún script necesita el modelo.
tobj: часы вне 0..24.	tobj: hours outside 0..24.	tobj: horas fuera de 0..24.
Объект может никогда не появиться.	The object may never appear.	El objeto puede no aparecer nunca.
Часы 0..24.	Hours 0..24.	Horas 0..24.
Секция IPL не закрыта строкой end.	An IPL section is not closed with an end line.	Una sección del IPL no se cierra con una línea end.
Строки следующей секции читаются как текущая и отбрасываются.	The lines of the next section are read as the current one and dropped.	Las líneas de la sección siguiente se leen como la actual y se descartan.
Имя модели в строке inst не совпадает с именем, которое стоит в IDE под этим id.	The model name in an inst line does not match the name the IDE has under this id.	El nombre de modelo de una línea inst no coincide con el que tiene el IDE con ese id.
Игра читает только id: поставит модель из IDE. Если id верный — косметика; если перепутан — на месте встанет другая модель.	The game reads only the id: it will place the IDE's model. If the id is right — cosmetic; if mixed up — a different model stands there.	El juego solo lee el id: pondrá el modelo del IDE. Si el id es correcto — cosmético; si está confundido — allí aparecerá otro modelo.
Проверить id по IDE и поправить либо id, либо имя.	Check the id against the IDE and fix either the id or the name.	Comprobar el id con el IDE y corregir el id o el nombre.
Файл из modloader подменяет запись из IMG или папки игры.	A modloader file replaces an entry from the IMG or the game folder.	Un archivo de modloader sustituye una entrada del IMG o de la carpeta del juego.
Информация: игра увидит версию из modloader.	Information: the game will see the modloader version.	Información: el juego verá la versión de modloader.
Ничего, если подмена задумана.	Nothing, if the replacement is intended.	Nada, si la sustitución es intencionada.
Больше 5 строк IMG в gta.dat.	More than 5 IMG lines in gta.dat.	Más de 5 líneas IMG en gta.dat.
Всего 8 слотов архивов (2 встроенных + player.img): лишние не откроются, их модели не загрузятся.	Only 8 archive slots exist (2 built-in + player.img): the extra ones do not open, their models do not load.	Solo hay 8 slots de archivos (2 integrados + player.img): los sobrantes no se abren, sus modelos no se cargan.
Объединить архивы: не больше 5 строк IMG.	Merge the archives: no more than 5 IMG lines.	Fusionar los archivos: no más de 5 líneas IMG.
Строка IMG в gta.dat стоит после первой строки IPL.	An IMG line in gta.dat comes after the first IPL line.	Una línea IMG de gta.dat va después de la primera línea IPL.
Каталог архивов читается один раз на первой IPL — этот архив не попадёт в каталог, его модели «не на диске».	The archive directory is read once at the first IPL — this archive does not get into the directory, its models are «not on disk».	El directorio de archivos se lee una vez en el primer IPL — este archivo no entra en el directorio, sus modelos están «fuera del disco».
Переставить все IMG выше первой IPL.	Move all IMG lines above the first IPL.	Mover todas las líneas IMG por encima del primer IPL.
Путь IMG в gta.dat длиной ≥ 40.	An IMG path in gta.dat of length ≥ 40.	Una ruta IMG en gta.dat de longitud ≥ 40.
Копируется в буфер без границы — затирается имя следующего архива.	Copied into a buffer without a bound — the name of the next archive is overwritten.	Se copia en un búfer sin límite — se sobrescribe el nombre del siguiente archivo.
Сократить путь до 39 символов.	Shorten the path to 39 characters.	Acortar la ruta a 39 caracteres.
В имени записи IMG первая точка стоит дальше 20-го символа.	In an IMG entry name the first dot comes after the 20th character.	En el nombre de una entrada IMG el primer punto está más allá del carácter 20.
Запись молча пропускается — модель не найдётся.	The entry is silently skipped — the model will not be found.	La entrada se salta en silencio — el modelo no se encontrará.
Имя файла в архиве ≤ 20 символов до расширения.	A file name in the archive ≤ 20 characters before the extension.	Nombre de archivo en el IMG ≤ 20 caracteres antes de la extensión.
Запись IMG с нулевым размером в каталоге.	An IMG entry with zero size in the directory.	Una entrada IMG con tamaño cero en el directorio.
Модель считается «не на диске» и никогда не загрузится.	The model counts as «not on disk» and never loads.	El modelo se considera «fuera del disco» y nunca se carga.
Перепаковать архив с правильным размером.	Repack the archive with the right size.	Reempaquetar el archivo con el tamaño correcto.
У записи IMG байты 6..7 (размер в архиве) не равны 0.	Bytes 6..7 of an IMG entry (size in archive) are not 0.	Los bytes 6..7 de una entrada IMG (tamaño en el archivo) no son 0.
Они переопределяют размер чтения — буфер стриминга может оказаться меньше файла.	They override the read size — the streaming buffer may turn out smaller than the file.	Sobrescriben el tamaño de lectura — el búfer de streaming puede quedar más pequeño que el archivo.
Перепаковать архив так, чтобы поле было 0.	Repack the archive so that the field is 0.	Reempaquetar el archivo de modo que el campo sea 0.
Информация о буфере стриминга.	Information about the streaming buffer.	Información sobre el búfer de streaming.
Самая большая запись задаёт размер буфера; очень крупные файлы едят память на обоих каналах.	The largest entry sets the buffer size; very big files eat memory on both channels.	La entrada más grande fija el tamaño del búfer; los archivos muy grandes consumen memoria en ambos canales.
Ничего; следить, чтобы огромные модели не раздували буфер.	Nothing; just keep huge models from bloating the buffer.	Nada; vigilar que los modelos enormes no inflen el búfer.
Файл .rrr в архиве не carrecN.	An .rrr file in the archive is not carrecN.	Un archivo .rrr en el IMG que no es carrecN.
Получит номер записи 850 — недостижим или дублирует другой.	It gets record number 850 — unreachable or a duplicate of another.	Recibe el número de registro 850 — inalcanzable o duplicado de otro.
Имена carrec0..carrecN.	Names carrec0..carrecN.	Nombres carrec0..carrecN.
stream.ini не найден.	stream.ini not found.	No se encontró stream.ini.
Загрузчик не проверяет открытие — краш при старте.	The loader does not check the open — a crash at startup.	El cargador no comprueba la apertura — cierre al arrancar.
Вернуть stream.ini в корень игры.	Put stream.ini back into the game root.	Devolver stream.ini a la raíz del juego.
Число записей в заголовке VER2 — мусор.	The entry count in the VER2 header is garbage.	El número de entradas de la cabecera VER2 es basura.
Каталог не прочитать — архив пустой.	The directory cannot be read — the archive is empty.	El directorio no se puede leer — el archivo queda vacío.
Перепаковать архив.	Repack the archive.	Reempaquetar el archivo.
Имя записи встречается в архивах больше одного раза.	An entry name appears in the archives more than once.	Un nombre de entrada aparece en los archivos más de una vez.
Все три игры берут ПЕРВУЮ зарегистрированную запись (порядок gta.dat и каталога); остальные копии не используются.	All three games take the FIRST registered entry (gta.dat and directory order); the other copies are unused.	Los tres juegos toman la PRIMERA entrada registrada (orden de gta.dat y del directorio); las demás copias no se usan.
Убрать лишние копии или убедиться, что первой идёт нужная.	Remove the extra copies or make sure the right one comes first.	Quitar las copias sobrantes o asegurarse de que la correcta va primero.
IMG-архив из gta.dat не найден.	An IMG archive from gta.dat is not found.	No se encontró un archivo IMG de gta.dat.
Открывается при старте — отсутствующий архив = краш.	It is opened at startup — a missing archive = a crash.	Se abre al arrancar — un archivo ausente = cierre.
Вернуть архив или убрать строку.	Put the archive back or remove the line.	Devolver el archivo o quitar la línea.
Имя записи занимает все 24 байта без NUL.	An entry name fills all 24 bytes without a NUL.	Un nombre de entrada ocupa los 24 bytes sin NUL.
Игра прочитает мусор за полем — имя не совпадёт.	The game reads garbage past the field — the name will not match.	El juego lee basura tras el campo — el nombre no coincidirá.
Имя записи ≤ 23 символов.	Entry name ≤ 23 characters.	Nombre de entrada ≤ 23 caracteres.
Запись не удалось прочитать.	The entry could not be read.	No se pudo leer la entrada.
Файл не проверен; в игре, скорее всего, тоже не загрузится.	The file was not checked; most likely it will not load in the game either.	El archivo no se comprobó; en el juego seguramente tampoco se cargará.
Проверить архив (перепаковать).	Check the archive (repack).	Revisar el archivo (reempaquetar).
Запись нулевого размера.	An entry of zero size.	Una entrada de tamaño cero.
Модель «не на диске» — не загрузится.	The model is «not on disk» — it will not load.	El modelo está «fuera del disco» — no se cargará.
Перепаковать с файлом.	Repack with the file.	Reempaquetar con el archivo.
Файл не пройдёт загрузку движка.	The file will not pass the engine's loading.	El archivo no pasará la carga del motor.
Модель никогда не загрузится, стример будет запрашивать её вечно (лаги), либо краш.	The model never loads, the streamer keeps requesting it forever (lag), or a crash.	El modelo nunca se carga, el streamer lo pide eternamente (tirones), o cierre.
Исправить файл по сообщению или переэкспортировать.	Fix the file as the message says or re-export it.	Corregir el archivo según el mensaje o reexportarlo.
Файл короче 12 байт.	The file is shorter than 12 bytes.	El archivo tiene menos de 12 bytes.
Это не DFF — не загрузится.	This is not a DFF — it will not load.	Esto no es un DFF — no se cargará.
Переэкспортировать модель.	Re-export the model.	Reexportar el modelo.
У чанка нет секции EXTENSION.	The chunk has no EXTENSION section.	El chunk no tiene sección EXTENSION.
RenderWare ищет её до конца файла — модель не загрузится.	RenderWare looks for it up to the end of the file — the model will not load.	RenderWare la busca hasta el final del archivo — el modelo no se cargará.
Переэкспортировать (экспортёр всегда пишет EXTENSION).	Re-export (the exporter always writes EXTENSION).	Reexportar (el exportador siempre escribe EXTENSION).
numFrames не помещается в STRUCT списка фреймов.	numFrames does not fit into the frame list STRUCT.	numFrames no cabe en el STRUCT de la lista de frames.
Битый файл — не загрузится.	A broken file — it will not load.	Archivo roto — no se cargará.
Переэкспортировать.	Re-export.	Reexportar.
STRUCT атомика длиннее 16 байт.	An atomic STRUCT longer than 16 bytes.	Un STRUCT de atomic de más de 16 bytes.
Читается в 16-байтовый буфер на стеке — краш при загрузке.	Read into a 16-byte buffer on the stack — a crash while loading.	Se lee en un búfer de 16 bytes en la pila — cierre al cargar.
Атомик ссылается на несуществующий фрейм.	An atomic refers to a frame that does not exist.	Un atomic hace referencia a un frame que no existe.
Атомик привязывается к мусору — краш или невидимая модель.	The atomic is attached to garbage — a crash or an invisible model.	El atomic se ata a basura — cierre o modelo invisible.
NaN в матрице фрейма или ссылка на неверного родителя.	NaN in a frame matrix or a reference to a wrong parent.	NaN en la matriz de un frame o referencia a un padre incorrecto.
Порча иерархии — модель исчезает или краш.	A corrupted hierarchy — the model vanishes or a crash.	Jerarquía corrupta — el modelo desaparece o cierre.
Проверить трансформации в редакторе, переэкспортировать.	Check the transforms in the editor, re-export.	Revisar las transformaciones en el editor, reexportar.
Атомик ссылается на несуществующую геометрию.	An atomic refers to a geometry that does not exist.	Un atomic hace referencia a una geometría que no existe.
Мусорный указатель — краш.	A garbage pointer — a crash.	Puntero basura — cierre.
Плагин Pipeline Set у атомика не 4 байта.	The atomic's Pipeline Set plugin is not 4 bytes.	El plugin Pipeline Set del atomic no tiene 4 bytes.
Пишет за пределы плагина — порча памяти.	Writes past the plugin — memory corruption.	Escribe fuera del plugin — corrupción de memoria.
Геометрия с числом вершин или треугольников за лимитом.	A geometry with a vertex or triangle count over the limit.	Una geometría con un número de vértices o triángulos por encima del límite.
Лимит 65535 вершин — RpGeometryCreate вернёт NULL, модель не загрузится.	The limit is 65535 vertices — RpGeometryCreate returns NULL, the model will not load.	El límite es 65535 vértices — RpGeometryCreate devuelve NULL, el modelo no se cargará.
Разбить модель на части.	Split the model into parts.	Dividir el modelo en partes.
Движок всё равно читает один morph-блок — поток рассинхронизируется, модель не загрузится.	The engine reads one morph block anyway — the stream goes out of sync, the model will not load.	El motor lee un solo bloque morph de todos modos — el flujo se desincroniza, el modelo no se cargará.
Слишком много наборов UV.	Too many UV sets.	Demasiados conjuntos de UV.
Указатели пишутся за пределы массива — краш.	Pointers are written past the array — a crash.	Los punteros se escriben fuera del array — cierre.
Не больше 2 UV-каналов (в SA обычно 1).	No more than 2 UV channels (usually 1 in SA).	No más de 2 canales UV (en SA normalmente 1).
Флаг NATIVE в геометрии.	The NATIVE flag on a geometry.	Flag NATIVE en la geometría.
На PC массивы не выделяются — чтение вершин в NULL, краш.	On PC the arrays are not allocated — vertices are read into NULL, a crash.	En PC los arrays no se reservan — los vértices se leen en NULL, cierre.
Экспортировать без NATIVE (PC-формат).	Export without NATIVE (PC format).	Exportar sin NATIVE (formato PC).
Массив prelit-цветов или UV обрезан.	The prelit colour or UV array is cut short.	El array de colores prelit o de UV está recortado.
Битые данные — неправильные цвета/UV или краш.	Broken data — wrong colours/UVs or a crash.	Datos rotos — colores/UV incorrectos o cierre.
numMaterials — мусор.	numMaterials is garbage.	numMaterials es basura.
Битый файл.	A broken file.	Archivo roto.
STRUCT материала длиннее 28 байт.	A material STRUCT longer than 28 bytes.	Un STRUCT de material de más de 28 bytes.
Переполняет буфер на стеке — краш.	Overflows a buffer on the stack — a crash.	Desborda un búfer en la pila — cierre.
Материал ссылается на слот, который ещё не прочитан.	A material refers to a slot that has not been read yet.	Un material hace referencia a un slot que aún no se ha leído.
Инкремент счётчика по мусору — порча памяти.	A counter increment through garbage — memory corruption.	Incremento de un contador a través de basura — corrupción de memoria.
STRUCT текстуры длиннее 0x110 байт.	A texture STRUCT longer than 0x110 bytes.	Un STRUCT de textura de más de 0x110 bytes.
Переполнение стека при чтении текстуры — краш.	A stack overflow while reading the texture — a crash.	Desbordamiento de pila al leer la textura — cierre.
Имя текстуры длиннее 128 байт.	A texture name longer than 128 bytes.	Un nombre de textura de más de 128 bytes.
Переполнение буфера — краш.	A buffer overflow — a crash.	Desbordamiento de búfer — cierre.
Имена текстур короче (в SA ≤ 32).	Shorter texture names (in SA ≤ 32).	Nombres de textura más cortos (en SA ≤ 32).
Материал ссылается на текстуру, которой нет ни в TXD модели, ни в родительских.	A material refers to a texture that is neither in the model's TXD nor in the parent ones.	Un material hace referencia a una textura que no está ni en el TXD del modelo ni en los padres.
Материал отрисуется без текстуры: белый/серый или залитый цветом материала.	The material renders without a texture: white/grey or filled with the material colour.	El material se dibuja sin textura: blanco/gris o relleno con el color del material.
Добавить текстуру в TXD модели (или в родительский txdp) либо исправить имя в материале.	Add the texture to the model's TXD (or to the parent txdp) or fix the name in the material.	Añadir la textura al TXD del modelo (o al txdp padre) o corregir el nombre en el material.
Нет BinMesh, а matId треугольника ≥ числа материалов.	No BinMesh, and a triangle's matId ≥ the number of materials.	No hay BinMesh y el matId de un triángulo es ≥ el número de materiales.
Разыменование мусора при разблокировке геометрии — краш.	Garbage is dereferenced when the geometry is unlocked — a crash.	Se desreferencia basura al desbloquear la geometría — cierre.
BinMesh ссылается на несуществующий материал.	BinMesh refers to a material that does not exist.	BinMesh hace referencia a un material que no existe.
Отрисовка мусорным материалом или краш.	Rendered with a garbage material, or a crash.	Se dibuja con un material basura, o cierre.
BinMesh с мусорным числом индексов.	BinMesh with a garbage index count.	BinMesh con un número de índices basura.
Индекс в BinMesh больше числа вершин.	An index in BinMesh greater than the vertex count.	Un índice de BinMesh mayor que el número de vértices.
Треугольники из мусора; при большом выходе — краш инстансинга.	Triangles out of garbage; with a large overrun — an instancing crash.	Triángulos de basura; con un desbordamiento grande — cierre en el instanciado.
Флаг TRISTRIP у геометрии не совпадает с флагом BinMesh.	The geometry's TRISTRIP flag does not match the BinMesh flag.	El flag TRISTRIP de la geometría no coincide con el del BinMesh.
При наличии BinMesh рисуется по его флагу — обычно безвредно, но экспортёр непоследователен.	With a BinMesh present it is drawn by the BinMesh flag — usually harmless, but the exporter is inconsistent.	Con BinMesh presente se dibuja según su flag — normalmente inofensivo, pero el exportador es inconsistente.
Переэкспортировать одним режимом (списки треугольников).	Re-export in one mode (triangle lists).	Reexportar en un solo modo (listas de triángulos).
Радиус ограничивающей сферы ≤ 0.	The bounding sphere radius is ≤ 0.	El radio de la esfera envolvente es ≤ 0.
Считается «всегда в кадре»: лишняя отрисовка и ошибки клиппинга.	Counts as «always in view»: extra rendering and clipping errors.	Se considera «siempre en pantalla»: dibujado de más y errores de recorte.
Пересчитать сферу (переэкспортировать).	Recompute the sphere (re-export).	Recalcular la esfera (reexportar).
Геометрия без вершин/треугольников.	A geometry without vertices/triangles.	Una geometría sin vértices/triángulos.
Пустая — ничего не рисует, но занимает место.	Empty — draws nothing but takes up space.	Vacía — no dibuja nada pero ocupa espacio.
Удалить пустой меш.	Delete the empty mesh.	Borrar la malla vacía.
В objs/tobj-модели несколько обычных атомиков.	Several ordinary atomics in an objs/tobj model.	Varios atomics normales en un modelo objs/tobj.
Модель хранит один атомик — отрисуется только ПЕРВЫЙ в файле, остальные пропадут.	The model keeps one atomic — only the FIRST one in the file is drawn, the rest disappear.	El modelo guarda un solo atomic — solo se dibuja el PRIMERO del archivo, el resto desaparece.
Объединить меши в один объект (или оставить ровно один + _dam).	Merge the meshes into one object (or keep exactly one + _dam).	Unir las mallas en un solo objeto (o dejar exactamente uno + _dam).
Атомик с суффиксом _dam, а у модели в IDE нет флага 0x1000.	An atomic with the _dam suffix while the model has no 0x1000 flag in the IDE.	Un atomic con sufijo _dam mientras el modelo no tiene el flag 0x1000 en el IDE.
Повреждённый атомик ставится по NULL — краш.	The damaged atomic is stored through NULL — a crash.	El atomic dañado se guarda a través de NULL — cierre.
Добавить флаг 0x1000 в IDE или убрать _dam.	Add the 0x1000 flag in the IDE or remove _dam.	Añadir el flag 0x1000 en el IDE o quitar _dam.
У атомика objs-модели фрейм с трансформацией.	An atomic of an objs model has a frame with a transform.	Un atomic de un modelo objs tiene un frame con transformación.
objs-модель получает новую единичную матрицу — смещение/поворот фрейма будут отброшены, меш встанет не туда.	An objs model gets a fresh identity matrix — the frame's offset/rotation is discarded, the mesh lands in the wrong place.	El modelo objs recibe una matriz identidad nueva — el desplazamiento/giro del frame se descarta, la malla queda en otro sitio.
Применить трансформацию к мешу перед экспортом (аддон делает это сам).	Apply the transform to the mesh before exporting (the addon does it by itself).	Aplicar la transformación a la malla antes de exportar (el addon lo hace solo).
Имя фрейма длиннее 23 символов.	A frame name longer than 23 characters.	Un nombre de frame de más de 23 caracteres.
Читается в 24-байтовый буфер без границы — порча памяти/краш при загрузке.	Read into a 24-byte buffer without a bound — memory corruption/a crash while loading.	Se lee en un búfer de 24 bytes sin límite — corrupción de memoria/cierre al cargar.
Укоротить имя фрейма (кнопка «Исправить» делает это автоматически).	Shorten the frame name (the «Fix» button does it automatically).	Acortar el nombre del frame (el botón «Corregir» lo hace automáticamente).
2dfx sun glare с неверным dataSize.	A 2dfx sun glare with a wrong dataSize.	Un 2dfx sun glare con dataSize incorrecto.
Движок не читает и не пропускает данные — рассинхрон, модель не загрузится.	The engine neither reads nor skips the data — out of sync, the model will not load.	El motor ni lee ni salta los datos — desincronización, el modelo no se cargará.
Переэкспортировать 2dfx.	Re-export the 2dfx.	Reexportar los 2dfx.
Счётчик 2dfx — мусор.	The 2dfx counter is garbage.	El contador de 2dfx es basura.
Больше 255 2dfx-эффектов на модели.	More than 255 2dfx effects on a model.	Más de 255 efectos 2dfx en un modelo.
Счётчик байтовый — эффекты перепутаются.	The counter is a byte — the effects get mixed up.	El contador es un byte — los efectos se mezclan.
Не больше 255 эффектов.	No more than 255 effects.	No más de 255 efectos.
Корона 2dfx-света ссылается на текстуру, которой нет в particle.txd.	A 2dfx light corona refers to a texture that is not in particle.txd.	Una corona de luz 2dfx hace referencia a una textura que no está en particle.txd.
Корона не рисуется.	The corona is not drawn.	La corona no se dibuja.
Использовать имя короны из particle.txd (coronastar, coronamoon…).	Use a corona name from particle.txd (coronastar, coronamoon…).	Usar un nombre de corona de particle.txd (coronastar, coronamoon…).
coronaShowMode больше 13.	coronaShowMode greater than 13.	coronaShowMode mayor que 13.
Свет никогда не включится.	The light never switches on.	La luz nunca se enciende.
Режим 0..13.	Mode 0..13.	Modo 0..13.
2dfx-частица с пустым именем системы.	A 2dfx particle with an empty system name.	Una partícula 2dfx con nombre de sistema vacío.
Эффект не создастся.	The effect is not created.	El efecto no se crea.
Указать имя системы из effects.fxp.	Give a system name from effects.fxp.	Indicar un nombre de sistema de effects.fxp.
2dfx на нескольких атомиках кламп-модели.	2dfx on several atomics of a clump model.	2dfx en varios atomics de un modelo clump.
Учитываются только эффекты последнего атомика в файле.	Only the effects of the last atomic in the file count.	Solo cuentan los efectos del último atomic del archivo.
Собрать все 2dfx на одном атомике.	Gather all 2dfx on one atomic.	Reunir todos los 2dfx en un solo atomic.
2dfx enex размером 0x28 вместо 0x2C.	A 2dfx enex of size 0x28 instead of 0x2C.	Un 2dfx enex de tamaño 0x28 en vez de 0x2C.
flags2 остаётся мусором со стека.	flags2 stays garbage from the stack.	flags2 queda como basura de la pila.
Переэкспортировать (размер 0x2C).	Re-export (size 0x2C).	Reexportar (tamaño 0x2C).
Кламп-модель (anim/hier) без атомиков.	A clump model (anim/hier) without atomics.	Un modelo clump (anim/hier) sin atomics.
GetFirstAtomic вернёт NULL — краш при первом размещении.	GetFirstAtomic returns NULL — a crash at the first placement.	GetFirstAtomic devuelve NULL — cierre en la primera colocación.
Добавить меш или сменить тип модели.	Add a mesh or change the model type.	Añadir una malla o cambiar el tipo de modelo.
Атомик без флага rpATOMICRENDER.	An atomic without the rpATOMICRENDER flag.	Un atomic sin el flag rpATOMICRENDER.
Пропускается при отрисовке — невидим.	Skipped while rendering — invisible.	Se salta al dibujar — invisible.
Включить флаг рендера (переэкспортировать).	Enable the render flag (re-export).	Activar el flag de render (reexportar).
Есть ночные цвета, но нет флага PRELIT / дневных цветов.	Night colours are present, but no PRELIT flag / day colours.	Hay colores nocturnos pero no hay flag PRELIT / colores diurnos.
Пайплайн день/ночь не подключится — модель без вершинных цветов.	The day/night pipeline does not attach — a model without vertex colours.	El pipeline día/noche no se conecta — modelo sin colores de vértice.
Экспортировать с дневными цветами (prelight).	Export with day colours (prelight).	Exportar con colores diurnos (prelight).
Prelit без ночных цветов.	Prelit without night colours.	Prelit sin colores nocturnos.
Статичный вершинный цвет — не реагирует на смену дня и ночи. Норма для интерьеров.	A static vertex colour — does not react to day and night. Normal for interiors.	Color de vértice estático — no reacciona al día y la noche. Normal en interiores.
Для уличных объектов добавить ночные цвета.	Add night colours for outdoor objects.	Para objetos exteriores añadir colores nocturnos.
Блок ночных цветов не того размера.	The night colour block has the wrong size.	El bloque de colores nocturnos no tiene el tamaño correcto.
Поток рассинхронизируется — модель не загрузится.	The stream goes out of sync — the model will not load.	El flujo se desincroniza — el modelo no se cargará.
Материалы чёрные (0,0,0) при флаге MODULATEMATERIALCOLOR.	Black materials (0,0,0) with the MODULATEMATERIALCOLOR flag.	Materiales negros (0,0,0) con el flag MODULATEMATERIALCOLOR.
Цвет вершин умножается на 0 — модель чёрная.	The vertex colour is multiplied by 0 — a black model.	El color de vértice se multiplica por 0 — modelo negro.
Поставить цвет материала белым (255,255,255).	Set the material colour to white (255,255,255).	Poner el color del material en blanco (255,255,255).
UV-анимация с неизвестным типом интерполятора.	A UV animation with an unknown interpolator type.	Una animación UV con tipo de interpolador desconocido.
Словарь анимаций не прочитается — анимация не работает / модель не грузится.	The animation dictionary cannot be read — the animation does not work / the model does not load.	El diccionario de animaciones no se puede leer — la animación no funciona / el modelo no se carga.
Переэкспортировать UV-анимацию (тип 0x1C1).	Re-export the UV animation (type 0x1C1).	Reexportar la animación UV (tipo 0x1C1).
Материал ссылается на UV-анимацию, а словаря в файле нет.	A material refers to a UV animation, but the file has no dictionary.	Un material hace referencia a una animación UV, pero el archivo no tiene diccionario.
Подставится статичная текстура.	A static texture is used instead.	Se usa una textura estática en su lugar.
Экспортировать словарь UV-анимаций вместе с моделью.	Export the UV animation dictionary together with the model.	Exportar el diccionario de animaciones UV junto con el modelo.
UV-анимации в кламп-модели (anim/hier).	UV animations in a clump model (anim/hier).	Animaciones UV en un modelo clump (anim/hier).
Словарь читается только для атомик-моделей — анимация не запустится.	The dictionary is read for atomic models only — the animation will not run.	El diccionario solo se lee para modelos atomic — la animación no arrancará.
Сделать модель обычной (objs) или отказаться от UV-анимации.	Make the model a plain one (objs) or drop the UV animation.	Hacer el modelo normal (objs) o renunciar a la animación UV.
UV-анимация в материалах, но у атомика нет плагина MatFX.	UV animation in the materials, but the atomic has no MatFX plugin.	Animación UV en los materiales, pero el atomic no tiene el plugin MatFX.
Анимация не применяется.	The animation is not applied.	La animación no se aplica.
Включить MatFX при экспорте.	Enable MatFX on export.	Activar MatFX al exportar.
Маска слотов UV-анимации использует биты ≥ 8.	The UV animation slot mask uses bits ≥ 8.	La máscara de slots de la animación UV usa bits ≥ 8.
Имена не читаются, STRUCT рассинхронизируется.	The names are not read, the STRUCT goes out of sync.	Los nombres no se leen, el STRUCT se desincroniza.
Breakable-блок объявляет больше данных, чем есть.	The Breakable block declares more data than there is.	El bloque Breakable declara más datos de los que hay.
Чтение за концом — краш при разрушении объекта.	A read past the end — a crash when the object breaks.	Lectura más allá del final — cierre al romperse el objeto.
Переэкспортировать breakable.	Re-export the breakable.	Reexportar el breakable.
DFF модели нет ни в одном IMG и нет loose-файла.	The model's DFF is in no IMG and there is no loose file.	El DFF del modelo no está en ningún IMG y no hay archivo suelto.
Модель никогда не загрузится; стример будет запрашивать её вечно (лаги).	The model never loads; the streamer keeps requesting it forever (lag).	El modelo nunca se carga; el streamer lo pedirá eternamente (tirones).
Положить DFF в IMG/modloader или убрать модель из IDE и IPL.	Put the DFF into an IMG/modloader or remove the model from the IDE and IPLs.	Poner el DFF en un IMG/modloader o quitar el modelo del IDE y los IPL.
DFF лежит в архиве, но ни один IDE его не объявляет.	The DFF sits in an archive, but no IDE declares it.	El DFF está en un archivo, pero ningún IDE lo declara.
Мёртвый груз (или IDE забыли прописать в gta.dat).	Dead weight (or the IDE was not listed in gta.dat).	Peso muerto (o se olvidó listar el IDE en gta.dat).
Удалить из архива или добавить строку IDE.	Delete it from the archive or add an IDE line.	Borrarlo del archivo o añadir una línea IDE.
Кости имеют веса, но не входят в список используемых.	Bones have weights but are not in the list of used bones.	Hay huesos con pesos que no están en la lista de huesos usados.
Их матрица остаётся единичной — часть меша не двигается.	Their matrix stays identity — part of the mesh does not move.	Su matriz se queda en identidad — parte de la malla no se mueve.
Переэкспортировать скин (список используемых костей).	Re-export the skin (the list of used bones).	Reexportar el skin (lista de huesos usados).
Ped-DFF: ни на одном фрейме нет таблицы узлов HAnim.	Ped DFF: no HAnim node table on any frame.	DFF de ped: ningún frame tiene tabla de nodos HAnim.
Движок берёт иерархию костей по нулевому указателю — краш при первом спавне педа.	The engine takes the bone hierarchy through a null pointer — crash at the first ped spawn.	El motor toma la jerarquía de huesos por un puntero nulo — cierre al primer spawn del ped.
Переэкспортировать педа со скелетом (HAnim на первом фрейме кости).	Re-export the ped with its skeleton (HAnim on the first bone frame).	Reexportar el ped con su esqueleto (HAnim en el primer frame de hueso).
Ped-DFF: нет атомиков или последний атомик без скина (SA/VC); в III — нет фреймов конечностей.	Ped DFF: no atomics or the last atomic has no skin (SA/VC); in III — limb frames are missing.	DFF de ped: sin atomics o el último atomic no tiene skin (SA/VC); en III — faltan los frames de las extremidades.
SA/VC: CPedModelInfo::SetClump ждёт скин на атомике — иерархия не назначится, краш при спавне. III: педы без скина, конечности ищутся по именам фреймов (Shead, Smid, SLhand …); без них m_pFrames пусты — краш при прицеливании/оружии.	SA/VC: CPedModelInfo::SetClump expects a skin on the atomic — the hierarchy is not assigned, crash on spawn. III: peds have no skin, limbs are found by frame name (Shead, Smid, SLhand …); without them m_pFrames stay empty — crash when aiming/using weapons.	SA/VC: CPedModelInfo::SetClump espera un skin en el atomic — la jerarquía no se asigna, cierre al aparecer. III: los peds no tienen skin, las extremidades se buscan por nombre de frame (Shead, Smid, SLhand …); sin ellas m_pFrames quedan vacíos — cierre al apuntar/usar armas.
SA/VC: один скинованный атомик в клампе. III: иерархия фреймов с именами Smid Shead Supperarml Supperarmr SLhand SRhand Supperlegl Supperlegr Sfootl Sfootr Slowerlegr.	SA/VC: one skinned atomic in the clump. III: a frame hierarchy named Smid Shead Supperarml Supperarmr SLhand SRhand Supperlegl Supperlegr Sfootl Sfootr Slowerlegr.	SA/VC: un atomic con skin en el clump. III: jerarquía de frames con los nombres Smid Shead Supperarml Supperarmr SLhand SRhand Supperlegl Supperlegr Sfootl Sfootr Slowerlegr.
HAnim с флагом 0x2 (без матриц).	HAnim with flag 0x2 (no matrices).	HAnim con la bandera 0x2 (sin matrices).
Матрицы костей не выделяются — краш при загрузке.	Bone matrices are not allocated — crash on load.	Las matrices de huesos no se reservan — cierre al cargar.
Переэкспортировать скелет (в ванили флаг 0).	Re-export the skeleton (vanilla uses flag 0).	Reexportar el esqueleto (en vanilla la bandera es 0).
HAnim: размер ключа меньше 28 байт.	HAnim: key size below 28 bytes.	HAnim: tamaño de clave menor de 28 bytes.
Ключи анимации пишутся в буфер меньшего размера — переполнение кучи при каждом спавне.	Animation keys are written into a smaller buffer — heap overflow at every spawn.	Las claves de animación se escriben en un búfer menor — desbordamiento del heap en cada spawn.
keyFrameSize = 36 (стандарт RW).	keyFrameSize = 36 (the RW standard).	keyFrameSize = 36 (el estándar RW).
Skin: больше 64 костей.	Skin: more than 64 bones.	Skin: más de 64 huesos.
Массив матриц на стеке рассчитан на 64 — переполнение стека при спавне.	The matrix array on the stack holds 64 — stack overflow at spawn.	La matriz de matrices en la pila tiene 64 — desbordamiento de pila al aparecer.
Не больше 64 костей.	No more than 64 bones.	No más de 64 huesos.
Skin: число костей не совпадает с числом узлов HAnim.	Skin: the bone count differs from the HAnim node count.	Skin: el número de huesos no coincide con los nodos HAnim.
Палитра матриц и ключи читаются мимо массивов — краш или искажённый пед.	The matrix palette and the keys are read past the arrays — crash or a distorted ped.	La paleta de matrices y las claves se leen fuera de los arrays — cierre o ped deformado.
Скин и скелет из одного экспорта: костей столько же, сколько узлов.	Skin and skeleton from one export: as many bones as nodes.	Skin y esqueleto de una misma exportación: tantos huesos como nodos.
Таблица костей нулевого размера — порча кучи при спавне.	A zero-size bone table — heap corruption at spawn.	Tabla de huesos de tamaño cero — corrupción del heap al aparecer.
Переэкспортировать скин.	Re-export the skin.	Reexportar el skin.
Skin: вершины без единого веса.	Skin: vertices without a single weight.	Skin: vértices sin ningún peso.
Нормализация делит на 0 — NaN, вершины улетают в никуда.	Normalisation divides by 0 — NaN, the vertices fly away.	La normalización divide por 0 — NaN, los vértices se van a la nada.
Каждой вершине хотя бы один вес > 0.	Every vertex needs at least one weight > 0.	Cada vértice necesita al menos un peso > 0.
Skin: веса вершин не в норме (сумма ≠ 1, отрицательные, NaN).	Skin: vertex weights are off (sum ≠ 1, negative, NaN).	Skin: pesos de vértices fuera de norma (suma ≠ 1, negativos, NaN).
Вершина смещается неверно — рваный/растянутый меш при анимации.	The vertex moves wrongly — a torn / stretched mesh in animation.	El vértice se desplaza mal — malla rasgada / estirada al animar.
Нормализовать веса в редакторе (сумма = 1, 0..1).	Normalise the weights in the editor (sum = 1, 0..1).	Normalizar los pesos en el editor (suma = 1, 0..1).
Skin: индекс кости ≥ numBones.	Skin: bone index ≥ numBones.	Skin: índice de hueso ≥ numBones.
Такие вершины прилипают к кости 0 (тазу).	Such vertices stick to bone 0 (the pelvis).	Esos vértices se pegan al hueso 0 (la pelvis).
Исправить индексы или переэкспортировать.	Fix the indices or re-export.	Corregir los índices o reexportar.
Skin: maxWeights вне 1..4 или пустой список используемых костей.	Skin: maxWeights outside 1..4, or an empty list of used bones.	Skin: maxWeights fuera de 1..4, o lista de huesos usados vacía.
Палитра матриц не загрузится — пед без анимации или краш.	The matrix palette does not load — a ped without animation, or a crash.	La paleta de matrices no se carga — ped sin animación o cierre.
maxWeights 1..4; список используемых костей не пустой.	maxWeights 1..4; the used-bone list not empty.	maxWeights 1..4; la lista de huesos usados no vacía.
HAnim: число узлов мусорное (> 256) или таблица обрезана.	HAnim: garbage node count (> 256) or a truncated table.	HAnim: número de nodos basura (> 256) o tabla truncada.
Переполнение буфера матриц / чтение за концом чанка.	Matrix buffer overflow / reading past the chunk end.	Desbordamiento del búfer de matrices / lectura más allá del chunk.
Переэкспортировать скелет; в ванили ≤ 32 костей.	Re-export the skeleton; vanilla has ≤ 32 bones.	Reexportar el esqueleto; en vanilla ≤ 32 huesos.
HAnim: таблица узлов лежит на корневом фрейме.	HAnim: the node table sits on the root frame.	HAnim: la tabla de nodos está en el frame raíz.
Пед отрисуется в начале координат — не там, где стоит.	The ped renders at the origin — not where it stands.	El ped se dibuja en el origen — no donde está.
Таблицу узлов несёт первая кость (Root), а не корневой фрейм клампа.	The first bone (Root) carries the node table, not the clump's root frame.	El primer hueso (Root) lleva la tabla de nodos, no el frame raíz del clump.
HAnim: переполнение или опустошение стека push/pop.	HAnim: push/pop stack overflow or underflow.	HAnim: desbordamiento o vaciado de la pila push/pop.
Стек костей на 32 записи — затирается адрес возврата или берётся мусорная родительская матрица.	The bone stack holds 32 entries — the return address gets overwritten, or a garbage parent matrix is used.	La pila de huesos tiene 32 entradas — se sobrescribe la dirección de retorno o se usa una matriz padre basura.
Флаги push/pop узлов должны быть сбалансированы (глубина ≤ 31).	The nodes' push/pop flags must balance (depth ≤ 31).	Las banderas push/pop de los nodos deben estar equilibradas (profundidad ≤ 31).
HAnim: id кости повторяется.	HAnim: a bone id repeats.	HAnim: un id de hueso se repite.
Коллизия и анимация крутят разные копии кости — рассинхрон.	Collision and animation drive different copies of the bone — out of sync.	La colisión y la animación mueven copias distintas del hueso — desincronización.
Уникальные id костей (стандартные id SA).	Unique bone ids (the standard SA ids).	Ids de hueso únicos (los ids estándar de SA).
HAnim: порядок узлов не совпадает с порядком матриц скина.	HAnim: node order differs from the skin's matrix order.	HAnim: el orden de los nodos no coincide con el de las matrices del skin.
Кость получает чужую матрицу — искажённый пед.	A bone gets someone else's matrix — a distorted ped.	Un hueso recibe la matriz de otro — ped deformado.
Узлы в порядке индексов 0..N−1.	Nodes in index order 0..N−1.	Nodos en orden de índice 0..N−1.
HAnim: нет костей с обязательными id.	HAnim: bones with mandatory ids are missing.	HAnim: faltan huesos con ids obligatorios.
Движок обращается к ним на каждом педе (хит-сферы, тени, m_pFrames) и пишет мимо массива матриц; условные (пальцы, лицо) — только при соответствующем действии.	The engine touches them on every ped (hit spheres, shadows, m_pFrames) and writes past the matrix array; the conditional ones (fingers, face) only on the matching action.	El motor los usa en cada ped (esferas de impacto, sombras, m_pFrames) y escribe fuera del array de matrices; los condicionales (dedos, cara) sólo en la acción correspondiente.
Полный стандартный скелет своей игры: SA — Pelvis, Spine, Neck, Head, руки, ноги …; VC — теги 3,4,5, 21–24, 31–34, 41–43, 51–53.	The full standard skeleton of the game: SA — Pelvis, Spine, Neck, Head, arms, legs …; VC — tags 3,4,5, 21–24, 31–34, 41–43, 51–53.	El esqueleto estándar completo del juego: SA — Pelvis, Spine, Neck, Head, brazos, piernas …; VC — etiquetas 3,4,5, 21–24, 31–34, 41–43, 51–53.
HAnim: версия не 0x100.	HAnim: version is not 0x100.	HAnim: la versión no es 0x100.
RpClumpStreamRead вернёт NULL — модель не загрузится.	RpClumpStreamRead returns NULL — the model will not load.	RpClumpStreamRead devuelve NULL — el modelo no se cargará.
Переэкспортировать (версия HAnim 0x100).	Re-export (HAnim version 0x100).	Reexportar (versión HAnim 0x100).
Skin: матрица кости содержит NaN/inf или вырождена.	Skin: a bone matrix holds NaN/inf or is degenerate.	Skin: una matriz de hueso contiene NaN/inf o es degenerada.
Мусорные смещения костей — пед рвётся или исчезает.	Garbage bone offsets — the ped tears or vanishes.	Desplazamientos de hueso basura — el ped se rasga o desaparece.
Переэкспортировать скин (inverse bind matrices).	Re-export the skin (inverse bind matrices).	Reexportar el skin (inverse bind matrices).
HAnim: таблица узлов на нескольких фреймах.	HAnim: node tables on several frames.	HAnim: tablas de nodos en varios frames.
Используется первая, остальные утекут (память).	The first one is used, the rest leak (memory).	Se usa la primera, el resto se fuga (memoria).
Одна таблица узлов на первой кости.	One node table, on the first bone.	Una tabla de nodos, en el primer hueso.
Чанк Skin короче, чем требуют его счётчики.	The Skin chunk is shorter than its counters require.	El chunk Skin es más corto de lo que exigen sus contadores.
В файле нет чанка TEXDICTIONARY.	The file has no TEXDICTIONARY chunk.	El archivo no tiene chunk TEXDICTIONARY.
Это не TXD или мусор — не загрузится.	This is not a TXD, or garbage — it will not load.	Esto no es un TXD, o es basura — no se cargará.
Переэкспортировать TXD.	Re-export the TXD.	Reexportar el TXD.
Нет STRUCT после TEXDICTIONARY.	No STRUCT after TEXDICTIONARY.	No hay STRUCT después de TEXDICTIONARY.
STRUCT текстуры короче заголовка.	A texture STRUCT shorter than the header.	Un STRUCT de textura más corto que la cabecera.
TXD без единой текстуры.	A TXD without a single texture.	Un TXD sin ninguna textura.
Занимает слот, пользы нет.	Takes a slot, no use.	Ocupa un slot, sin utilidad.
Удалить или наполнить.	Delete or fill it.	Borrarlo o llenarlo.
platformId не тот, что ждёт игра (SA — 9/D3D9, III/VC — 8/D3D8; PS2/Xbox не читаются на PC).	platformId is not what the game expects (SA — 9/D3D9, III/VC — 8/D3D8; PS2/Xbox cannot be read on PC).	platformId no es el que espera el juego (SA — 9/D3D9, III/VC — 8/D3D8; PS2/Xbox no se leen en PC).
Родной читатель проверяет id первым — текстура не загрузится (LOAD-FAIL).	The native reader checks the id first — the texture will not load (LOAD-FAIL).	El lector nativo comprueba el id primero — la textura no se cargará (LOAD-FAIL).
Пересохранить TXD для своей игры (SA — D3D9, III/VC — D3D8).	Re-save the TXD for its game (SA — D3D9, III/VC — D3D8).	Volver a guardar el TXD para su juego (SA — D3D9, III/VC — D3D8).
rasterType не 4.	rasterType is not 4.	rasterType distinto de 4.
Растр не заблокируется — краш при загрузке.	The raster cannot be locked — a crash while loading.	El raster no se puede bloquear — cierre al cargar.
Пересохранить как обычную текстуру (rasterType 4).	Re-save as a normal texture (rasterType 4).	Reguardar como textura normal (rasterType 4).
Палитровая текстура (PAL4/PAL8) в SA.	Palettised texture (PAL4/PAL8) in SA.	Textura con paleta (PAL4/PAL8) en SA.
PAL4 не загрузится; PAL8 не поддерживается современными видеокартами. В III/VC (D3D8) палитры конвертируются при загрузке и правило не применяется.	PAL4 will not load; PAL8 is not supported by modern GPUs. In III/VC (D3D8) palettes are converted on load and the rule does not apply.	PAL4 no se cargará; PAL8 no es compatible con las GPU modernas. En III/VC (D3D8) las paletas se convierten al cargar y la regla no se aplica.
Пересохранить в DXT1/DXT5 или 32-бит.	Re-save as DXT1/DXT5 or 32-bit.	Reguardar en DXT1/DXT5 o 32 bits.
Материал ссылается на текстуру, которой нет в TXD, но ни один полигон этот материал не использует.	A material refers to a texture missing from the TXD, but no polygon uses that material.	Un material hace referencia a una textura que no está en el TXD, pero ningún polígono usa ese material.
Ничего: текстура запрашивается при загрузке и не находится, а рисовать ею нечего.	Nothing: the texture is requested at load and not found, and there is nothing to draw with it.	Nada: la textura se pide al cargar y no se encuentra, y no hay nada que dibujar con ella.
Можно оставить; при переэкспорте лишний материал уйдёт сам.	Can stay as is; a re-export drops the extra material by itself.	Puede quedarse así; al reexportar el material sobrante desaparece solo.
DXT3/DXT5 без флага alpha.	DXT3/DXT5 without the alpha flag.	DXT3/DXT5 sin la bandera alpha.
Движок рисует её непрозрачной; если прозрачности и нет — формат лишний, DXT1 вдвое меньше.	The engine draws it opaque; if there is no transparency anyway, the format is wasted — DXT1 is half the size.	El motor la dibuja opaca; si de todos modos no hay transparencia, el formato sobra — DXT1 es la mitad.
«Исправить»: без прозрачности → DXT1, с прозрачностью → ставится флаг.	«Fix»: no transparency → DXT1, with transparency → the flag is set.	«Corregir»: sin transparencia → DXT1, con transparencia → se pone la bandera.
Размер текстуры не степень двойки.	The texture size is not a power of two.	El tamaño de la textura no es potencia de dos.
На картах с POW2-ограничением не загрузится; на остальных — лишняя память.	On cards with the POW2 restriction it will not load; on the rest — extra memory.	En tarjetas con restricción POW2 no se cargará; en las demás, memoria de más.
Размеры 2^n (256, 512, 1024…).	Sizes 2^n (256, 512, 1024…).	Tamaños 2^n (256, 512, 1024…).
Флаг AUTOMIPMAP.	The AUTOMIPMAP flag.	El flag AUTOMIPMAP.
Читается один уровень, остальные байты ломают поток.	One level is read, the remaining bytes break the stream.	Se lee un solo nivel, los bytes restantes rompen el flujo.
Сохранить с явными мипами или без них.	Save with explicit mips or without them.	Guardar con mips explícitos o sin ellos.
Cube-map текстура.	A cube-map texture.	Una textura cube-map.
Ваниль не использует; несжатый cube-map не загрузится.	Vanilla does not use them; an uncompressed cube map will not load.	El juego original no las usa; un cube-map sin comprimir no se cargará.
Обычная 2D-текстура.	A plain 2D texture.	Textura 2D normal.
Режим фильтрации вне 1..6.	A filter mode outside 1..6.	Modo de filtrado fuera de 1..6.
Индекс в таблицу без проверки — мусорное состояние сэмплера.	An unchecked index into a table — a garbage sampler state.	Índice en una tabla sin comprobación — estado de sampler basura.
Фильтр 1..6 (обычно 2 или 6).	Filter 1..6 (usually 2 or 6).	Filtro 1..6 (normalmente 2 o 6).
У текстуры задана маска.	The texture has a mask set.	La textura tiene máscara.
На D3D9 не используется.	Not used on D3D9.	En D3D9 no se usa.
Безвредно.	Harmless.	Inofensivo.
Имя TXD длиннее 20 символов.	A TXD name longer than 20 characters.	Un nombre de TXD de más de 20 caracteres.
Каталог IMG молча пропустит запись — TXD не найдётся.	The IMG directory silently skips the entry — the TXD will not be found.	El directorio IMG se salta la entrada en silencio — el TXD no se encontrará.
Имя ≤ 20 символов.	Name ≤ 20 characters.	Nombre ≤ 20 caracteres.
Родитель TXD (txdp) переопределён.	The TXD parent (txdp) is redefined.	El padre del TXD (txdp) se redefine.
Действует последний txdp; первый забыт.	The last txdp wins; the first is forgotten.	Vale el último txdp; el primero se olvida.
Оставить одно объявление txdp.	Keep one txdp declaration.	Dejar una sola declaración txdp.
III: в models лежит txd.img — кэш текстур, который игра собирает под видеокарту.	III: models holds txd.img — a texture cache the game builds for the video card.	III: en models hay un txd.img — una caché de texturas que el juego construye para la tarjeta gráfica.
Пока кэш есть, все TXD берутся из него: правки текстур в gta3.img не видны (а если кэш старше архива — точно устарел).	While the cache exists every TXD comes from it: texture edits in gta3.img are invisible (and a cache older than the archive is certainly stale).	Mientras exista la caché, todos los TXD salen de ella: los cambios de texturas en gta3.img no se ven (y una caché más antigua que el archivo está seguro desactualizada).
После правки TXD удалить models/txd.img и txd.dir — игра пересоберёт их при запуске.	After editing TXDs delete models/txd.img and txd.dir — the game rebuilds them at start-up.	Tras editar TXD, borrar models/txd.img y txd.dir — el juego los reconstruye al iniciar.
Слишком много различных TXD.	Too many different TXDs.	Demasiados TXD distintos.
Пул на 5000 слотов — при переполнении запись по NULL, краш.	The pool holds 5000 slots — on overflow a write through NULL, a crash.	El pool es de 5000 slots — al desbordarse, escritura por NULL, cierre.
Объединять текстуры в общие TXD или limit adjuster.	Merge textures into shared TXDs, or a limit adjuster.	Unir texturas en TXD compartidos, o un limit adjuster.
TXD не используется ни одной IDE-моделью.	The TXD is used by no IDE model.	Ningún modelo del IDE usa este TXD.
Занимает слот пула (5000).	Takes a pool slot (5000).	Ocupa un slot del pool (5000).
Удалить или прописать модели.	Delete it or assign models to it.	Borrarlo o asignarle modelos.
Слишком много COL-записей.	Too many COL entries.	Demasiadas entradas COL.
Пул CColModel на 10150 — переполнение = краш при старте.	The CColModel pool holds 10150 — an overflow = a crash at startup.	El pool CColModel es de 10150 — un desbordamiento = cierre al arrancar.
Убрать лишние коллизии или limit adjuster.	Remove extra collisions, or a limit adjuster.	Quitar colisiones sobrantes, o un limit adjuster.
Больше 255 .col файлов в IMG.	More than 255 .col files in the IMGs.	Más de 255 archivos .col en los IMG.
Пул CColStore на 255 слотов — запись по NULL при старте.	The CColStore pool has 255 slots — a write through NULL at startup.	El pool CColStore tiene 255 slots — escritura por NULL al arrancar.
Объединить .col в меньшее число файлов.	Merge the .col files into fewer.	Unir los .col en menos archivos.
Имя записи COL без NUL в 22 байтах.	A COL entry name without a NUL within 22 bytes.	Un nombre de entrada COL sin NUL en 22 bytes.
Хэш считается по мусору — модель не найдёт коллизию.	The hash is computed over garbage — the model will not find its collision.	El hash se calcula sobre basura — el modelo no encontrará su colisión.
Имя ≤ 21 символа.	Name ≤ 21 characters.	Nombre ≤ 21 caracteres.
Запись в формате COL4.	An entry in the COL4 format.	Una entrada en formato COL4.
Стартовый проход принимает только COLL/COL2/COL3 — коллизия не подключится.	The startup pass accepts only COLL/COL2/COL3 — the collision will not attach.	La pasada de arranque solo acepta COLL/COL2/COL3 — la colisión no se conectará.
Пересохранить как COL3.	Re-save as COL3.	Reguardar como COL3.
COL1: numVertices не помещается в запись.	COL1: numVertices does not fit into the entry.	COL1: numVertices no cabe en la entrada.
Битая запись — краш или нет коллизии.	A broken entry — a crash or no collision.	Entrada rota — cierre o sin colisión.
Размер записи меньше заголовка.	The entry size is smaller than the header.	El tamaño de la entrada es menor que la cabecera.
Отрицательный размер данных — огромный Malloc → NULL → краш.	A negative data size — a huge Malloc → NULL → a crash.	Tamaño de datos negativo — Malloc enorme → NULL → cierre.
Секция с count > 0 при offset 0.	A section with count > 0 at offset 0.	Una sección con count > 0 en offset 0.
Указатель NULL — краш при первом тесте коллизии.	A NULL pointer — a crash at the first collision test.	Puntero NULL — cierre en la primera prueba de colisión.
Секция выходит за пределы записи.	A section runs past the entry.	Una sección se sale de la entrada.
Указатели вне блока — краш.	Pointers outside the block — a crash.	Punteros fuera del bloque — cierre.
COL1: грань ссылается на несуществующую вершину.	COL1: a face refers to a vertex that does not exist.	COL1: una cara hace referencia a un vértice que no existe.
Плоскости из мусора — неверная коллизия или краш.	Planes out of garbage — wrong collision or a crash.	Planos de basura — colisión incorrecta o cierre.
COL1: больше 32767 граней.	COL1: more than 32767 faces.	COL1: más de 32767 caras.
Счётчик int16 — все треугольники игнорируются.	The counter is int16 — all triangles are ignored.	El contador es int16 — todos los triángulos se ignoran.
Упростить коллизию (< 32768 граней).	Simplify the collision (< 32768 faces).	Simplificar la colisión (< 32768 caras).
COL1: numSpheres читается как int16.	COL1: numSpheres is read as int16.	COL1: numSpheres se lee como int16.
Секции сместятся — мусор.	The sections shift — garbage.	Las secciones se desplazan — basura.
COL: координаты вне ±255.99.	COL: coordinates outside ±255.99.	COL: coordenadas fuera de ±255.99.
При загрузке ×128 в int16 — заворачиваются на 512 м, коллизия в другом месте.	Stored ×128 in int16 while loading — they wrap around at 512 m, the collision ends up elsewhere.	Al cargar se guardan ×128 en int16 — dan la vuelta a los 512 m, la colisión queda en otro sitio.
Коллизия объекта в ±255 от его центра (разбить большой объект).	Keep the object's collision within ±255 of its centre (split a big object).	Mantener la colisión del objeto en ±255 de su centro (dividir un objeto grande).
Плоскость грани с |n·v| ≥ 256.	A face plane with |n·v| ≥ 256.	Un plano de cara con |n·v| ≥ 256.
Расстояние плоскости не влезает в int16 — заворачивается.	The plane distance does not fit into int16 — it wraps around.	La distancia del plano no cabe en int16 — da la vuelta.
Уменьшить объект или сдвинуть к центру.	Shrink the object or move it towards the centre.	Reducir el objeto o acercarlo al centro.
Флаг face-групп есть, а места для счётчика групп нет.	The face-group flag is set but there is no room for the group counter.	Está el flag de grupos de caras pero no hay sitio para el contador de grupos.
Битая запись.	A broken entry.	Entrada rota.
Face-группа ссылается за конец массива граней.	A face group refers past the end of the face array.	Un grupo de caras apunta más allá del final del array de caras.
Чтение за массивами — краш.	A read past the arrays — a crash.	Lectura fuera de los arrays — cierre.
id поверхности больше 178.	A surface id greater than 178.	Un id de superficie mayor que 178.
Таблица поверхностей читается за пределами — трение/звук из мусора.	The surface table is read out of bounds — friction/sound from garbage.	La tabla de superficies se lee fuera de rango — fricción/sonido de basura.
Материал 0..178.	Material 0..178.	Material 0..178.
Флаг «есть коллизия» снят, хотя примитивы есть.	The «has collision» flag is off although there are primitives.	El flag «tiene colisión» está apagado aunque hay primitivas.
Все экземпляры без коллизии.	All instances without collision.	Todas las instancias sin colisión.
Включить флаг (переэкспортировать).	Turn the flag on (re-export).	Activar el flag (reexportar).
Флаг «есть коллизия» у пустой записи.	The «has collision» flag on an empty entry.	El flag «tiene colisión» en una entrada vacía.
Данных нет — объект без коллизии.	There is no data — an object without collision.	No hay datos — objeto sin colisión.
Добавить примитивы или снять флаг.	Add primitives or clear the flag.	Añadir primitivas o quitar el flag.
numShadowFaces > 0 при нулевых offset.	numShadowFaces > 0 with zero offsets.	numShadowFaces > 0 con offsets a cero.
Тень отключена, безвредно.	The shadow is disabled, harmless.	La sombra está desactivada, inofensivo.
Ничего.	Nothing.	Nada.
Теневая грань ссылается на несуществующую вершину.	A shadow face refers to a vertex that does not exist.	Una cara de sombra hace referencia a un vértice que no existe.
Чтение за массивом — краш.	A read past the array — a crash.	Lectura fuera del array — cierre.
Ограничивающий бокс не накрывает примитивы.	The bounding box does not cover the primitives.	La caja envolvente no cubre las primitivas.
Объект попадёт не во все секторы мира — местами без коллизии.	The object will not get into every world sector — no collision in places.	El objeto no entra en todos los sectores del mundo — sin colisión en algunas zonas.
Пересчитать бокс (переэкспортировать).	Recompute the box (re-export).	Recalcular la caja (reexportar).
Сфера DFF заметно больше сферы COL.	The DFF sphere is noticeably bigger than the COL sphere.	La esfera del DFF es bastante mayor que la esfera del COL.
Видимая модель отсекается по сфере COL — будет пропадать у краёв экрана.	The visible model is culled by the COL sphere — it will vanish near the screen edges.	El modelo visible se recorta por la esfera del COL — desaparecerá cerca de los bordes de la pantalla.
Сделать сферу COL не меньше сферы модели.	Make the COL sphere no smaller than the model's sphere.	Hacer la esfera del COL no menor que la esfera del modelo.
Имя встречается в .col дважды.	A name appears in the .col twice.	Un nombre aparece dos veces en el .col.
Вторая CColModel течёт/перезаписывает данные.	The second CColModel leaks/overwrites the data.	El segundo CColModel pierde/sobrescribe los datos.
Оставить одну запись.	Keep one entry.	Dejar una sola entrada.
COL для модели типа, который не владеет коллизией (пед/машина).	A COL for a model type that does not own a collision (ped/vehicle).	Un COL para un tipo de modelo que no posee colisión (ped/vehículo).
Запись пропущена — коллизия у таких моделей внутри DFF.	The entry is skipped — such models keep their collision inside the DFF.	La entrada se salta — esos modelos llevan la colisión dentro del DFF.
Убрать запись из .col.	Remove the entry from the .col.	Quitar la entrada del .col.
Подсказка id в COL не совпадает с IDE (в VC — больше стримовых .col, чем слотов).	The id hint in the COL does not match the IDE (in VC — more streamed .col files than slots).	La pista de id del COL no coincide con el IDE (en VC — más .col en streaming que ranuras).
id безвреден — имя главнее. VC: пул CColStore на 31 .col, лишние ломают загрузку коллизий.	The id is harmless — the name wins. VC: the CColStore pool holds 31 .col files, extra ones break collision loading.	El id es inofensivo — manda el nombre. VC: el pool CColStore tiene 31 .col, los sobrantes rompen la carga de colisiones.
Ничего; в VC — объединить .col-архивы.	Nothing; in VC — merge the .col archives.	Nada; en VC — unir los archivos .col.
Расставленная модель без записи COL (или LOD-модель, к которой не привязана ни одна модель).	A placed model without a COL entry (or a LOD model no model is linked to).	Modelo colocado sin entrada COL (o modelo LOD al que no está enlazado ningún modelo).
Краш при загрузке зоны: игра берёт коллизию по нулевому указателю.	Crash on loading the zone: the game takes the collision through a null pointer.	Crash al cargar la zona: el juego toma la colisión por un puntero nulo.
Добавить COL-запись; LOD — привязать к модели (кнопка «Связать все копии с LOD»), тогда COL ему не нужен.	Add a COL entry; for a LOD — link it to its model (the «Link every copy to its LOD» button), then it needs no COL.	Añade una entrada COL; para un LOD — enlázalo a su modelo (botón «Enlazar todas las copias con su LOD»), entonces no necesita COL.
LOD-модель с несколькими детьми и без COL.	A LOD model with several children and no COL.	Un modelo LOD con varios hijos y sin COL.
Коллизию наследует только LOD ровно с одним ребёнком — объект без коллизии.	Only a LOD with exactly one child inherits a collision — the object has none.	Solo un LOD con exactamente un hijo hereda la colisión — el objeto se queda sin ella.
Дать LOD собственную коллизию.	Give the LOD its own collision.	Dar al LOD su propia colisión.
Имя .col с интерьерным префиксом.	A .col name with an interior prefix.	Un nombre .col con prefijo de interior.
Коллизия грузится только когда игрок в интерьере.	The collision loads only while the player is in an interior.	La colisión solo se carga con el jugador dentro de un interior.
Для уличных объектов переименовать файл.	Rename the file for outdoor objects.	Para objetos exteriores renombrar el archivo.
COLFILE-запись больше 32 КБ.	A COLFILE entry bigger than 32 KB.	Una entrada COLFILE mayor de 32 KB.
Статический буфер переполнится — порча памяти при старте.	The static buffer overflows — memory corruption at startup.	El búfer estático se desborda — corrupción de memoria al arrancar.
Разбить коллизию или перенести в IMG.	Split the collision or move it into an IMG.	Dividir la colisión o pasarla a un IMG.
Бокс с min > max.	A box with min > max.	Una caja con min > max.
Никогда не пересечётся — нет коллизии.	It never intersects — no collision.	Nunca intersecta — sin colisión.
object.dat: модель не объявлена в IDE.	object.dat: the model is not declared in the IDE.	object.dat: el modelo no está declarado en el IDE.
Строка игнорируется.	The line is ignored.	La línea se ignora.
Исправить имя или удалить строку.	Fix the name or delete the line.	Corregir el nombre o borrar la línea.
Анимация без ключей.	An animation without keys.	Una animación sin claves.
Чтение кадра −1 — краш.	Reading frame −1 — a crash.	Lectura del fotograma −1 — cierre.
Записать хотя бы один ключ.	Write at least one key.	Escribir al menos una clave.
Анимация без костей.	An animation without bones.	Una animación sin huesos.
new[0] и чтение мимо массива при выгрузке — краш.	new[0] and a read past the array on unload — a crash.	new[0] y lectura fuera del array al descargar — cierre.
Удалить пустую анимацию.	Delete the empty animation.	Borrar la animación vacía.
frameDataSize меньше суммы ключей.	frameDataSize is less than the sum of the keys.	frameDataSize es menor que la suma de las claves.
Запись за выделенный блок — порча кучи.	A write past the allocated block — heap corruption.	Escritura fuera del bloque reservado — corrupción del heap.
frameType вне 1..4.	frameType outside 1..4.	frameType fuera de 1..4.
Ключи не читаются, поток рассинхронизируется.	The keys are not read, the stream goes out of sync.	Las claves no se leen, el flujo se desincroniza.
Смешаны сжатые и несжатые кости.	Compressed and uncompressed bones are mixed.	Huesos comprimidos y sin comprimir mezclados.
Класс берётся по первой — остальные читаются неверно.	The class is taken from the first — the rest are read wrongly.	La clase se toma del primero — el resto se lee mal.
Экспортировать все кости одним форматом.	Export all bones in one format.	Exportar todos los huesos en un solo formato.
Первый ключ не на 0 с.	The first key is not at 0 s.	La primera clave no está en 0 s.
Нулевой кадр не конвертируется, анимация сдвигается.	The zero frame is not converted, the animation shifts.	El fotograma cero no se convierte, la animación se desplaza.
Первый ключ на времени 0.	First key at time 0.	Primera clave en el tiempo 0.
Время ключей убывает.	Key times decrease.	Los tiempos de las claves decrecen.
Для катсцен безвредно; для игровых анимаций кадры проигрываются не по порядку.	Harmless for cutscenes; for gameplay animations the frames play out of order.	Inofensivo en cinemáticas; en animaciones de juego los fotogramas se reproducen desordenados.
Отсортировать ключи по времени.	Sort the keys by time.	Ordenar las claves por tiempo.
Несколько ключей на одном тике.	Several keys on one tick.	Varias claves en el mismo tick.
Схлопнутся в скачок.	They collapse into a jump.	Se colapsan en un salto.
Убрать дубликаты.	Remove the duplicates.	Quitar los duplicados.
Анимация длиннее 546 с.	An animation longer than 546 s.	Una animación de más de 546 s.
Тик int16 переполнится — мусор.	The int16 tick overflows — garbage.	El tick int16 se desborda — basura.
Укоротить.	Shorten it.	Acortarla.
Больше 32767 ключей.	More than 32767 keys.	Más de 32767 claves.
Счётчик int16.	The counter is int16.	El contador es int16.
Упростить анимацию.	Simplify the animation.	Simplificar la animación.
Имя пакета длиннее 15 символов.	A package name longer than 15 characters.	Un nombre de paquete de más de 15 caracteres.
Обрежется — блок не совпадёт с записью IMG.	It is truncated — the block will not match the IMG entry.	Se recorta — el bloque no coincidirá con la entrada IMG.
Имя ≤ 15 символов.	Name ≤ 15 characters.	Nombre ≤ 15 caracteres.
Больше IFP-блоков, чем вмещает таблица (SA 180, VC 35, III 2).	More IFP blocks than the table holds (SA 180, VC 35, III 2).	Más bloques IFP de los que caben en la tabla (SA 180, VC 35, III 2).
Таблица блоков переполняется — краш.	The block table overflows — a crash.	La tabla de bloques se desborda — cierre.
Меньше IFP или limit adjuster.	Fewer IFPs, or a limit adjuster.	Menos IFP, o un limit adjuster.
Слишком много групп в animgrp.dat.	Too many groups in animgrp.dat.	Demasiados grupos en animgrp.dat.
Максимум 27 своих (145 определений всего).	At most 27 of your own (145 definitions in total).	Como máximo 27 propios (145 definiciones en total).
Убрать лишние группы.	Remove the extra groups.	Quitar los grupos sobrantes.
INFO длиннее 260 байт.	INFO longer than 260 bytes.	INFO de más de 260 bytes.
Переполнение стека при загрузке — краш.	A stack overflow while loading — a crash.	Desbordamiento de pila al cargar — cierre.
Кватернион с NaN/inf.	A quaternion with NaN/inf.	Un cuaternión con NaN/inf.
Матрица кости NaN — меш исчезнет.	The bone matrix is NaN — the mesh vanishes.	La matriz del hueso es NaN — la malla desaparece.
Переэкспортировать анимацию (нормализовать повороты).	Re-export the animation (normalise the rotations).	Reexportar la animación (normalizar las rotaciones).
boneId вне int16.	boneId outside int16.	boneId fuera de int16.
Никогда не совпадёт с nodeID — кость не анимируется.	It never matches a nodeID — the bone is not animated.	Nunca coincidirá con un nodeID — el hueso no se anima.
boneId в пределах int16.	boneId within int16.	boneId dentro de int16.
Две анимации с одинаковым именем.	Two animations with the same name.	Dos animaciones con el mismo nombre.
Вторая недостижима.	The second is unreachable.	La segunda es inalcanzable.
Переименовать.	Rename.	Renombrar.
Ключи смещения на не-корневых костях.	Translation keys on non-root bones.	Claves de desplazamiento en huesos que no son raíz.
Смещение заменяет позицию кости — искажение скелета.	The translation replaces the bone position — a distorted skeleton.	El desplazamiento sustituye la posición del hueso — esqueleto deformado.
Смещения только у корня (или намеренно).	Translations on the root only (or on purpose).	Desplazamientos solo en la raíz (o a propósito).
Файл обрывается посреди анимации.	The file ends in the middle of an animation.	El archivo se corta en medio de una animación.
Имя пакета не совпадает с именем файла.	The package name does not match the file name.	El nombre del paquete no coincide con el nombre del archivo.
Игра заведёт второй блок — анимации не найдутся по имени файла.	The game opens a second block — the animations are not found by the file name.	El juego abre un segundo bloque — las animaciones no se encuentran por el nombre del archivo.
Имя пакета = имя файла.	Package name = file name.	Nombre del paquete = nombre del archivo.
Ключи масштаба.	Scale keys.	Claves de escala.
Движок читает и выбрасывает.	The engine reads and discards them.	El motor las lee y las descarta.
Безвредно; можно не экспортировать.	Harmless; can be left out of the export.	Inofensivo; se pueden no exportar.
Всего анимаций больше, чем вмещает таблица (SA 2500, VC 450, III 250).	More animations in total than the table holds (SA 2500, VC 450, III 250).	Más animaciones en total de las que caben en la tabla (SA 2500, VC 450, III 250).
Таблица анимаций переполнится — краш.	The animation table overflows — a crash.	La tabla de animaciones se desborda — cierre.
Меньше анимаций или limit adjuster.	Fewer animations, or a limit adjuster.	Menos animaciones, o un limit adjuster.
Секция не та, что ожидалась.	The section is not the expected one.	La sección no es la esperada.
Движок тег не проверяет и читает тело как есть — мусор.	The engine does not check the tag and reads the body as is — garbage.	El motor no comprueba la etiqueta y lee el cuerpo tal cual — basura.
anim/ped.ifp не найден.	anim/ped.ifp not found.	No se encontró anim/ped.ifp.
Краш при старте.	A crash at startup.	Cierre al arrancar.
Вернуть ped.ifp.	Restore ped.ifp.	Restaurar ped.ifp.
Машина типа car/quad/mtruck/trailer: не найдены все четыре wheel_*_dummy.	A vehicle of type car/quad/mtruck/trailer: not all four wheel_*_dummy were found.	Vehículo de tipo car/quad/mtruck/trailer: no se encontraron los cuatro wheel_*_dummy.
SetFrameIds ищет их по имени; без них колёса не создадутся и игра упадёт при спавне.	SetFrameIds looks them up by name; without them the wheels are not created and the game crashes on spawn.	SetFrameIds los busca por nombre; sin ellos las ruedas no se crean y el juego se cierra al aparecer el vehículo.
Назвать dummy колёс wheel_lf_dummy, wheel_rf_dummy, wheel_lb_dummy, wheel_rb_dummy.	Name the wheel dummies wheel_lf_dummy, wheel_rf_dummy, wheel_lb_dummy, wheel_rb_dummy.	Llamar a los dummies de rueda wheel_lf_dummy, wheel_rf_dummy, wheel_lb_dummy, wheel_rb_dummy.
Мотоцикл/BMX с именами колёс от машины.	A bike/BMX with car wheel names.	Una moto/BMX con nombres de rueda de coche.
Таблица bike ждёт wheel_front / wheel_rear — колёса не найдутся.	The bike table expects wheel_front / wheel_rear — the wheels are not found.	La tabla bike espera wheel_front / wheel_rear — las ruedas no se encuentran.
Переименовать в wheel_front, wheel_rear.	Rename to wheel_front, wheel_rear.	Renombrar a wheel_front, wheel_rear.
Нет chassis_dummy → chassis в иерархии.	No chassis_dummy → chassis in the hierarchy.	No hay chassis_dummy → chassis en la jerarquía.
У ванильных машин chassis_dummy — корень; без него движок не найдёт кузов и dummy.	In vanilla vehicles chassis_dummy is the root; without it the engine finds neither the body nor the dummies.	En los vehículos originales chassis_dummy es la raíz; sin él el motor no encuentra ni la carrocería ni los dummies.
Собрать иерархию как у ванильной модели того же типа.	Build the hierarchy like a vanilla model of the same type.	Montar la jerarquía como en un modelo original del mismo tipo.
Имя фрейма повторяется.	A frame name repeats.	Un nombre de frame se repite.
Hierarchy id ставится только первому; остальные фреймы с этим именем — обычные, деталь не работает.	The hierarchy id goes to the first one only; the other frames with this name are plain, the part does not work.	El id de jerarquía solo se asigna al primero; los demás frames con ese nombre son normales, la pieza no funciona.
Дать каждому фрейму уникальное имя из таблицы.	Give every frame a unique name from the table.	Dar a cada frame un nombre único de la tabla.
Имя фрейма из таблицы с суффиксом Blender (.001 и т.п.).	A frame name from the table with a Blender suffix (.001 etc.).	Un nombre de frame de la tabla con sufijo de Blender (.001, etc.).
Сравнение точное — движок считает фрейм чужим.	The comparison is exact — the engine treats the frame as foreign.	La comparación es exacta — el motor toma el frame como ajeno.
Убрать суффикс (аддон при экспорте делает это сам).	Remove the suffix (the addon does it on export).	Quitar el sufijo (el addon lo hace al exportar).
Не все имена из таблицы деталей найдены.	Not all names from the part table were found.	No se encontraron todos los nombres de la tabla de piezas.
Отсутствующие необязательные детали просто не появятся (двери, бамперы…).	Missing optional parts simply do not appear (doors, bumpers…).	Las piezas opcionales ausentes simplemente no aparecen (puertas, parachoques…).
Добавить нужные dummy/детали по таблице типа.	Add the needed dummies/parts per the type table.	Añadir los dummies/piezas necesarios según la tabla del tipo.
У машины нет коллизии ни в DFF, ни в .col.	The vehicle has no collision either in the DFF or in a .col.	El vehículo no tiene colisión ni en el DFF ni en un .col.
Машина без коллизии — проваливается сквозь мир.	A vehicle without collision — it falls through the world.	Vehículo sin colisión — se cae a través del mundo.
Экспортировать коллизию внутрь DFF (плагин Collision).	Export the collision inside the DFF (the Collision plugin).	Exportar la colisión dentro del DFF (plugin Collision).
Поезд: своя схема колёс.	Train: its own wheel scheme.	Tren: esquema de ruedas propio.
Правила VEH-01/02 к поезду не относятся.	The VEH-01/02 rules do not apply to trains.	Las reglas VEH-01/02 no se aplican a los trenes.
Имена wheel_rf1_dummy…wheel_lb3_dummy, bogie_front/rear.	Names wheel_rf1_dummy…wheel_lb3_dummy, bogie_front/rear.	Nombres wheel_rf1_dummy…wheel_lb3_dummy, bogie_front/rear.
Фрейм из таблицы деталей без атомика.	A frame from the part table without an atomic.	Un frame de la tabla de piezas sin atomic.
PreprocessHierarchy вызывает RpClumpRemoveAtomic по NULL — краш при спавне.	PreprocessHierarchy calls RpClumpRemoveAtomic on NULL — a crash on spawn.	PreprocessHierarchy llama a RpClumpRemoveAtomic con NULL — cierre al aparecer.
Дать фрейму меш или переименовать в dummy.	Give the frame a mesh or rename it to a dummy.	Dar al frame una malla o renombrarlo como dummy.
Dummy-фрейм владеет атомиком.	A dummy frame owns an atomic.	Un frame dummy posee un atomic.
Движок копирует позицию и уничтожает фрейм вместе с мешем — меш пропадёт / краш.	The engine copies the position and destroys the frame together with the mesh — the mesh vanishes / a crash.	El motor copia la posición y destruye el frame junto con la malla — la malla desaparece / cierre.
Dummy — пустышка без геометрии; меш — на отдельном фрейме.	A dummy is an empty without geometry; the mesh goes on a separate frame.	Un dummy es un vacío sin geometría; la malla va en un frame aparte.
У dummy-фрейма есть дочерние фреймы.	A dummy frame has child frames.	Un frame dummy tiene frames hijos.
При уничтожении dummy дети теряют родителя — краш.	When the dummy is destroyed the children lose their parent — a crash.	Al destruir el dummy los hijos pierden al padre — cierre.
Dummy без детей.	A dummy without children.	Dummy sin hijos.
Плагин Collision больше 16 КБ.	The Collision plugin is bigger than 16 KB.	El plugin Collision es mayor de 16 KB.
Читается в буфер 16 КБ — переполнение, порча памяти.	Read into a 16 KB buffer — an overflow, memory corruption.	Se lee en un búfer de 16 KB — desbordamiento, corrupción de memoria.
Упростить коллизию машины.	Simplify the vehicle collision.	Simplificar la colisión del vehículo.
Поле size плагина Collision не совпадает с телом.	The size field of the Collision plugin does not match the body.	El campo size del plugin Collision no coincide con el cuerpo.
Загрузчик коллизии прочитает мусор.	The collision loader reads garbage.	El cargador de colisión leerá basura.
Переэкспортировать коллизию.	Re-export the collision.	Reexportar la colisión.
Имя handling не из встроенных (SA 210, VC 106, III 57) или без строки в handling.cfg.	Handling name not among the built-in ones (SA 210, VC 106, III 57) or without a line in handling.cfg.	Nombre de handling que no está entre los integrados (SA 210, VC 106, III 57) o sin línea en handling.cfg.
GetHandlingId не найдёт — чтение за таблицей handling: машина без физики или краш.	GetHandlingId will not find it — read past the handling table: a car without physics, or a crash.	GetHandlingId no lo encontrará — lectura fuera de la tabla de handling: coche sin física o cierre.
Имя из handling.cfg (верхний регистр, ≤ 13 символов).	A name from handling.cfg (upper case, ≤ 13 characters).	Un nombre de handling.cfg (mayúsculas, ≤ 13 caracteres).
Тип машины не совпадает с типом handling.	The vehicle type does not match the handling type.	El tipo de vehículo no coincide con el tipo de handling.
Bike/boat/flying-данные возьмутся от чужой строки — поведение и краши.	The bike/boat/flying data comes from a foreign line — odd behaviour and crashes.	Los datos bike/boat/flying se toman de una línea ajena — comportamiento raro y cierres.
Handling того же класса, что и тип машины.	A handling of the same class as the vehicle type.	Un handling de la misma clase que el tipo de vehículo.
compRules ссылаются на пустой набор компонентов.	compRules refer to an empty component set.	compRules hace referencia a un conjunto de componentes vacío.
CountCompsInRule = 0 → деление/выбор из пустого — краш.	CountCompsInRule = 0 → a division/choice from nothing — a crash.	CountCompsInRule = 0 → división/elección sobre nada — cierre.
Исправить compRules (или 0 для «без правил»).	Fix compRules (or 0 for «no rules»).	Corregir compRules (o 0 para «sin reglas»).
compRules ссылаются на extra, которых в DFF нет.	compRules refer to extras that are not in the DFF.	compRules hace referencia a extras que no están en el DFF.
m_apExtras[n] = NULL — краш при выборе компонентов.	m_apExtras[n] = NULL — a crash when components are chosen.	m_apExtras[n] = NULL — cierre al elegir componentes.
Столько extra в DFF, сколько требует правило, или правило 0.	As many extras in the DFF as the rule requires, or rule 0.	Tantos extras en el DFF como exige la regla, o regla 0.
Блок анимаций из vehicles.ide не найден в IMG.	The animation block from vehicles.ide is not found in the IMGs.	El bloque de animaciones de vehicles.ide no está en los IMG.
GetAnimationBlockIndex −1 — анимации машины не стримятся.	GetAnimationBlockIndex −1 — the vehicle's animations do not stream.	GetAnimationBlockIndex −1 — las animaciones del vehículo no se cargan en streaming.
Положить .ifp в IMG или указать существующий блок.	Put the .ifp into an IMG or name an existing block.	Poner el .ifp en un IMG o indicar un bloque existente.
Радиус колёсной сферы ≤ 0 — машина проваливается/дёргается.	The wheel sphere radius is ≤ 0 — the vehicle sinks/jitters.	El radio de la esfera de rueda es ≤ 0 — el vehículo se hunde/tiembla.
Положительный масштаб колёс.	A positive wheel scale.	Escala de ruedas positiva.
wheelUpgradeClass не в −1..3.	wheelUpgradeClass not in −1..3.	wheelUpgradeClass fuera de −1..3.
Чтение за таблицей колёс в мод-гараже — краш.	A read past the wheel table in the mod garage — a crash.	Lectura fuera de la tabla de ruedas en el taller de tuning — cierre.
Значение −1..3.	A value in −1..3.	Valor en −1..3.
В vehicle.txd нет текстуры номерного знака.	vehicle.txd has no licence plate texture.	vehicle.txd no tiene la textura de la matrícula.
Инициализация номеров пишет по NULL — краш при старте.	The plate initialisation writes through NULL — a crash at startup.	La inicialización de matrículas escribe por NULL — cierre al arrancar.
Вернуть текстуры plate*/carplate в vehicle.txd.	Restore the plate*/carplate textures in vehicle.txd.	Restaurar las texturas plate*/carplate en vehicle.txd.
Больше 4 remap-TXD для машины.	More than 4 remap TXDs for a vehicle.	Más de 4 TXD remap para un vehículo.
Слоты на 4 — остальные теряются / портят соседние поля.	There are 4 slots — the rest are lost / corrupt the neighbouring fields.	Hay 4 slots — el resto se pierde / corrompe los campos vecinos.
Не больше 4 remap.	No more than 4 remaps.	No más de 4 remaps.
Имя машины после среза цифр совпадает с другой машиной.	The vehicle name with the digits cut off matches another vehicle.	El nombre del vehículo sin los dígitos coincide con otro vehículo.
Remap-TXD зарегистрируется не той машине.	The remap TXD registers with the wrong vehicle.	El TXD remap se registra en el vehículo equivocado.
Переименовать модель.	Rename the model.	Renombrar el modelo.
Нет фреймов, которые есть у всех ванильных моделей этого типа.	Frames that every vanilla model of this type has are missing.	Faltan frames que tienen todos los modelos originales de este tipo.
PreprocessHierarchy оставит dummy-позиции нулевыми — детали/двери/фары не там.	PreprocessHierarchy leaves the dummy positions at zero — parts/doors/lights are in the wrong place.	PreprocessHierarchy deja las posiciones de los dummies a cero — piezas/puertas/faros fuera de sitio.
Добавить обязательные фреймы по таблице типа.	Add the mandatory frames per the type table.	Añadir los frames obligatorios según la tabla del tipo.
data/handling.cfg не найден.	data/handling.cfg not found.	No se encontró data/handling.cfg.
Вернуть handling.cfg.	Restore handling.cfg.	Restaurar handling.cfg.
Пустая строка до «;the end».	An empty line before «;the end».	Una línea vacía antes de «;the end».
strtok по пустой строке — краш при загрузке.	strtok on an empty line — a crash while loading.	strtok sobre una línea vacía — cierre al cargar.
Убрать пустые строки или начать их с «;».	Remove the empty lines or start them with «;».	Quitar las líneas vacías o empezarlas con «;».
Имя handling не из встроенных (SA 210, VC 106, III 57).	Handling name not among the built-in ones (SA 210, VC 106, III 57).	Nombre de handling que no está entre los integrados (SA 210, VC 106, III 57).
Запись уйдёт в чужой массив (в III/VC — в элемент −1 перед таблицей) — порча данных других машин.	The record lands in a foreign array (in III/VC — element −1 before the table) — other cars' data gets corrupted.	El registro cae en un array ajeno (en III/VC — el elemento −1 antes de la tabla) — se corrompen los datos de otros coches.
Только встроенные имена; для новых машин переиспользовать существующие.	Built-in names only; reuse existing ones for new vehicles.	Solo nombres integrados; para vehículos nuevos reutilizar los existentes.
Имя совпало с другим только по префиксу.	The name matched another one by prefix only.	El nombre coincidió con otro solo por el prefijo.
Данные лягут в чужую строку.	The data lands in a foreign line.	Los datos caen en una línea ajena.
Точное имя.	The exact name.	El nombre exacto.
Индекс handling (bike/boat/flying) не из своего диапазона.	A handling index (bike/boat/flying) outside its own range.	Un índice de handling (bike/boat/flying) fuera de su propio rango.
Запись ложится в чужую структуру — порча.	The record lands in a foreign structure — corruption.	El registro cae en una estructura ajena — corrupción.
Индекс по диапазону класса.	An index within the class range.	Índice dentro del rango de la clase.
Число полей в строке не совпадает с форматом.	The number of fields in the line does not match the format.	El número de campos de la línea no coincide con el formato.
Недостающие поля остаются старыми/нулевыми, лишние игнорируются.	The missing fields keep old/zero values, the extra ones are ignored.	Los campos que faltan conservan valores antiguos/cero, los sobrantes se ignoran.
Ровно столько полей, сколько в ванильной строке того же класса.	Exactly as many fields as in a vanilla line of the same class.	Exactamente tantos campos como en una línea original de la misma clase.
1/mass = INF — физика взрывается.	1/mass = INF — the physics blows up.	1/mass = INF — la física explota.
Положительная масса.	A positive mass.	Masa positiva.
frontLights вне 0..3.	frontLights outside 0..3.	frontLights fuera de 0..3.
Мусорный тип фар.	A garbage headlight type.	Tipo de faros basura.
^-строка не из 36 токенов.	A ^ line that is not 36 tokens.	Una línea ^ que no tiene 36 tokens.
Мусорные параметры анимаций/подвески.	Garbage animation/suspension parameters.	Parámetros basura de animaciones/suspensión.
36 полей.	36 fields.	36 campos.
carcols/carmods: имя не является моделью.	carcols/carmods: the name is not a model.	carcols/carmods: el nombre no es un modelo.
GetModelInfo NULL — запись по мусорному адресу.	GetModelInfo NULL — a write to a garbage address.	GetModelInfo NULL — escritura en una dirección basura.
Имя модели из vehicles.ide.	A model name from vehicles.ide.	Un nombre de modelo de vehicles.ide.
Больше 128 цветов в carcols.dat.	More than 128 colours in carcols.dat.	Más de 128 colores en carcols.dat.
Таблица на 128 — дальше затираются пулы, краш.	The table holds 128 — beyond that the pools get overwritten, a crash.	La tabla es de 128 — a partir de ahí se sobrescriben los pools, cierre.
Не больше 128 цветов.	No more than 128 colours.	No más de 128 colores.
Канал цвета вне 0..255.	A colour channel outside 0..255.	Un canal de color fuera de 0..255.
Хранится байтом — другой цвет.	Stored as a byte — a different colour.	Se guarda en un byte — otro color.
Строка цвета разобрана не полностью (например 77.93,96).	A colour line parsed incompletely (e.g. 77.93,96).	Una línea de color analizada a medias (por ejemplo 77.93,96).
Остальные каналы — мусор.	The remaining channels are garbage.	Los demás canales son basura.
Три целых через запятую.	Three integers separated by commas.	Tres enteros separados por comas.
Строка цвета без «#»-комментария.	A colour line without a «#» comment.	Una línea de color sin comentario «#».
Движок сканирует строку за буфер до ближайшего «#».	The engine scans the line past the buffer up to the nearest «#».	El motor recorre la línea más allá del búfer hasta el «#» más cercano.
Добавить в конец «# имя».	Append «# name» at the end.	Añadir al final «# nombre».
carmods: модель не определена ни в одном IDE.	carmods: the model is defined in no IDE.	carmods: el modelo no está definido en ningún IDE.
Вызов с this = NULL — краш.	A call with this = NULL — a crash.	Llamada con this = NULL — cierre.
Имя из vehicles.ide.	A name from vehicles.ide.	Un nombre de vehicles.ide.
link: меньше двух имён.	link: fewer than two names.	link: menos de dos nombres.
Строка бесполезна.	The line is useless.	La línea no sirve.
Два и более имени.	Two or more names.	Dos o más nombres.
Деталь carmods без известного префикса.	A carmods part without a known prefix.	Una pieza de carmods sin prefijo conocido.
Не привяжется ни к одному слоту.	It will not bind to any slot.	No se enlazará con ningún slot.
Префиксы chss_ wheel_ exh_ fbmp_ rbmp_ misc_ bnt_ spl_ wg_ fbb_ …	Prefixes chss_ wheel_ exh_ fbmp_ rbmp_ misc_ bnt_ spl_ wg_ fbb_ …	Prefijos chss_ wheel_ exh_ fbmp_ rbmp_ misc_ bnt_ spl_ wg_ fbb_ …
Строка ≥ 1024 байт.	A line ≥ 1024 bytes.	Una línea ≥ 1024 bytes.
Режется на две записи.	Cut into two records.	Se corta en dos registros.
Имя не модель ни в одном IDE.	The name is not a model in any IDE.	El nombre no es un modelo en ningún IDE.
Молча пропущено.	Silently skipped.	Se salta en silencio.
Исправить имя.	Fix the name.	Corregir el nombre.
Больше 34 групп машин в cargrp.dat.	More than 34 vehicle groups in cargrp.dat.	Más de 34 grupos de vehículos en cargrp.dat.
Счётчик и модели уходят в соседние структуры — педы ломаются.	The counter and the models spill into neighbouring structures — peds break.	El contador y los modelos se salen a estructuras vecinas — los peds se rompen.
Не больше 34 групп.	No more than 34 groups.	No más de 34 grupos.
Больше 23 имён в группе.	More than 23 names in a group.	Más de 23 nombres en un grupo.
Движок читает первые 23.	The engine reads the first 23.	El motor lee los primeros 23.
≤ 23 имён.	≤ 23 names.	≤ 23 nombres.
Строка длиннее 511 символов.	A line longer than 511 characters.	Una línea de más de 511 caracteres.
Разрежется на две.	It will be cut in two.	Se cortará en dos.
data/weapon.dat не найден.	data/weapon.dat not found.	No se encontró data/weapon.dat.
Вернуть weapon.dat.	Restore weapon.dat.	Restaurar weapon.dat.
%-строка не из 10 полей.	A % line that is not 10 fields.	Una línea % que no tiene 10 campos.
Недостающие смещения прицела — мусор.	The missing aim offsets are garbage.	Los desplazamientos de puntería que faltan son basura.
10 полей.	10 fields.	10 campos.
Слишком длинный токен.	A token that is too long.	Un token demasiado largo.
sscanf без ширины пишет за буфер — краш.	sscanf without a width writes past the buffer — a crash.	sscanf sin anchura escribe fuera del búfer — cierre.
Укоротить имя/токен.	Shorten the name/token.	Acortar el nombre/token.
Имя оружия не из 49 встроенных.	A weapon name not among the 49 built-in ones.	Un nombre de arma que no está entre las 49 integradas.
Запишется в слот 0 (UNARMED).	It is written into slot 0 (UNARMED).	Se escribe en el slot 0 (UNARMED).
Имя из ванильного weapon.dat.	A name from the vanilla weapon.dat.	Un nombre del weapon.dat original.
fireType не из списка.	fireType not from the list.	fireType fuera de la lista.
Неизвестный тип стрельбы — мусор.	An unknown fire type — garbage.	Tipo de disparo desconocido — basura.
skill вне 0..3.	skill outside 0..3.	skill fuera de 0..3.
Индекс строки берётся от предыдущей — неверные характеристики.	The row index is taken from the previous line — wrong stats.	El índice de fila se toma de la línea anterior — características incorrectas.
Не id модели — чтение мимо таблицы.	Not a model id — a read past the table.	No es un id de modelo — lectura fuera de la tabla.
id модели оружия из default.ide.	A weapon model id from default.ide.	Un id de modelo de arma de default.ide.
modelId определён не секцией weap.	modelId is defined by a section other than weap.	modelId no está definido en la sección weap.
Запись weaponType в чужую структуру.	weaponType is written into a foreign structure.	weaponType se escribe en una estructura ajena.
Модель из секции weap.	A model from the weap section.	Un modelo de la sección weap.
slot вне 0..12.	slot outside 0..12.	slot fuera de 0..12.
Запись мимо массива оружия педа — порча.	A write past the ped's weapon array — corruption.	Escritura fuera del array de armas del ped — corrupción.
animGroup не из встроенных / animgrp.dat.	animGroup not among the built-in ones / animgrp.dat.	animGroup no está entre los integrados / animgrp.dat.
Группа не найдётся — анимация оружия сломана.	The group is not found — the weapon animation is broken.	El grupo no se encontrará — la animación del arma está rota.
Точное имя группы.	The exact group name.	El nombre exacto del grupo.
%-строка для не-стрелковой группы.	A % line for a non-gun group.	Una línea % para un grupo que no es de disparo.
Пишется не туда.	Written to the wrong place.	Se escribe donde no toca.
Только группы python…spraycan.	Only the groups python…spraycan.	Solo los grupos python…spraycan.
baseCombo не из списка.	baseCombo not from the list.	baseCombo fuera de la lista.
Вернёт UNARMED.	It returns UNARMED.	Devolverá UNARMED.
animGroup не в 11..31.	animGroup not in 11..31.	animGroup fuera de 11..31.
Смещения прицела остаются от python.	The aim offsets stay those of python.	Los desplazamientos de puntería se quedan como los de python.
В ванили так у некоторых — обычно безвредно.	Some vanilla ones are like that — usually harmless.	Algunas armas originales son así — normalmente inofensivo.
Модель оружия не определена ни в одном IDE.	The weapon model is defined in no IDE.	El modelo del arma no está definido en ningún IDE.
Стриминг по несуществующему id.	Streaming by an id that does not exist.	Streaming por un id que no existe.
Вернуть строку weap в default.ide.	Restore the weap line in default.ide.	Restaurar la línea weap en default.ide.
Нет $-строки со skill 1.	No $ line with skill 1.	No hay línea $ con skill 1.
Банды берут этот тип как оружие — пустая запись.	Gangs take this type as a weapon — an empty record.	Las bandas toman este tipo como arma — registro vacío.
Добавить строку skill 1.	Add a line with skill 1.	Añadir una línea con skill 1.
Нет $-строки для skill.	No $ line for a skill.	No hay línea $ para un skill.
GetWeaponInfo вернёт пустую запись (MELEE, модель −1).	GetWeaponInfo returns an empty record (MELEE, model −1).	GetWeaponInfo devolverá un registro vacío (MELEE, modelo −1).
Добавить строки для всех skill 0..3.	Add lines for every skill 0..3.	Añadir líneas para todos los skill 0..3.
ammoClip вне int16 или отрицательный.	ammoClip outside int16 or negative.	ammoClip fuera de int16 o negativo.
Усекается — неверная обойма.	Truncated — a wrong clip size.	Se trunca — cargador incorrecto.
flags не hex.	flags are not hex.	flags no está en hex.
Разбор останавливается на первом не-hex символе — частичные флаги.	Parsing stops at the first non-hex character — partial flags.	El análisis se detiene en el primer carácter no hex — flags parciales.
Hex без 0x.	Hex without 0x.	Hex sin 0x.
$-строка для melee-типа.	A $ line for a melee type.	Una línea $ para un tipo cuerpo a cuerpo.
skill принудительно 1, комбо по умолчанию.	skill is forced to 1, the default combo.	skill forzado a 1, combo por defecto.
Строка после ENDWEAPONDATA.	A line after ENDWEAPONDATA.	Una línea después de ENDWEAPONDATA.
Не читается.	Not read.	No se lee.
Удалить.	Delete it.	Borrarla.
Оружие не стреляет/не целится.	The weapon does not fire/aim.	El arma no dispara/no apunta.
Положительные дистанции.	Positive distances.	Distancias positivas.
ped.dat: слово в строке длиннее 31 символа.	ped.dat: a word in the line is longer than 31 characters.	ped.dat: una palabra de la línea tiene más de 31 caracteres.
Движок читает строку через sscanf в буфер на 32 байта — длинное слово переполняет стек, игра падает при старте.	The engine reads the line through sscanf into a 32-byte buffer — a long word overflows the stack, the game crashes at start.	El motor lee la línea con sscanf en un búfer de 32 bytes — una palabra larga desborda la pila, el juego se cierra al iniciar.
Укоротить имя типа педа / значение до 31 символа (в ванили все короче).	Shorten the ped type name / value to 31 characters (vanilla ones are all shorter).	Acortar el nombre de tipo de ped / valor a 31 caracteres (en vanilla todos son más cortos).
ped.dat: строка данных стоит раньше первой строки типа педа.	ped.dat: a data line comes before the first ped type line.	ped.dat: una línea de datos aparece antes de la primera línea de tipo de ped.
Тип для неё ещё не задан — индекс 32, запись уходит за пределы таблицы типов (порча памяти).	No type is set for it yet — index 32, the write goes past the type table (memory corruption).	Aún no tiene tipo — índice 32, la escritura sale de la tabla de tipos (corrupción de memoria).
Первой в блоке должна идти строка с именем типа (например «player»), затем строки данных.	The block must start with a type name line (e.g. «player»), then the data lines.	El bloque debe empezar con la línea del nombre de tipo (p. ej. «player») y luego las líneas de datos.
ped.dat: имя типа педа не из 32 встроенных (регистр важен).	ped.dat: the ped type name is not one of the 32 built-in ones (case matters).	ped.dat: el nombre de tipo de ped no es uno de los 32 integrados (importan mayúsculas).
Тип не распознан — его вклад в маску 0, педы этого типа не реагируют друг на друга как задумано.	The type is not recognised — its contribution to the mask is 0, peds of this type do not react to each other as intended.	El tipo no se reconoce — su aporte a la máscara es 0, los peds de este tipo no reaccionan entre sí como se pretende.
Взять точное имя из ванильного ped.dat (PLAYER1, CIVMALE, GANG1 …).	Take the exact name from the vanilla ped.dat (PLAYER1, CIVMALE, GANG1 …).	Tomar el nombre exacto del ped.dat vanilla (PLAYER1, CIVMALE, GANG1 …).
ped.dat: слово в строке 32 символа или длиннее.	ped.dat: a word in the line is 32 characters or longer.	ped.dat: una palabra de la línea tiene 32 caracteres o más.
Переполнение стекового буфера при разборе — краш при старте.	Stack buffer overflow while parsing — crash at start.	Desbordamiento del búfer de pila al analizar — cierre al iniciar.
Укоротить до 31.	Shorten to 31.	Acortar a 31.
ped.dat: блок данных для типа player.	ped.dat: a data block for the player type.	ped.dat: bloque de datos para el tipo player.
Только информация: у игрока эти значения не используются.	Information only: these values are not used for the player.	Solo información: para el jugador estos valores no se usan.
Ничего делать не нужно.	Nothing to do.	No hay que hacer nada.
pedstats.dat: 44-я и далее строки данных.	pedstats.dat: the 44th and later data lines.	pedstats.dat: la línea 44 y siguientes de datos.
Таблица статов рассчитана ровно на 43 строки — лишние пишутся за её концом и портят соседние данные.	The stats table holds exactly 43 lines — extra ones are written past its end and corrupt neighbouring data.	La tabla de stats tiene exactamente 43 líneas — las de más se escriben tras su final y corrompen datos vecinos.
Оставить ровно 43 строки в ванильном порядке; свои статы — только заменой существующих.	Keep exactly 43 lines in the vanilla order; custom stats only by replacing existing ones.	Dejar exactamente 43 líneas en el orden vanilla; stats propios solo reemplazando los existentes.
Запись за концом блока в куче — порча памяти, краш может случиться позже в случайном месте.	A write past the block's end in the heap — memory corruption, the crash may come later in a random place.	Escritura más allá del bloque en el heap — corrupción de memoria, el cierre puede llegar después en un lugar aleatorio.
Ровно 43 строки.	Exactly 43 lines.	Exactamente 43 líneas.
pedstats.dat: имя стата 32 символа или длиннее.	pedstats.dat: a stat name 32 characters or longer.	pedstats.dat: nombre de stat de 32 caracteres o más.
Переполнение стекового буфера — краш при старте.	Stack buffer overflow — crash at start.	Desbordamiento del búfer de pila — cierre al iniciar.
Укоротить имя.	Shorten the name.	Acortar el nombre.
pedstats.dat: имя стата длиной 24..31 символа.	pedstats.dat: a stat name of 24..31 characters.	pedstats.dat: nombre de stat de 24..31 caracteres.
Имя хранится в поле на 24 байта — завершающий NUL уезжает в следующее поле, числа стата затираются.	The name lives in a 24-byte field — the terminating NUL spills into the next field, the stat's numbers get overwritten.	El nombre vive en un campo de 24 bytes — el NUL final se cuela en el campo siguiente, los números del stat se sobrescriben.
Имя не длиннее 23 символов.	Name no longer than 23 characters.	Nombre de no más de 23 caracteres.
pedstats.dat: не 43 строки.	pedstats.dat: not 43 lines.	pedstats.dat: no son 43 líneas.
Статы адресуются по номеру строки — сдвиг или нехватка ломает статы всех педов (peds.ide ссылается на имена, а движок берёт позицию).	Stats are addressed by line number — a shift or a shortage breaks the stats of every ped (peds.ide refers to names, the engine takes the position).	Los stats se direccionan por número de línea — un desplazamiento o falta rompe los stats de todos los peds (peds.ide nombra, el motor toma la posición).
Ровно 43 строки в том же порядке, что в ванили.	Exactly 43 lines in the same order as vanilla.	Exactamente 43 líneas en el mismo orden que vanilla.
pedstats.dat: значение вне 0..255.	pedstats.dat: a value outside 0..255.	pedstats.dat: valor fuera de 0..255.
Поле хранится одним байтом — число заворачивается (300 станет 44).	The field is stored in one byte — the number wraps (300 becomes 44).	El campo se guarda en un byte — el número da la vuelta (300 pasa a 44).
Держать значения в 0..100, как в ванили.	Keep values within 0..100, like vanilla.	Mantener los valores en 0..100, como vanilla.
pedstats.dat: в строке не 11 полей.	pedstats.dat: not 11 fields in the line.	pedstats.dat: la línea no tiene 11 campos.
Недостающие поля получают мусор со стека — непредсказуемое поведение педа.	The missing fields get stack garbage — unpredictable ped behaviour.	Los campos que faltan reciben basura de la pila — comportamiento del ped impredecible.
11 полей: имя, fleeDist, headingChange, fear, temper, lawfulness, sexiness, attackStrength, defendWeakness, flags, shootingRate.	11 fields: name, fleeDist, headingChange, fear, temper, lawfulness, sexiness, attackStrength, defendWeakness, flags, shootingRate.	11 campos: nombre, fleeDist, headingChange, fear, temper, lawfulness, sexiness, attackStrength, defendWeakness, flags, shootingRate.
Последняя строка файла без перевода строки.	The last line of the file has no line break.	La última línea del archivo no tiene salto de línea.
Сканер ищет символ конца строки за пределами буфера — чтение мусора, возможен краш.	The scanner looks for the end-of-line past the buffer — garbage read, possible crash.	El escáner busca el fin de línea fuera del búfer — lectura de basura, posible cierre.
Добавить пустую строку в конце файла (Enter после последней строки).	Add an empty line at the end of the file (Enter after the last line).	Añadir una línea vacía al final del archivo (Intro tras la última línea).
pedgrp.dat: 58-я группа педов.	pedgrp.dat: the 58th ped group.	pedgrp.dat: el grupo de peds número 58.
Массив групп рассчитан на 57 — лишняя группа затирает соседние данные.	The group array holds 57 — an extra group overwrites neighbouring data.	El array de grupos tiene 57 — un grupo de más sobrescribe datos vecinos.
Не больше 57 групп.	No more than 57 groups.	No más de 57 grupos.
pedgrp.dat: групп не 57.	pedgrp.dat: not 57 groups.	pedgrp.dat: no son 57 grupos.
Группы берутся по номеру — все поздние группы (dealers, shopkeepers, gang …) съезжают на другие места.	Groups are taken by number — every later group (dealers, shopkeepers, gang …) shifts to a different slot.	Los grupos se toman por número — todos los grupos posteriores (dealers, shopkeepers, gang …) se desplazan de sitio.
Ровно 57 групп в ванильном порядке; менять только содержимое групп.	Exactly 57 groups in the vanilla order; change only the groups' contents.	Exactamente 57 grupos en el orden vanilla; cambiar solo el contenido de los grupos.
pedgrp.dat: имя не совпадает ни с одной моделью в IDE.	pedgrp.dat: the name matches no model in the IDEs.	pedgrp.dat: el nombre no coincide con ningún modelo de los IDE.
Строка молча пропускается — педа в группе нет, улица беднее.	The line is silently skipped — the ped is missing from the group, the street is poorer.	La línea se omite en silencio — el ped falta en el grupo, la calle es más pobre.
Исправить имя (как в peds.ide) или добавить модель.	Fix the name (as in peds.ide) or add the model.	Corregir el nombre (como en peds.ide) o añadir el modelo.
pedgrp.dat: в группе педов модель не педа (объект / машина).	pedgrp.dat: a non-ped model (object / vehicle) in a ped group.	pedgrp.dat: un modelo que no es ped (objeto / vehículo) en un grupo de peds.
CPopulation обращается к ней как к педу — чтение не той структуры, краш при спавне.	CPopulation treats it as a ped — reads the wrong structure, crash at spawn.	CPopulation lo trata como ped — lee una estructura equivocada, cierre al aparecer.
В группах — только модели из peds.ide.	Only models from peds.ide in the groups.	En los grupos solo modelos de peds.ide.
pedgrp.dat: в группе больше 21 имени.	pedgrp.dat: more than 21 names in a group.	pedgrp.dat: más de 21 nombres en un grupo.
Читаются первые 21, остальные игнорируются.	The first 21 are read, the rest ignored.	Se leen los primeros 21, el resto se ignora.
Не больше 21 имени в группе.	No more than 21 names per group.	No más de 21 nombres por grupo.
pedgrp.dat: строка длиннее 1024 байт.	pedgrp.dat: a line longer than 1024 bytes.	pedgrp.dat: línea de más de 1024 bytes.
Разрезается на две — вторая половина становится отдельной группой, все следующие группы съезжают.	It is cut in two — the second half becomes a separate group, every following group shifts.	Se corta en dos — la segunda mitad se vuelve un grupo aparte, todos los grupos siguientes se desplazan.
Разбить перечисление на несколько строк внутри группы.	Split the list over several lines inside the group.	Repartir la lista en varias líneas dentro del grupo.
pedgrp.dat: последняя строка без перевода строки.	pedgrp.dat: the last line has no line break.	pedgrp.dat: la última línea no tiene salto de línea.
Сканер уходит за буфер — чтение мусора.	The scanner runs past the buffer — garbage read.	El escáner se sale del búfer — lectura de basura.
Добавить пустую строку в конце.	Add an empty line at the end.	Añadir una línea vacía al final.
pedgrp.dat: группа банды без единой существующей модели.	pedgrp.dat: a gang group without a single existing model.	pedgrp.dat: grupo de banda sin ningún modelo existente.
Банда не может появиться — участники не спавнятся.	The gang cannot appear — its members do not spawn.	La banda no puede aparecer — sus miembros no se generan.
Хотя бы одна модель группы должна существовать в IDE.	At least one model of the group must exist in the IDE.	Al menos un modelo del grupo debe existir en el IDE.
pedgrp.dat / popcycle.dat: значение вне 0..255.	pedgrp.dat / popcycle.dat: a value outside 0..255.	pedgrp.dat / popcycle.dat: valor fuera de 0..255.
Хранится байтом — число заворачивается.	Stored in a byte — the number wraps.	Se guarda en un byte — el número da la vuelta.
popcycle.dat: строк данных меньше 480.	popcycle.dat: fewer than 480 data lines.	popcycle.dat: menos de 480 líneas de datos.
Движок читает ровно 480 строк без проверки конца — LoadLine вернёт NULL, краш при старте.	The engine reads exactly 480 lines without checking for the end — LoadLine returns NULL, crash at start.	El motor lee exactamente 480 líneas sin comprobar el final — LoadLine devuelve NULL, cierre al iniciar.
20 зон × 2 (будни/выходные) × 12 отрезков времени = 480 строк.	20 zones × 2 (weekday/weekend) × 12 time slots = 480 lines.	20 zonas × 2 (laborable/fin de semana) × 12 franjas horarias = 480 líneas.
popcycle.dat: строк данных больше 480.	popcycle.dat: more than 480 data lines.	popcycle.dat: más de 480 líneas de datos.
Читаются первые 480, остальные игнорируются.	The first 480 are read, the rest ignored.	Se leen las primeras 480, el resto se ignora.
Ровно 480.	Exactly 480.	Exactamente 480.
popcycle.dat: в строке не 24 числа.	popcycle.dat: not 24 numbers in the line.	popcycle.dat: la línea no tiene 24 números.
Недостающие остаются от предыдущей строки или мусором — плотность педов/машин зоны непредсказуема.	The missing ones keep the previous line's values or garbage — the zone's ped/car density is unpredictable.	Los que faltan conservan la línea anterior o basura — la densidad de peds/coches de la zona es impredecible.
24 числа: плотности педов, машин и 18 процентов групп.	24 numbers: ped and car densities and 18 group percentages.	24 números: densidades de peds y coches y 18 porcentajes de grupos.
popcycle.dat: значение вне 0..255.	popcycle.dat: a value outside 0..255.	popcycle.dat: valor fuera de 0..255.
Хранится байтом — заворачивается.	Stored in a byte — wraps.	Se guarda en un byte — da la vuelta.
popcycle.dat: все 18 процентов групп педов равны 0.	popcycle.dat: all 18 ped group percentages are 0.	popcycle.dat: los 18 porcentajes de grupos de peds son 0.
Деление на ноль при нормировании → NaN — вся зона достаётся последней группе.	Division by zero when normalising → NaN — the whole zone goes to the last group.	División por cero al normalizar → NaN — toda la zona va al último grupo.
Хотя бы у одной группы процент > 0.	At least one group with a percentage > 0.	Al menos un grupo con porcentaje > 0.
animgrp.dat: заголовок группы неполный.	animgrp.dat: an incomplete group header.	animgrp.dat: cabecera de grupo incompleta.
Счётчик анимаций не инициализирован — new(мусор), краш или утечка при старте.	The animation counter is not initialised — new(garbage), crash or leak at start.	El contador de animaciones no está inicializado — new(basura), cierre o fuga al iniciar.
Заголовок из четырёх строк: имя, базовая группа, тип, число анимаций.	A four-line header: name, base group, type, number of animations.	Cabecera de cuatro líneas: nombre, grupo base, tipo, número de animaciones.
animgrp.dat: имя группы 16 символов или длиннее.	animgrp.dat: a group name 16 characters or longer.	animgrp.dat: nombre de grupo de 16 caracteres o más.
Поле на 16 байт — NUL теряется, имя не совпадёт с IDE, педы без анимаций.	A 16-byte field — the NUL is lost, the name does not match the IDE, peds without animations.	Campo de 16 bytes — se pierde el NUL, el nombre no coincide con el IDE, peds sin animaciones.
Имя не длиннее 15.	Name no longer than 15.	Nombre de no más de 15.
animgrp.dat: слово заголовка 32 символа или длиннее.	animgrp.dat: a header word 32 characters or longer.	animgrp.dat: palabra de cabecera de 32 caracteres o más.
Переполнение стека — краш.	A stack overflow — a crash.	Desbordamiento de pila — cierre.
animgrp.dat: строк анимаций больше, чем объявлено в count.	animgrp.dat: more animation lines than count declares.	animgrp.dat: más líneas de animación de las que declara count.
Лишние пишутся за массивом — порча памяти.	The extra ones are written past the array — memory corruption.	Las de más se escriben fuera del array — corrupción de memoria.
count = число строк анимаций в группе.	count = the number of animation lines in the group.	count = el número de líneas de animación del grupo.
animgrp.dat: строк анимаций меньше count.	animgrp.dat: fewer animation lines than count.	animgrp.dat: menos líneas de animación que count.
Пустые слоты в конце — позиционные AnimId сдвигаются, пед играет не ту анимацию.	Empty slots at the end — positional AnimIds shift, the ped plays the wrong animation.	Huecos vacíos al final — los AnimId posicionales se desplazan, el ped reproduce otra animación.
count = число строк.	count = the number of lines.	count = número de líneas.
animgrp.dat: count 0 и сразу end.	animgrp.dat: count 0 and end right away.	animgrp.dat: count 0 y end de inmediato.
Группа пустая — педам с ней нечего играть.	The group is empty — peds using it have nothing to play.	El grupo está vacío — los peds que lo usan no tienen nada que reproducir.
Удалить группу или наполнить.	Remove the group or fill it.	Eliminar el grupo o llenarlo.
animgrp.dat: группа не закрыта «end».	animgrp.dat: the group is not closed with «end».	animgrp.dat: el grupo no se cierra con «end».
Заголовок следующей группы читается как имя анимации — обе группы битые.	The next group's header is read as an animation name — both groups are broken.	La cabecera del grupo siguiente se lee como nombre de animación — ambos grupos quedan rotos.
Добавить end после последней анимации.	Add end after the last animation.	Añadir end tras la última animación.
peds.ide: pedType не из 32 имён.	peds.ide: pedType is not one of the 32 names.	peds.ide: pedType no es uno de los 32 nombres.
FindPedType вернёт 32 — чтение за таблицей типов, мусорное поведение.	FindPedType returns 32 — a read past the type table, garbage behaviour.	FindPedType devuelve 32 — lectura fuera de la tabla de tipos, comportamiento basura.
Точное имя типа (CIVMALE, GANG1 … регистр важен).	The exact type name (CIVMALE, GANG1 … case matters).	El nombre exacto del tipo (CIVMALE, GANG1 … importan mayúsculas).
peds.ide: statName нет среди 43 строк pedstats.dat.	peds.ide: statName is not among the 43 lines of pedstats.dat.	peds.ide: statName no está entre las 43 líneas de pedstats.dat.
Пед получает статы по умолчанию (тип 16) — не та реакция на опасность.	The ped gets the default stats (type 16) — the wrong reaction to danger.	El ped recibe los stats por defecto (tipo 16) — reacción equivocada al peligro.
Имя из pedstats.dat.	A name from pedstats.dat.	Un nombre de pedstats.dat.
peds.ide: voiceType не из списка.	peds.ide: voiceType is not from the list.	peds.ide: voiceType no está en la lista.
Пед немой.	The ped is mute.	El ped es mudo.
peds.ide: голоса нет в таблице голосов игры.	peds.ide: the voice is not in the game's voice table.	peds.ide: la voz no está en la tabla de voces del juego.
Имя голоса из встроенной таблицы (регистр важен); свои голоса требуют правки exe.	A voice name from the built-in table (case matters); custom voices need an exe patch.	Un nombre de voz de la tabla integrada (importan mayúsculas); las voces propias requieren parchear el exe.
peds.ide: radio вне −1..254.	peds.ide: radio outside −1..254.	peds.ide: radio fuera de −1..254.
Хранится байтом после +1 — заворачивается.	Stored in a byte after +1 — wraps.	Se guarda en un byte tras +1 — da la vuelta.
peds.ide (III/VC): группа анимаций не из встроенного списка.	peds.ide (III/VC): animation group not from the built-in list.	peds.ide (III/VC): grupo de animaciones que no está en la lista integrada.
Движок ищет имя по таблице групп; не найдено — индекс за концом таблицы, чтение мусора и краш при появлении педа.	The engine looks the name up in the group table; not found — an index past the table, garbage reads and a crash when the ped appears.	El motor busca el nombre en la tabla de grupos; si no lo encuentra — índice fuera de la tabla, lectura de basura y cierre cuando aparece el ped.
Одна из встроенных групп (man, woman, player, gang1 … — регистр важен).	One of the built-in groups (man, woman, player, gang1 … — case-sensitive).	Uno de los grupos integrados (man, woman, player, gang1 … — distingue mayúsculas).
peds.ide (VC): animFile не совпадает ни с одним IFP в IMG.	peds.ide (VC): animFile does not match any IFP in the IMG.	peds.ide (VC): animFile no coincide con ningún IFP del IMG.
Блок анимаций не запрашивается — пед пользуется общими анимациями (в ванили так у обычных педов, animFile «man»).	The animation block is not requested — the ped uses the shared animations (vanilla does this for ordinary peds, animFile «man»).	El bloque de animaciones no se solicita — el ped usa las animaciones comunes (en vanilla ocurre con los peds normales, animFile «man»).
Ничего, если так задумано; иначе указать имя IFP из gta3.img.	Nothing if intended; otherwise give the name of an IFP from gta3.img.	Nada si es intencionado; si no, indicar el nombre de un IFP de gta3.img.
peds.ide: слишком длинное слово в строке.	peds.ide: a word in the line is too long.	peds.ide: una palabra de la línea es demasiado larga.
Переполнение стекового буфера — краш при загрузке IDE.	Stack buffer overflow — crash while loading the IDE.	Desbordamiento del búfer de pila — cierre al cargar el IDE.
Строка длиннее 255 символов.	A line longer than 255 characters.	Línea de más de 255 caracteres.
Разрезается — хвост читается как отдельная (ложная) запись.	It is cut — the tail is read as a separate (bogus) record.	Se corta — la cola se lee como un registro aparte (falso).
Укоротить строку.	Shorten the line.	Acortar la línea.
PedEvent.txt: 42-е событие.	PedEvent.txt: the 42nd event.	PedEvent.txt: el evento número 42.
Таблица на 41 — запись за концом.	The table holds 41 — a write past the end.	La tabla tiene 41 — escritura tras el final.
Не больше 41 события.	No more than 41 events.	No más de 41 eventos.
PedEvent.txt: номер события вне 0..95.	PedEvent.txt: an event number outside 0..95.	PedEvent.txt: número de evento fuera de 0..95.
Запись мимо массива событий.	A write past the event array.	Escritura fuera del array de eventos.
Режется, хвост — ложная запись.	Cut off, the tail becomes a bogus record.	Se corta, la cola es un registro falso.
Файл decision maker (data/decision/*.ped / *.grp) не найден.	A decision maker file (data/decision/*.ped / *.grp) is missing.	Falta un archivo de decision maker (data/decision/*.ped / *.grp).
Педы этого типа без решений — стоят столбом и не реагируют.	Peds of this type have no decisions — they stand still and do not react.	Los peds de este tipo no tienen decisiones — se quedan quietos y no reaccionan.
Вернуть файл на место (имя из списка decision maker-ов).	Put the file back (a name from the decision maker list).	Devolver el archivo a su sitio (nombre de la lista de decision makers).
Decision maker: строка длиннее 511.	Decision maker: a line longer than 511.	Decision maker: línea de más de 511.
Режется на две.	Cut in two.	Se corta en dos.
Decision maker: id события вне 0..95.	Decision maker: an event id outside 0..95.	Decision maker: id de evento fuera de 0..95.
Чтение за массивом — запись куда попало.	A read past the array — a write to a random place.	Lectura fuera del array — escritura en cualquier sitio.
Decision maker: событие не перечислено в PedEvent.txt.	Decision maker: an event not listed in PedEvent.txt.	Decision maker: evento no listado en PedEvent.txt.
Индекс 0 — перезаписывается решение первого события (обычно «пустое»).	Index 0 — the decision of the first event (usually the «empty» one) gets overwritten.	Índice 0 — se sobrescribe la decisión del primer evento (normalmente el «vacío»).
Использовать только события из PedEvent.txt.	Use only events from PedEvent.txt.	Usar solo eventos de PedEvent.txt.
surfaud.dat / surface.dat: 7-я строка матрицы.	surfaud.dat / surface.dat: a 7th matrix row.	surfaud.dat / surface.dat: séptima fila de la matriz.
Матрица 6×6 полна — лишняя строка пишется в другие данные.	The 6×6 matrix is full — the extra row is written into other data.	La matriz 6×6 está llena — la fila de más se escribe en otros datos.
Ровно 6 строк.	Exactly 6 rows.	Exactamente 6 filas.
7-я строка данных.	A 7th data row.	Una 7.ª fila de datos.
Матрица 6×6 полна — запись за конец.	The 6×6 matrix is full — a write past the end.	La matriz 6×6 está llena — escritura tras el final.
6 строк.	6 rows.	6 filas.
surface.dat: не то число значений в строке.	surface.dat: the wrong number of values in the row.	surface.dat: número de valores incorrecto en la fila.
Недостающие = 0 — нулевое сцепление на этой поверхности.	Missing ones = 0 — zero grip on this surface.	Los que faltan = 0 — agarre cero en esta superficie.
Ровно столько значений, сколько колонок.	Exactly as many values as columns.	Exactamente tantos valores como columnas.
surfinfo.dat: имя поверхности не из 179 встроенных.	surfinfo.dat: the surface name is not one of the 179 built-in ones.	surfinfo.dat: el nombre de superficie no es uno de los 179 integrados.
Получает id 0 — свойства «default».	Gets id 0 — the «default» properties.	Recibe id 0 — las propiedades «default».
Точное имя поверхности из ванильного surfinfo.dat.	The exact surface name from the vanilla surfinfo.dat.	El nombre exacto de superficie del surfinfo.dat vanilla.
surfinfo.dat: в строке не 36 полей.	surfinfo.dat: not 36 fields in the line.	surfinfo.dat: la línea no tiene 36 campos.
Недостающие поля — мусор со стека.	The missing fields — stack garbage.	Los campos que faltan — basura de la pila.
surfinfo.dat: adhesionGroup не из списка.	surfinfo.dat: adhesionGroup is not from the list.	surfinfo.dat: adhesionGroup no está en la lista.
Флаги сцепления не выставляются.	The grip flags are not set.	Las banderas de agarre no se establecen.
surfinfo.dat: tyreGrip×10 не влезает в байт.	surfinfo.dat: tyreGrip×10 does not fit in a byte.	surfinfo.dat: tyreGrip×10 no cabe en un byte.
Заворачивается.	It wraps around.	Da la vuelta.
Слишком длинное слово в строке.	A word in the line is too long.	Una palabra de la línea es demasiado larga.
surfinfo.dat: у встроенной поверхности нет строки.	surfinfo.dat: a built-in surface has no line.	surfinfo.dat: una superficie integrada no tiene línea.
Её свойства — нули (нет трения, нет звука).	Its properties are zeros (no friction, no sound).	Sus propiedades son ceros (sin fricción, sin sonido).
Добавить строки для всех 179 поверхностей.	Add lines for all 179 surfaces.	Añadir líneas para las 179 superficies.
shopping.dat: нарушена структура секций.	shopping.dat: the section structure is broken.	shopping.dat: la estructura de secciones está rota.
Магазин пустой или краш при входе.	An empty shop, or a crash on entering.	Tienda vacía o cierre al entrar.
Свериться с ванильным shopping.dat: section / end, подсекции prices, item …	Compare with the vanilla shopping.dat: section / end, the prices and item subsections …	Comparar con el shopping.dat vanilla: section / end, subsecciones prices, item …
shopping.dat: нет секции prices.	shopping.dat: no prices section.	shopping.dat: no hay sección prices.
Все магазины пусты.	All shops are empty.	Todas las tiendas están vacías.
Вернуть секцию prices.	Restore the prices section.	Restaurar la sección prices.
shopping.dat: 561-й предмет.	shopping.dat: the 561st item.	shopping.dat: el artículo número 561.
Массив на 560 — затираются соседние данные.	The array holds 560 — neighbouring data gets overwritten.	El array tiene 560 — se sobrescriben datos vecinos.
Не больше 560 предметов всего.	No more than 560 items in total.	No más de 560 artículos en total.
shopping.dat: 301-й предмет в подсекции.	shopping.dat: the 301st item in a subsection.	shopping.dat: el artículo número 301 en una subsección.
Затирает счётчик подсекции.	Overwrites the subsection counter.	Sobrescribe el contador de la subsección.
Не больше 300 в подсекции.	No more than 300 per subsection.	No más de 300 por subsección.
shopping.dat: type не из 11 имён секций цен.	shopping.dat: type is not one of the 11 price section names.	shopping.dat: type no es uno de los 11 nombres de secciones de precios.
Индекс −1 — краш при открытии магазина.	Index −1 — crash on opening the shop.	Índice −1 — cierre al abrir la tienda.
Одно из: None CarMods CarPaintJobs Furniture Clothes Haircuts Tattoos Gifts Food Weapons Property.	One of: None CarMods CarPaintJobs Furniture Clothes Haircuts Tattoos Gifts Food Weapons Property.	Uno de: None CarMods CarPaintJobs Furniture Clothes Haircuts Tattoos Gifts Food Weapons Property.
shopping.dat: подсекции нет под prices.	shopping.dat: the subsection is not under prices.	shopping.dat: la subsección no está bajo prices.
Чтение за концом блока.	A read past the block's end.	Lectura tras el final del bloque.
Добавить подсекцию с этим именем в prices.	Add a subsection with this name to prices.	Añadir una subsección con este nombre en prices.
shopping.dat: «type» без имени.	shopping.dat: «type» without a name.	shopping.dat: «type» sin nombre.
strcpy(NULL) — краш при открытии магазина.	strcpy(NULL) — a crash when the shop opens.	strcpy(NULL) — cierre al abrir la tienda.
type <имя подсекции>.	type <subsection name>.	type <nombre de subsección>.
shopping.dat: предмет магазина без цены в prices.	shopping.dat: a shop item without a price in prices.	shopping.dat: artículo de tienda sin precio en prices.
Предмет бесплатный или битый.	The item is free or broken.	El artículo es gratis o está roto.
Добавить строку предмета в подсекцию prices.	Add the item's line to the prices subsection.	Añadir la línea del artículo a la subsección prices.
shopping.dat: nametag длиннее 7 символов.	shopping.dat: nametag longer than 7 characters.	shopping.dat: nametag de más de 7 caracteres.
GXT-метка читается в следующее поле — название в меню мусорное.	The GXT label is read into the next field — a garbage name in the menu.	La etiqueta GXT se lee en el campo siguiente — nombre basura en el menú.
Не длиннее 7.	No longer than 7.	No más de 7.
shopping.dat: имя в prices не то, что ждёт движок.	shopping.dat: a name in prices is not what the engine expects.	shopping.dat: un nombre en prices no es lo que espera el motor.
Подсекция prices должна называться одним из 11 имён, а строка внутри — именем модели из IDE; иначе индекс −1: предмет не найдётся, все нерезолвленные предметы делят один ключ и подменяют друг друга.	A prices subsection must be named one of 11 names, and a line inside it — a model name from the IDE; otherwise index −1: the item is not found, every unresolved item shares one key and they replace each other.	La subsección de prices debe llamarse uno de 11 nombres, y la línea dentro — un nombre de modelo del IDE; si no, índice −1: el artículo no se encuentra, todos los no resueltos comparten una clave y se sustituyen entre sí.
Подсекция: одно из None CarMods CarPaintJobs Furniture Clothes Haircuts Tattoos Gifts Food Weapons Property; строка: имя модели (как в IDE) или вернуть ванильную строку.	Subsection: one of None CarMods CarPaintJobs Furniture Clothes Haircuts Tattoos Gifts Food Weapons Property; line: a model name (as in the IDE), or restore the vanilla line.	Subsección: uno de None CarMods CarPaintJobs Furniture Clothes Haircuts Tattoos Gifts Food Weapons Property; línea: nombre de modelo (como en el IDE) o restaurar la línea vanilla.
shopping.dat: не имя типа оружия.	shopping.dat: not a weapon type name.	shopping.dat: no es un nombre de tipo de arma.
Покупка ничего не даёт.	Buying gives nothing.	La compra no da nada.
Имя оружия из weapon.dat.	A weapon name from weapon.dat.	Un nombre de arma de weapon.dat.
shopping.dat: стат не из списка.	shopping.dat: a stat not from the list.	shopping.dat: stat que no está en la lista.
Покупка не меняет стат.	The purchase does not change the stat.	La compra no cambia el stat.
fat / respect / sexy / health / stamina / calories или «-».	fat / respect / sexy / health / stamina / calories or «-».	fat / respect / sexy / health / stamina / calories o «-».
shopping.dat: изменение стата не целое или вне −128..127.	shopping.dat: the stat change is not an integer or outside −128..127.	shopping.dat: el cambio de stat no es entero o está fuera de −128..127.
atol даёт 0 или число усекается.	atol gives 0, or the number is truncated.	atol da 0 o el número se trunca.
Целое в −128..127.	An integer within −128..127.	Entero dentro de −128..127.
shopping.dat: в строке не то число полей.	shopping.dat: the wrong number of fields in the line.	shopping.dat: número de campos incorrecto en la línea.
strtok вернёт NULL — краш при открытии магазина.	strtok returns NULL — crash on opening the shop.	strtok devuelve NULL — cierre al abrir la tienda.
Ровно столько полей, сколько в других строках этой подсекции.	Exactly as many fields as the other lines of this subsection.	Exactamente tantos campos como las otras líneas de esta subsección.
shopping.dat: подсекция CarPaintJobs.	shopping.dat: the CarPaintJobs subsection.	shopping.dat: la subsección CarPaintJobs.
Ключи не присваиваются (баг движка) — безвредно.	Keys are not assigned (an engine bug) — harmless.	Las claves no se asignan (error del motor) — inofensivo.
shopping.dat: имя магазина 24 символа или длиннее.	shopping.dat: a shop name 24 characters or longer.	shopping.dat: nombre de tienda de 24 caracteres o más.
Не совпадёт с именем в скрипте — магазин не откроется.	Does not match the name in the script — the shop will not open.	No coincide con el nombre del script — la tienda no se abrirá.
Не длиннее 23.	No longer than 23.	No más de 23.
«end» без открытой секции.	«end» without an open section.	«end» sin sección abierta.
Потеря глубины — следующие строки читаются не в ту секцию.	Loss of depth — the following lines are read into the wrong section.	Pérdida de profundidad — las líneas siguientes se leen en la sección equivocada.
Сбалансировать section / end.	Balance section / end.	Equilibrar section / end.
statdisp.dat: 129-я строка.	statdisp.dat: the 129th line.	statdisp.dat: la línea 129.
Массив на 128 — затирается статистика.	The array holds 128 — the statistics get overwritten.	El array es de 128 — se sobrescriben las estadísticas.
Не больше 128 строк.	No more than 128 lines.	No más de 128 líneas.
129-я строка.	A 129th line.	Una 129.ª línea.
Массив на 128 — запись за конец.	The array holds 128 — a write past the end.	El array tiene 128 — escritura tras el final.
Не больше 128.	No more than 128.	No más de 128.
GXT-метка длиннее 7 символов.	A GXT label longer than 7 characters.	Etiqueta GXT de más de 7 caracteres.
Затирает соседнее поле.	It overwrites the neighbouring field.	Sobrescribe el campo vecino.
statdisp.dat: condition не lessthan / morethan.	statdisp.dat: condition is not lessthan / morethan.	statdisp.dat: condition no es lessthan / morethan.
Считается lessthan.	Treated as lessthan.	Se toma como lessthan.
lessthan или morethan.	lessthan or morethan.	lessthan o morethan.
statdisp.dat: не 5 полей или statId не целое.	statdisp.dat: not 5 fields, or statId is not an integer.	statdisp.dat: no son 5 campos, o statId no es entero.
Строка битая — условие не работает.	The line is broken — the condition does not work.	La línea está rota — la condición no funciona.
statdisp.dat: statName 80 символов или длиннее.	statdisp.dat: statName 80 characters or longer.	statdisp.dat: statName de 80 caracteres o más.
Переполнение — краш.	An overflow — a crash.	Desbordamiento — cierre.
ar_stats.dat: не 3 поля или id не целое.	ar_stats.dat: not 3 fields, or id is not an integer.	ar_stats.dat: no son 3 campos, o id no es entero.
Строка битая.	The line is broken.	La línea está rota.
ar_stats.dat: имя 80 символов или длиннее.	ar_stats.dat: a name 80 characters or longer.	ar_stats.dat: nombre de 80 caracteres o más.
ar_stats.dat: не все id 0..58 присутствуют.	ar_stats.dat: not every id 0..58 is present.	ar_stats.dat: no están presentes todos los id 0..58.
Реакция на действие 0.	Reaction to the action is 0.	Reacción a la acción 0.
Добавить недостающие строки.	Add the missing lines.	Añadir las líneas que faltan.
models/player.img не найден.	models/player.img not found.	No se encontró models/player.img.
Каталог пуст — любая одежда CJ = краш.	The directory is empty — any CJ clothing = a crash.	El directorio está vacío — cualquier ropa de CJ = cierre.
Вернуть player.img.	Restore player.img.	Restaurar player.img.
Имя записи player.img без NUL.	A player.img entry name without a NUL.	Un nombre de entrada de player.img sin NUL.
Ключ считается по мусору.	The key is computed over garbage.	La clave se calcula sobre basura.
Имя ≤ 23.	Name ≤ 23.	Nombre ≤ 23.
Нет DFF части одежды в player.img.	The DFF of a clothing part is not in player.img.	No está el DFF de una prenda en player.img.
Загрузчик не проверяет — краш при надевании.	The loader does not check — a crash when it is put on.	El cargador no lo comprueba — cierre al ponérsela.
Добавить .dff в player.img.	Add the .dff to player.img.	Añadir el .dff a player.img.
Нет TXD части одежды в player.img.	The TXD of a clothing part is not in player.img.	No está el TXD de una prenda en player.img.
Мусорный offset/size → краш.	A garbage offset/size → a crash.	offset/size basura → cierre.
Добавить .txd в player.img.	Add the .txd to player.img.	Añadir el .txd a player.img.
CLUMP части одежды не разбирается.	The CLUMP of a clothing part cannot be parsed.	El CLUMP de una prenda no se puede analizar.
Часть не загрузится — CJ без неё/краш.	The part will not load — CJ without it / a crash.	La prenda no se cargará — CJ sin ella / cierre.
Переэкспортировать часть.	Re-export the part.	Reexportar la prenda.
Краш.	A crash.	Cierre.
У атомика нет HAnim на фрейме.	The atomic has no HAnim on its frame.	El atomic no tiene HAnim en su frame.
NULL-иерархия — краш при сборке CJ.	A NULL hierarchy — a crash when CJ is assembled.	Jerarquía NULL — cierre al montar a CJ.
Экспортировать со скелетом (HAnim).	Export with a skeleton (HAnim).	Exportar con esqueleto (HAnim).
Много вершин в части одежды.	Many vertices in a clothing part.	Muchos vértices en una prenda.
Сумма по 10 частям может превысить 65535 — сборка CJ ломается.	The sum over the 10 parts may exceed 65535 — CJ's assembly breaks.	La suma de las 10 prendas puede superar 65535 — el montaje de CJ se rompe.
Упростить меш.	Simplify the mesh.	Simplificar la malla.
В TXD нет текстуры части.	The TXD has no texture for the part.	El TXD no tiene la textura de la prenda.
RwRasterLock(NULL) — краш.	RwRasterLock(NULL) — a crash.	RwRasterLock(NULL) — cierre.
Добавить текстуру в TXD.	Add the texture to the TXD.	Añadir la textura al TXD.
Растр не 32 bpp.	The raster is not 32 bpp.	El raster no es de 32 bpp.
Смешивание текстур одежды читает 4 байта на пиксель — мусор/краш.	Clothing texture blending reads 4 bytes per pixel — garbage/a crash.	La mezcla de texturas de ropa lee 4 bytes por píxel — basura/cierre.
32-битные несжатые текстуры одежды.	32-bit uncompressed clothing textures.	Texturas de ropa de 32 bits sin comprimir.
TXD части не разбирается.	The part's TXD cannot be parsed.	El TXD de la prenda no se puede analizar.
data/clothes.dat не найден.	data/clothes.dat not found.	No se encontró data/clothes.dat.
Вернуть clothes.dat.	Restore clothes.dat.	Restaurar clothes.dat.
Неизвестное ключевое слово в clothes.dat.	An unknown keyword in clothes.dat.	Palabra clave desconocida en clothes.dat.
Тип правила наследуется от предыдущей строки — путаница.	The rule type is inherited from the previous line — confusion.	El tipo de regla se hereda de la línea anterior — confusión.
Использовать ключевые слова из ванильного файла.	Use the keywords from the vanilla file.	Usar las palabras clave del archivo original.
Компонент не из списка.	A component not from the list.	Un componente fuera de la lista.
Считается torso.	Treated as torso.	Se toma como torso.
Больше 600 слов правил.	More than 600 rule words.	Más de 600 palabras de reglas.
Переполнение таблицы правил — порча.	The rule table overflows — corruption.	La tabla de reglas se desborda — corrupción.
9-й одновременно активный тег.	A 9th simultaneously active tag.	Una 9.ª etiqueta activa a la vez.
Молча не регистрируется.	Silently not registered.	No se registra, en silencio.
≤ 8 тегов.	≤ 8 tags.	≤ 8 etiquetas.
texturename длиннее 19.	texturename longer than 19.	texturename de más de 19.
Имя .TXD не влезет в запись player.img.	The .TXD name will not fit into a player.img entry.	El nombre .TXD no cabrá en una entrada de player.img.
Нет player.dff.	No player.dff.	No hay player.dff.
Краш при создании CJ.	A crash when CJ is created.	Cierre al crear a CJ.
Вернуть player.dff.	Restore player.dff.	Restaurar player.dff.
Нет IFP-блока для группы движений.	No IFP block for the movement group.	No hay bloque IFP para el grupo de movimiento.
Анимации толстого/качка не загрузятся.	The fat/muscular animations will not load.	Las animaciones de gordo/musculoso no se cargarán.
Вернуть блок анимаций.	Restore the animation block.	Restaurar el bloque de animaciones.
cuts.img не найден или битый каталог.	cuts.img not found, or a broken directory.	No se encontró cuts.img o el directorio está roto.
Каталог катсцен пуст — катсцены без объектов.	The cutscene directory is empty — cutscenes without objects.	El directorio de cinemáticas está vacío — cinemáticas sin objetos.
Вернуть anim/cuts.img (VER2).	Restore anim/cuts.img (VER2).	Restaurar anim/cuts.img (VER2).
Имя катсцены длиннее 7 символов.	A cutscene name longer than 7 characters.	Un nombre de cinemática de más de 7 caracteres.
Переполнение — порча памяти/краш при запуске катсцены.	An overflow — memory corruption/a crash when the cutscene starts.	Desbordamiento — corrupción de memoria/cierre al iniciar la cinemática.
≤ 7 символов.	≤ 7 characters.	≤ 7 caracteres.
У катсцены нет парного .ifp/.dat/.cut.	The cutscene has no matching .ifp/.dat/.cut.	La cinemática no tiene su .ifp/.dat/.cut correspondiente.
Объекты не анимируются или катсцена мгновенно заканчивается.	The objects are not animated, or the cutscene ends instantly.	Los objetos no se animan o la cinemática termina al instante.
Полный набор: .cut, .ifp, .dat.	The full set: .cut, .ifp, .dat.	El juego completo: .cut, .ifp, .dat.
В записи .cut нет NUL или строка ≥ 1024.	A .cut entry has no NUL, or a line ≥ 1024.	Una entrada .cut sin NUL o una línea ≥ 1024.
Читатель уходит за буфер — краш.	The reader runs past the buffer — a crash.	El lector se sale del búfer — cierre.
Дополнить файл нулями до сектора; строки < 1024.	Pad the file with zeros to the sector; lines < 1024.	Rellenar el archivo con ceros hasta el sector; líneas < 1024.
Координаты в .cut не разбираются.	Coordinates in the .cut cannot be parsed.	Las coordenadas del .cut no se pueden analizar.
Мусор со стека.	Garbage from the stack.	Basura de la pila.
Три числа через пробел.	Three numbers separated by spaces.	Tres números separados por espacios.
Строка model без имени модели.	A model line without a model name.	Una línea model sin nombre de modelo.
strcpy NULL — краш.	strcpy NULL — a crash.	strcpy NULL — cierre.
model <имя>.	model <name>.	model <nombre>.
Special-модель катсцены не в IDE и нет DFF ни в одном IMG.	A special cutscene model is not in the IDE and has no DFF in any IMG.	Un modelo especial de cinemática no está en el IDE ni tiene DFF en ningún IMG.
Запрос с мусорным offset/size — зависание стриминга или краш при старте катсцены.	A request with a garbage offset/size — the streaming hangs or a crash when the cutscene starts.	Petición con offset/size basura — el streaming se cuelga o cierre al iniciar la cinemática.
Положить DFF в IMG (cutscene.img) или исправить имя в .cut.	Put the DFF into an IMG (cutscene.img) or fix the name in the .cut.	Poner el DFF en un IMG (cutscene.img) o corregir el nombre en el .cut.
Special-модель без одноимённого TXD.	A special model without a TXD of the same name.	Un modelo especial sin TXD del mismo nombre.
Текстуры не найдутся — модель белая.	The textures are not found — a white model.	Las texturas no se encontrarán — modelo blanco.
Добавить <имя>.txd.	Add <name>.txd.	Añadir <nombre>.txd.
65-я строка text.	A 65th text line.	Una 65.ª línea text.
Переполнение — порча.	An overflow — corruption.	Desbordamiento — corrupción.
Строка uncompress из пробелов.	An uncompress line made of spaces.	Una línea uncompress hecha de espacios.
Чтение по адресу 0 — краш.	A read at address 0 — a crash.	Lectura en la dirección 0 — cierre.
Убрать строку.	Remove the line.	Quitar la línea.
51-я строка attach.	A 51st attach line.	Una 51.ª línea attach.
Переполнение.	An overflow.	Desbordamiento.
51-я строка remove.	A 51st remove line.	Una 51.ª línea remove.
9-я строка peffect.	A 9th peffect line.	Una 9.ª línea peffect.
Вторая строка extracol.	A second extracol line.	Una segunda línea extracol.
Читается только первая.	Only the first is read.	Solo se lee la primera.
Одна строка.	One line.	Una sola línea.
Анимация из .cut отсутствует в .ifp.	An animation from the .cut is missing from the .ifp.	Una animación del .cut no está en el .ifp.
Объект остаётся статичным.	The object stays static.	El objeto se queda estático.
Добавить анимацию в .ifp.	Add the animation to the .ifp.	Añadir la animación al .ifp.
Данные после 4-го блока.	Data after the 4th block.	Datos después del 4.º bloque.
Не читаются.	Not read.	No se leen.
Файл текста (american.gxt…) не найден.	The text file (american.gxt…) not found.	No se encontró el archivo de texto (american.gxt…).
Вернуть GXT.	Restore the GXT.	Restaurar el GXT.
Заголовок GXT не SA-формата.	The GXT header is not in the SA format.	La cabecera GXT no es del formato SA.
Формат III/VC читается неверно — тексты мусор/краш.	The III/VC format is read wrongly — garbage texts/a crash.	El formato III/VC se lee mal — textos basura/cierre.
GXT в формате SA (04 00 08 00).	A GXT in the SA format (04 00 08 00).	Un GXT en formato SA (04 00 08 00).
TKEY выходит за конец файла.	TKEY runs past the end of the file.	TKEY se sale del final del archivo.
Цикл не завершится — зависание.	The loop never ends — a hang.	El bucle no termina — cuelgue.
Пересобрать GXT.	Rebuild the GXT.	Reconstruir el GXT.
Чанк ≥ 65536 байт.	A chunk ≥ 65536 bytes.	Un chunk ≥ 65536 bytes.
16-битный счётчик пропуска — зависание.	A 16-bit skip counter — a hang.	Contador de salto de 16 bits — cuelgue.
Разбить таблицу.	Split the table.	Dividir la tabla.
Размер TKEY не кратен 8.	The TKEY size is not a multiple of 8.	El tamaño de TKEY no es múltiplo de 8.
Переполнение кучи при загрузке.	A heap overflow while loading.	Desbordamiento del heap al cargar.
TKEY не отсортирован по хэшу.	TKEY is not sorted by hash.	TKEY no está ordenado por hash.
Бинарный поиск не найдёт ключи — пустые строки.	The binary search will not find the keys — empty strings.	La búsqueda binaria no encontrará las claves — cadenas vacías.
Пересобрать GXT (компилятор сортирует).	Rebuild the GXT (the compiler sorts).	Reconstruir el GXT (el compilador ordena).
Ключ ссылается за размер TDAT.	A key points past the TDAT size.	Una clave apunta más allá del tamaño de TDAT.
Чтение мусора.	Garbage is read.	Se lee basura.
Больше 200 таблиц.	More than 200 tables.	Más de 200 tablas.
≤ 200 таблиц.	≤ 200 tables.	≤ 200 tablas.
Имя таблицы занимает все 8 байт.	A table name fills all 8 bytes.	Un nombre de tabla ocupa los 8 bytes.
strlen уходит в offset — таблица не найдётся.	strlen runs into the offset — the table will not be found.	strlen se mete en el offset — la tabla no se encontrará.
Имя ≤ 7.	Name ≤ 7.	Nombre ≤ 7.
TABL внутри mission-таблицы.	TABL inside a mission table.	TABL dentro de una tabla de misión.
Пропускается.	Skipped.	Se salta.
Скрипт грузит таблицу, которой нет в GXT.	The script loads a table that is not in the GXT.	El script carga una tabla que no está en el GXT.
Тексты миссии пустые.	The mission texts are empty.	Los textos de la misión quedan vacíos.
Добавить таблицу.	Add the table.	Añadir la tabla.
Метка длиной 8 без терминатора.	A label of length 8 without a terminator.	Una etiqueta de longitud 8 sin terminador.
Копируется без NUL.	Copied without a NUL.	Se copia sin NUL.
Нет ключа CDERROR.	No CDERROR key.	No hay clave CDERROR.
Пустой текст ошибки диска.	An empty disc error text.	Texto de error de disco vacío.
Добавить CDERROR.	Add CDERROR.	Añadir CDERROR.
main.scm не найден.	main.scm not found.	No se encontró main.scm.
Вернуть main.scm.	Restore main.scm.	Restaurar main.scm.
Первые байты не GOTO.	The first bytes are not a GOTO.	Los primeros bytes no son un GOTO.
Исполнение начнётся с мусора — краш.	Execution starts at garbage — a crash.	La ejecución empieza en basura — cierre.
Пересобрать скрипт.	Rebuild the script.	Reconstruir el script.
Больше 395 имён объектов.	More than 395 object names.	Más de 395 nombres de objetos.
Объект скрипта не модель ни в одном IDE.	A script object is not a model in any IDE.	Un objeto del script no es un modelo en ningún IDE.
Индекс −1 — краш при использовании.	Index −1 — a crash when used.	Índice −1 — cierre al usarlo.
Объявить модель или исправить имя.	Declare the model or fix the name.	Declarar el modelo o corregir el nombre.
MAIN больше 200000 байт.	MAIN bigger than 200000 bytes.	MAIN mayor de 200000 bytes.
Копируются только первые 200000.	Only the first 200000 are copied.	Solo se copian los primeros 200000.
Уменьшить main.	Shrink main.	Reducir main.
Имя скрипта ≥ 20 символов.	A script name ≥ 20 characters.	Un nombre de script ≥ 20 caracteres.
Больше 82 .scm в IMG.	More than 82 .scm in the IMG.	Más de 82 .scm en el IMG.
83-й пишется поверх менеджера ресурсов.	The 83rd is written over the resource manager.	El 83.º se escribe encima del gestor de recursos.
Мission locals > 1024.	Mission locals > 1024.	Locales de misión > 1024.
Локалы вылезают в ScriptSpace.	The locals spill into ScriptSpace.	Las locales se salen a ScriptSpace.
Размер глобальных переменных.	The size of the global variables.	Tamaño de las variables globales.
Должен совпадать с сейвом — иначе старые сейвы не грузятся.	It must match the save — otherwise old saves do not load.	Debe coincidir con la partida guardada — si no, las partidas antiguas no cargan.
Информация.	Information.	Información.
Скрипт грузит TXD, которого нет.	The script loads a TXD that does not exist.	El script carga un TXD que no existe.
Зависание при загрузке.	A hang while loading.	Cuelgue al cargar.
Добавить TXD или исправить имя.	Add the TXD or fix the name.	Añadir el TXD o corregir el nombre.
TXD интерфейса не найден.	An interface TXD is not found.	No se encontró un TXD de la interfaz.
Зависание при старте.	A hang at startup.	Cuelgue al arrancar.
Вернуть файл.	Restore the file.	Restaurar el archivo.
TXD интерфейса не загружается.	An interface TXD does not load.	Un TXD de la interfaz no se carga.
Словарь NULL — все текстуры HUD/меню пропадут или краш.	A NULL dictionary — all HUD/menu textures vanish, or a crash.	Diccionario NULL — todas las texturas del HUD/menú desaparecen, o cierre.
Проблема в UI-текстуре.	A problem in a UI texture.	Problema en una textura de la interfaz.
Элемент интерфейса битый.	An interface element is broken.	Un elemento de la interfaz está roto.
Свериться с сообщением.	See the message.	Ver el mensaje.
data/fonts.dat не найден.	data/fonts.dat not found.	No se encontró data/fonts.dat.
Вернуть fonts.dat.	Restore fonts.dat.	Restaurar fonts.dat.
Не хватает тайлов радара radarNN.txd.	Radar tiles radarNN.txd are missing.	Faltan teselas del radar radarNN.txd.
Дыры на карте.	Holes in the map.	Agujeros en el mapa.
Все 144 тайла в IMG.	All 144 tiles in the IMG.	Las 144 teselas en el IMG.
TXD не найден.	The TXD is not found.	No se encontró el TXD.
BankSlot.dat отсутствует или пуст.	BankSlot.dat is missing or empty.	BankSlot.dat falta o está vacío.
Краш инициализации аудио.	The audio initialisation crashes.	Cierre en la inicialización del audio.
Вернуть audio/CONFIG/BankSlot.dat.	Restore audio/CONFIG/BankSlot.dat.	Restaurar audio/CONFIG/BankSlot.dat.
Длина BankSlot.dat не соответствует числу слотов.	The length of BankSlot.dat does not match the slot count.	La longitud de BankSlot.dat no corresponde al número de slots.
Переполнение буфера при чтении.	A buffer overflow while reading.	Desbordamiento de búfer al leer.
Пересобрать файл.	Rebuild the file.	Reconstruir el archivo.
BankLkup.dat отсутствует.	BankLkup.dat is missing.	Falta BankLkup.dat.
Размер BankLkup.dat не кратен 12.	The size of BankLkup.dat is not a multiple of 12.	El tamaño de BankLkup.dat no es múltiplo de 12.
Переполнение кучи.	A heap overflow.	Desbordamiento del heap.
PakFiles.dat отсутствует.	PakFiles.dat is missing.	Falta PakFiles.dat.
Размер PakFiles.dat не кратен 52.	The size of PakFiles.dat is not a multiple of 52.	El tamaño de PakFiles.dat no es múltiplo de 52.
Пересобрать.	Rebuild.	Reconstruir.
StrmPaks.dat отсутствует.	StrmPaks.dat is missing.	Falta StrmPaks.dat.
TrakLkup.dat отсутствует.	TrakLkup.dat is missing.	Falta TrakLkup.dat.
Первый стрим-пак отсутствует.	The first stream pack is missing.	Falta el primer paquete de streams.
Вернуть audio/streams/AA.	Restore audio/streams/AA.	Restaurar audio/streams/AA.
EventVol.dat повреждён.	EventVol.dat is damaged.	EventVol.dat está dañado.
Аудио сломано, возможен краш.	Audio is broken, a crash is possible.	El audio está roto, posible cierre.
Слишком мало слотов банков.	Too few bank slots.	Demasiado pocos slots de bancos.
exe запрашивает слоты до 42 — чтение мимо.	The exe requests slots up to 42 — a read past the end.	El exe pide slots hasta el 42 — lectura fuera de rango.
≥ 43 слота.	≥ 43 slots.	≥ 43 slots.
Меньше 710 записей в BankLkup.dat.	Fewer than 710 records in BankLkup.dat.	Menos de 710 registros en BankLkup.dat.
Банки с большими id немы; если банк грузится при старте — краш.	Banks with big ids are mute; if a bank loads at startup — a crash.	Los bancos con id altos están mudos; si un banco se carga al arrancar — cierre.
Полная таблица банков.	The full bank table.	La tabla de bancos completa.
pakFileIndex банка ≥ числа паков.	A bank's pakFileIndex ≥ the number of packs.	pakFileIndex de un banco ≥ número de paquetes.
Мусорный handle — тишина.	A garbage handle — silence.	Handle basura — silencio.
Исправить индекс.	Fix the index.	Corregir el índice.
SFX-пак не найден.	An SFX pack is not found.	No se encontró un paquete SFX.
Банки читаются через handle 0 — не те сэмплы/тишина.	The banks are read through handle 0 — wrong samples/silence.	Los bancos se leen a través del handle 0 — muestras equivocadas/silencio.
Вернуть файл audio/SFX.	Restore the audio/SFX file.	Restaurar el archivo audio/SFX.
Запись PakFiles.dat без NUL.	A PakFiles.dat record without a NUL.	Un registro de PakFiles.dat sin NUL.
Переполнение стека.	A stack overflow.	Desbordamiento de pila.
Имя ≤ 117.	Name ≤ 117.	Nombre ≤ 117.
Банк выходит за размер пака.	A bank runs past the pack size.	Un banco se sale del tamaño del paquete.
Чтение за EOF — устаревшие данные.	A read past EOF — stale data.	Lectura más allá del EOF — datos obsoletos.
Пересобрать пак.	Rebuild the pack.	Reconstruir el paquete.
Больше 400 звуков в банке.	More than 400 sounds in a bank.	Más de 400 sonidos en un banco.
Смещение заворачивается.	The offset wraps around.	El desplazamiento da la vuelta.
Смещения звуков не по возрастанию.	The sound offsets are not ascending.	Los desplazamientos de los sonidos no van en orden ascendente.
Огромная длина звука — краш/мусор.	A huge sound length — a crash/garbage.	Longitud de sonido enorme — cierre/basura.
Пересобрать банк.	Rebuild the bank.	Reconstruir el banco.
Число звуков в банке не как в ванили.	The number of sounds in the bank is not as in vanilla.	El número de sonidos del banco no es el del juego original.
exe зашивает id звуков — лишние id читают мусор.	The exe hard-codes the sound ids — extra ids read garbage.	El exe lleva los id de sonido fijos — los id sobrantes leen basura.
Столько же звуков, сколько в ванили.	As many sounds as in vanilla.	Tantos sonidos como en el original.
Mission-банк влезает только в слот 29.	The mission bank fits only into slot 29.	El banco de misión solo cabe en el slot 29.
Звук сканера больше ванильного максимума.	A scanner sound bigger than the vanilla maximum.	Un sonido del escáner mayor que el máximo original.
Может не влезть в слот.	It may not fit into the slot.	Puede no caber en el slot.
Уменьшить.	Shrink it.	Reducirlo.
Script speech влезает только в слот 29.	Script speech fits only into slot 29.	El script speech solo cabe en el slot 29.
Слот нулевого размера.	A slot of zero size.	Un slot de tamaño cero.
Загрузка = переполнение следующего слота.	Loading = an overflow of the next slot.	Cargarlo = desbordar el slot siguiente.
Задать размер.	Set a size.	Indicar un tamaño.
Размер не кратен 12.	The size is not a multiple of 12.	El tamaño no es múltiplo de 12.
Хвост игнорируется.	The tail is ignored.	La cola se ignora.
streamPakIndex трека ≥ числа паков.	A track's streamPakIndex ≥ the number of packs.	streamPakIndex de una pista ≥ número de paquetes.
Трек нем.	The track is mute.	La pista está muda.
Стрим-пак отсутствует.	A stream pack is missing.	Falta un paquete de streams.
Треки немы.	The tracks are mute.	Las pistas están mudas.
Трек выходит за размер стрим-пака.	A track runs past the stream pack size.	Una pista se sale del tamaño del paquete de streams.
Пересобрать пак / таблицу треков.	Rebuild the pack / the track table.	Reconstruir el paquete / la tabla de pistas.
Данные трека не Ogg после расшифровки.	The track data is not Ogg after decryption.	Los datos de la pista no son Ogg tras descifrarlos.
Пересобрать пак с правильным ключом.	Rebuild the pack with the right key.	Reconstruir el paquete con la clave correcta.
Запись StrmPaks.dat без NUL.	A StrmPaks.dat record without a NUL.	Un registro de StrmPaks.dat sin NUL.
Имя склеивается со следующим.	The name merges with the next one.	El nombre se pega con el siguiente.
Имя ≤ 15.	Name ≤ 15.	Nombre ≤ 15.
id машины > 630 в аудио-таблице.	A vehicle id > 630 in the audio table.	Un id de vehículo > 630 en la tabla de audio.
Чтение за таблицей — мусорные звуки/краш.	A read past the table — garbage sounds/a crash.	Lectura fuera de la tabla — sonidos basura/cierre.
id машины занимает место ванильной.	The vehicle id takes a vanilla vehicle's place.	El id del vehículo ocupa el sitio de uno original.
Звук берётся по id ванильной машины.	The sound is taken by the vanilla vehicle's id.	El sonido se toma por el id del vehículo original.
Проблема в текстовом файле данных.	A problem in a text data file.	Problema en un archivo de datos de texto.
См. сообщение.	See the message.	Ver el mensaje.
Исправить строку по сообщению.	Fix the line as the message says.	Corregir la línea según el mensaje.
Проблема в файле модели.	A problem in a model file.	Problema en un archivo de modelo.
Проблема в файле текстур.	A problem in a texture file.	Problema en un archivo de texturas.
Пересохранить TXD.	Re-save the TXD.	Reguardar el TXD.
Проблема в файле коллизии.	A problem in a collision file.	Problema en un archivo de colisión.
Проблема в файле анимаций.	A problem in an animation file.	Problema en un archivo de animaciones.
Переэкспортировать анимацию.	Re-export the animation.	Reexportar la animación.
Проблема в архиве IMG.	A problem in an IMG archive.	Problema en un archivo IMG.
Проблема в модели машины.	A problem in a vehicle model.	Problema en un modelo de vehículo.
Свериться с ванильной моделью того же типа.	Compare with a vanilla model of the same type.	Cotejar con un modelo original del mismo tipo.
Проблема в handling/carcols/carmods/cargrp.	A problem in handling/carcols/carmods/cargrp.	Problema en handling/carcols/carmods/cargrp.
Свериться с ванильным файлом.	Compare with the vanilla file.	Cotejar con el archivo original.
Проблема в weapon.dat.	A problem in weapon.dat.	Problema en weapon.dat.
Проблема в данных педов/статов.	A problem in the ped/stat data.	Problema en los datos de peds/estadísticas.
Проблема в одежде CJ.	A problem in CJ's clothes.	Problema en la ropa de CJ.
Свериться с ванильными файлами.	Compare with the vanilla files.	Cotejar con los archivos originales.
Проблема в катсцене.	A problem in a cutscene.	Problema en una cinemática.
Свериться с ванильной катсценой.	Compare with a vanilla cutscene.	Cotejar con una cinemática original.
Проблема в файле текста.	A problem in a text file.	Problema en un archivo de texto.
Проблема в скрипте.	A problem in the script.	Problema en el script.
Проблема в файлах интерфейса.	A problem in the interface files.	Problema en los archivos de la interfaz.
Вернуть ванильный файл.	Restore the vanilla file.	Restaurar el archivo original.
Дальность отрисовки в IDE меньше радиуса самой модели.	The draw distance in the IDE is below the model's own radius.	La distancia de dibujado del IDE es menor que el radio del propio modelo.
Дальность считается до центра модели: пока камера рядом или внутри объекта, он уже пропадает (мигает при движении).	The distance is measured to the model centre: while the camera is next to or inside the object it already vanishes (flickers when moving).	La distancia se mide al centro del modelo: con la cámara al lado o dentro del objeto ya desaparece (parpadea al moverse).
Поставь дальность больше радиуса (обычно 1.5–3 радиуса); большие вещи — пара модель + LOD.	Set the distance above the radius (usually 1.5–3 radii); big things — a model + LOD pair.	Pon la distancia por encima del radio (normalmente 1.5–3 radios); las cosas grandes — par modelo + LOD.
Мелкая модель с дальностью больше 300.	A small model with a draw distance above 300.	Un modelo pequeño con distancia de dibujado mayor de 300.
SA заводит такой объект как «big building»: рисует в проходе LOD-ов и держит запрос стриминга с 300 м — лишняя нагрузка ради мелочи.	SA files such an object as a «big building»: draws it in the LOD pass and keeps a streaming request from 300 m — extra load for a trifle.	SA registra ese objeto como «big building»: lo dibuja en la pasada de LOD y mantiene la petición de streaming desde 300 m — carga extra por una minucia.
Мелким объектам ≤ 300; далеко видимое — модель + LOD со своей дальностью.	Small objects ≤ 300; things seen from afar — a model + LOD with its own distance.	Objetos pequeños ≤ 300; lo que se ve de lejos — modelo + LOD con su propia distancia.
Ошибка в procobj.dat (процедурные объекты: кусты, камни на поверхностях).	An error in procobj.dat (procedural objects: bushes, stones on surfaces).	Error en procobj.dat (objetos procedurales: arbustos, piedras sobre superficies).
Поверхность не из встроенных → объекты растут не там; модель не из IDE → при появлении объектов вероятен краш.	A surface not among the built-in ones → objects grow in the wrong place; a model not in the IDEs → a crash is likely when the objects appear.	Superficie fuera de las integradas → los objetos crecen donde no deben; modelo fuera de los IDE → crash probable cuando aparezcan.
Поверхность из списка surfinfo, модель объявить в IDE (objs), 14 полей в строке.	A surface from the surfinfo list, the model declared in an IDE (objs), 14 fields per line.	Superficie de la lista de surfinfo, modelo declarado en un IDE (objs), 14 campos por línea.
Тяжёлый TXD: много памяти на текстуры одного словаря.	A heavy TXD: a lot of memory for the textures of one dictionary.	TXD pesado: mucha memoria en las texturas de un solo diccionario.
Загрузка словаря = заметный фриз, память стриминга кончается быстрее → пропадания и подгрузки рядом.	Loading the dictionary = a noticeable freeze, the streaming memory runs out sooner → vanishing and loading hitches nearby.	Cargar el diccionario = parón visible, la memoria de streaming se agota antes → desapariciones y tirones cerca.
Сжать в DXT, не больше 1024 для обычных объектов, разнести текстуры по TXD моделей.	Compress to DXT, at most 1024 for ordinary objects, spread the textures over the models' TXDs.	Comprimir a DXT, no más de 1024 para objetos normales, repartir las texturas por los TXD de los modelos.
Объект стоит целиком ниже уровня воды в этой точке.	The object stands entirely below the water level at this point.	El objeto está entero por debajo del nivel del agua en este punto.
Под водой его не видно — если это не риф/дно/обломки, координата Z ошибочна.	It cannot be seen under water — unless it is a reef, the seabed or wreckage, the Z coordinate is wrong.	Bajo el agua no se ve — si no es arrecife, fondo o restos, la coordenada Z está mal.
Проверь Z в IPL или убери объект.	Check the Z in the IPL or remove the object.	Revisa la Z en el IPL o quita el objeto.
Перегруженный сектор мира или самое тяжёлое место стриминга.	An overloaded world sector or the heaviest streaming spot.	Sector del mundo sobrecargado o el punto más pesado del streaming.
Списки сектора 50×50 м и рендер тормозят при сотнях объектов; сумма моделей и текстур в радиусе видимости больше бюджета стриминга → подгрузки, пропадания, лаги.	The 50×50 m sector lists and the rendering stutter with hundreds of objects; models and textures within view distance above the streaming budget → loading hitches, vanishing, lag.	Las listas del sector de 50×50 m y el render se atascan con cientos de objetos; modelos y texturas a distancia de vista por encima del presupuesto de streaming → tirones, desapariciones, lag.
Объединить мелочь в одну модель, убрать лишние копии, урезать дальности, ужать текстуры; смотри слой «стриминг» на карте.	Merge small things into one model, drop extra copies, cut draw distances, shrink textures; see the «streaming» layer on the map.	Juntar lo pequeño en un modelo, quitar copias sobrantes, recortar distancias, reducir texturas; mira la capa «streaming» del mapa.
Имя зоны или машины ссылается на ключ GXT, которого нет.	A zone or vehicle name refers to a GXT key that does not exist.	Un nombre de zona o de vehículo apunta a una clave GXT que no existe.
На экране название района / машины будет пустым.	The area / vehicle name on screen will be blank.	El nombre de la zona / del vehículo saldrá vacío en pantalla.
Добавь ключ в таблицу MAIN american.gxt (и остальных языков) или используй существующий.	Add the key to the MAIN table of american.gxt (and the other languages) or use an existing one.	Añade la clave a la tabla MAIN de american.gxt (y de los demás idiomas) o usa una existente.
Один и тот же файл лежит в нескольких модах modloader.	The same file lies in several modloader mods.	El mismo archivo está en varios mods de modloader.
Побеждает мод с большим приоритетом (при равном — последний по порядку), остальные копии молча игнорируются: правки в них не работают.	The mod with the higher priority wins (the last one in order when equal), the other copies are silently ignored: edits in them do nothing.	Gana el mod de mayor prioridad (a igualdad, el último por orden), las demás copias se ignoran en silencio: los cambios en ellas no hacen nada.
Убери дубликаты или задай приоритеты в modloader.ini.	Remove the duplicates or set priorities in modloader.ini.	Quita los duplicados o pon prioridades en modloader.ini.
Файл в архиве ни на что не ссылается: DFF без IDE, TXD без моделей, COL без совпавших моделей, IFP без группы.	A file in the archive nothing refers to: a DFF without an IDE, a TXD without models, a COL with no matched models, an IFP without a group.	Archivo del IMG al que nada hace referencia: DFF sin IDE, TXD sin modelos, COL sin modelos coincidentes, IFP sin grupo.
Мёртвый вес архива и IMG-каталога; для TXD — занятый слот пула.	Dead weight in the archive and the IMG directory; for a TXD — an occupied pool slot.	Peso muerto en el archivo y en el directorio IMG; para un TXD — un slot del pool ocupado.
Список с размерами — кнопка «Лишнее». Проверь, что файл не грузится скриптом по имени (special-модели), и удаляй.	The list with sizes — the «Unused» button. Make sure a script does not load the file by name (special models), then delete.	La lista con tamaños — botón «Sobrante». Comprueba que ningún script cargue el archivo por nombre (modelos especiales) y bórralo.
Одна и та же модель расставлена дважды в одной точке (в пределах 25 см).	The same model is placed twice at one spot (within 25 cm).	El mismo modelo está colocado dos veces en un punto (a menos de 25 cm).
Z-fighting (мерцание граней), двойная коллизия, двойной вес в стриминге.	Z-fighting (flickering faces), double collision, double streaming weight.	Z-fighting (caras parpadeando), colisión doble, peso doble en el streaming.
Удали одну копию — обычно ту, что пришла из второго мода или IPL.	Remove one copy — usually the one from the second mod or IPL.	Quita una copia — normalmente la del segundo mod o IPL.
Флаги прозрачности в IDE (4/8) не согласованы с альфой текстур модели.	The IDE transparency flags (4/8) disagree with the alpha of the model textures.	Los flags de transparencia del IDE (4/8) no concuerdan con el alfa de las texturas del modelo.
Плавная альфа без флага рисуется в непрозрачном проходе — стекло и тени становятся ступенчатыми или чёрными; флаг без альфы — лишняя сортировка.	Smooth alpha without the flag is drawn in the opaque pass — glass and shadows turn stepped or black; a flag without alpha is needless sorting.	El alfa suave sin flag se dibuja en la pasada opaca — cristal y sombras salen escalonados o negros; un flag sin alfa es ordenación inútil.
Поставь флаг 4 («Исправить: авто») там, где альфа плавная; жёстким вырезам флаг не нужен.	Set flag 4 («Fix: auto») where the alpha is smooth; hard cut-outs need no flag.	Pon el flag 4 («Corregir: auto») donde el alfa es suave; los recortes duros no necesitan flag.
В TXD лежат текстуры, которые не использует ни один материал его моделей.	The TXD holds textures no material of its models uses.	El TXD contiene texturas que ningún material de sus modelos usa.
Грузятся в память вместе со словарём — мёртвый вес стриминга.	Loaded into memory with the dictionary — dead streaming weight.	Se cargan en memoria con el diccionario — peso muerto del streaming.
Удали лишние текстуры из TXD (пересохрани без них).	Remove the spare textures from the TXD (resave without them).	Quita las texturas sobrantes del TXD (vuelve a guardarlo sin ellas).
Одна и та же текстура (имя и размер) лежит во многих TXD.	The same texture (name and size) lies in many TXDs.	La misma textura (nombre y tamaño) está en muchos TXD.
В памяти по копии на каждый словарь.	A copy in memory per dictionary.	Una copia en memoria por diccionario.
Вынеси общие текстуры в один TXD-родитель (txdp) или в generic.txd.	Move shared textures into one parent TXD (txdp) or generic.txd.	Lleva las texturas comunes a un TXD padre (txdp) o a generic.txd.
Записи IMG накладываются друг на друга или между ними много пустых секторов.	IMG entries overlap each other or leave many empty sectors between them.	Las entradas del IMG se solapan o dejan muchos sectores vacíos entre ellas.
Наложение: перезапись одной записи портит другую, стриминг читает чужие байты. Дыры — просто лишний размер архива.	Overlap: rewriting one entry corrupts the other, streaming reads foreign bytes. Gaps are just extra archive size.	Solapamiento: reescribir una entrada corrompe la otra, el streaming lee bytes ajenos. Los huecos solo son tamaño extra del archivo.
Пересобери архив IMG Tool-ом или используй modloader-папку вместо правки на месте.	Rebuild the archive with IMG Tool or use a modloader folder instead of editing in place.	Reconstruye el archivo con IMG Tool o usa una carpeta de modloader en vez de editar en el sitio.
У модели есть vertex colours, но нет ночного набора (Night Vertex Colours).	The model has vertex colours but no night set (Night Vertex Colours).	El modelo tiene vertex colours pero no el juego nocturno (Night Vertex Colours).
Ночью модель остаётся дневной яркости и выделяется среди соседей.	At night the model keeps its daytime brightness and stands out among its neighbours.	De noche el modelo mantiene el brillo diurno y destaca entre sus vecinos.
Замечание к качеству сборки (не краш).	A build-quality note (not a crash).	Nota de calidad del montaje (no es un crash).
Проблема в аудио-данных.	A problem in the audio data.	Problema en los datos de audio.
Пересобрать аудио-файл.	Rebuild the audio file.	Reconstruir el archivo de audio.
Лимит-аджастер включён — убедись, что этот лимит в нём поднят.	Limit adjuster enabled — make sure this limit is raised in it.	Limit adjuster activado — asegúrate de que este límite está subido en él.
Стандартный exe: массив фиксированного размера без проверки.	Standard exe: fixed-size array without a check.	Exe estándar: array de tamaño fijo sin comprobación.
%s: %d из %d (запас меньше 10%%)	%s: %d of %d (less than 10%% spare)	%s: %d de %d (queda menos del 10%%)
Перекрёстные проверки	Cross references	Referencias cruzadas
objs-моделей	objs models	modelos objs
хранилище CAtomicModelInfo переполнено, следующее хранилище затирается	the CAtomicModelInfo store overflows, the next store is overwritten	el almacén CAtomicModelInfo se desborda, se sobrescribe el almacén siguiente
разрушаемых моделей (флаг 0x1000)	breakable models (flag 0x1000)	modelos rompibles (flag 0x1000)
хранилище CDamageAtomicModelInfo на 70	the CDamageAtomicModelInfo store holds 70	el almacén CDamageAtomicModelInfo es de 70
tobj-моделей	tobj models	modelos tobj
хранилище CTimeModelInfo на 169	the CTimeModelInfo store holds 169	el almacén CTimeModelInfo es de 169
anim+hier-моделей	anim+hier models	modelos anim+hier
хранилище CClumpModelInfo на 92	the CClumpModelInfo store holds 92	el almacén CClumpModelInfo es de 92
машин	vehicles	vehículos
хранилище CVehicleModelInfo на 212	the CVehicleModelInfo store holds 212	el almacén CVehicleModelInfo es de 212
педов	peds	peatones
хранилище CPedModelInfo на 278	the CPedModelInfo store holds 278	el almacén CPedModelInfo es de 278
оружия	weapons	armas
хранилище CWeaponModelInfo на 51	the CWeaponModelInfo store holds 51	el almacén CWeaponModelInfo es de 51
навигационных зон (тип 0/1)	navigation zones (type 0/1)	zonas de navegación (tipo 0/1)
381-я затирает m_CurrLevel	the 381st overwrites m_CurrLevel	la 381.ª sobrescribe m_CurrLevel
map-зон (тип 3)	map zones (type 3)	zonas de mapa (tipo 3)
40-я затирает счётчик zone info	the 40th overwrites the zone info counter	la 40.ª sobrescribe el contador de zone info
cull-зон	cull zones	zonas cull
массив CAttributeZone на 1300	the CAttributeZone array holds 1300	el array CAttributeZone es de 1300
туннельных cull-зон (0x80/0x800)	tunnel cull zones (0x80/0x800)	zonas cull de túnel (0x80/0x800)
массив на 40	array of 40	array de 40
зеркальных cull-зон	mirror cull zones	zonas cull de espejo
массив на 72	array of 72	array de 72
окклюдеров %d > 1000 — лишние молча отброшены	occluders %d > 1000 — the extras are silently dropped	oclusores %d > 1000 — los sobrantes se descartan en silencio
интерьерных окклюдеров %d > 40 — лишние молча отброшены	interior occluders %d > 40 — the extras are silently dropped	oclusores de interior %d > 40 — los sobrantes se descartan en silencio
гаражей	garages	garajes
aGarages на 50 без проверки	aGarages holds 50 unchecked	aGarages es de 50 sin comprobación
enex %d > 400 — пул полон, флаги лишних входов OR-ятся в запись 0	enex %d > 400 — the pool is full, the flags of the extra entrances are OR-ed into entry 0	enex %d > 400 — el pool está lleno, los flags de las entradas sobrantes se combinan con OR en la entrada 0
генераторов машин %d > 500 — лишние отброшены	car generators %d > 500 — the extras are dropped	generadores de coches %d > 500 — los sobrantes se descartan
tcyc-боксов	tcyc boxes	cajas tcyc
m_aBoxes на 20 без проверки	m_aBoxes holds 20 unchecked	m_aBoxes es de 20 sin comprobación
audio-боксов	audio boxes	cajas de audio
таблица на 158	table of 158	tabla de 158
audio-сфер	audio spheres	esferas de audio
таблица на 3	table of 3	tabla de 3
хранилище CSimpleModelInfo на 3885 (VC)	the CSimpleModelInfo store holds 3885 (VC)	el almacén CSimpleModelInfo tiene 3885 (VC)
хранилище CSimpleModelInfo на 5000 (III)	the CSimpleModelInfo store holds 5000 (III)	el almacén CSimpleModelInfo tiene 5000 (III)
хранилище CTimeModelInfo на 385 (VC)	the CTimeModelInfo store holds 385 (VC)	el almacén CTimeModelInfo tiene 385 (VC)
хранилище CTimeModelInfo на 30 (III)	the CTimeModelInfo store holds 30 (III)	el almacén CTimeModelInfo tiene 30 (III)
hier-моделей	hier models	modelos hier
хранилище CClumpModelInfo на 5	the CClumpModelInfo store holds 5	el almacén CClumpModelInfo tiene 5
хранилище CVehicleModelInfo на 110 (VC)	the CVehicleModelInfo store holds 110 (VC)	el almacén CVehicleModelInfo tiene 110 (VC)
хранилище CVehicleModelInfo на 120 (III)	the CVehicleModelInfo store holds 120 (III)	el almacén CVehicleModelInfo tiene 120 (III)
хранилище CPedModelInfo на 130 (VC)	the CPedModelInfo store holds 130 (VC)	el almacén CPedModelInfo tiene 130 (VC)
хранилище CPedModelInfo на 90 (III)	the CPedModelInfo store holds 90 (III)	el almacén CPedModelInfo tiene 90 (III)
оружия (weap)	weapons (weap)	armas (weap)
хранилище CWeaponModelInfo на 37	the CWeaponModelInfo store holds 37	el almacén CWeaponModelInfo tiene 37
записей 2dfx	2dfx records	registros 2dfx
хранилище C2dEffect на 1210 (VC)	the C2dEffect store holds 1210 (VC)	el almacén C2dEffect tiene 1210 (VC)
хранилище C2dEffect на 2000 (III)	the C2dEffect store holds 2000 (III)	el almacén C2dEffect tiene 2000 (III)
слотов TXD	TXD slots	ranuras TXD
пул CTxdStore на 1385 (VC) — CPool::New вернёт NULL, AddTxdSlot разыменует его	the CTxdStore pool holds 1385 (VC) — CPool::New returns NULL, AddTxdSlot dereferences it	el pool CTxdStore tiene 1385 (VC) — CPool::New devuelve NULL, AddTxdSlot lo desreferencia
пул CTxdStore на 850 (III) — CPool::New вернёт NULL, AddTxdSlot разыменует его	the CTxdStore pool holds 850 (III) — CPool::New returns NULL, AddTxdSlot dereferences it	el pool CTxdStore tiene 850 (III) — CPool::New devuelve NULL, AddTxdSlot lo desreferencia
стримовых .col	streamed .col files	archivos .col en streaming
пул CColStore на 31 (VC)	the CColStore pool holds 31 (VC)	el pool CColStore tiene 31 (VC)
зон типа 0/1 (навигация)	zones of type 0/1 (navigation)	zonas de tipo 0/1 (navegación)
NavigationZoneArray на 20 (VC)	NavigationZoneArray holds 20 (VC)	NavigationZoneArray tiene 20 (VC)
зон типа 2 (info)	zones of type 2 (info)	zonas de tipo 2 (info)
InfoZoneArray на 169 (VC) — ваниль 165	InfoZoneArray holds 169 (VC) — vanilla has 165	InfoZoneArray tiene 169 (VC) — vanilla tiene 165
MapZoneArray на 39 (VC)	MapZoneArray holds 39 (VC)	MapZoneArray tiene 39 (VC)
зон (типы 0/1/2)	zones (types 0/1/2)	zonas (tipos 0/1/2)
ZoneArray на 50 (III)	ZoneArray holds 50 (III)	ZoneArray tiene 50 (III)
MapZoneArray на 25 (III)	MapZoneArray holds 25 (III)	MapZoneArray tiene 25 (III)
DFF «%s.dff» нет ни в одном IMG (и нет loose-файла) — модель никогда не загрузится%s	DFF «%s.dff» is in no IMG (and there is no loose file) — the model never loads%s	el DFF «%s.dff» no está en ningún IMG (ni hay archivo suelto) — el modelo nunca cargará%s
, а она размещена %d раз	, yet it is placed %d times	, y está colocado %d veces
Проверь имя в IMG (регистр не важен, но имя ≤ 20 символов) и что IMG перечислен в gta.dat.	Check the name in the IMG (case does not matter, but the name is ≤ 20 characters) and that the IMG is listed in gta.dat.	Comprueba el nombre en el IMG (no importan las mayúsculas, pero el nombre es ≤ 20 caracteres) y que el IMG esté en gta.dat.
TXD «%s.txd» нет ни в одном IMG — ConvertBufferToObject будет запрашивать его вечно, модель не появится	TXD «%s.txd» is in no IMG — ConvertBufferToObject will request it forever, the model never appears	el TXD «%s.txd» no está en ningún IMG — ConvertBufferToObject lo pedirá eternamente, el modelo no aparecerá
«%s» — LOD-модель, но ни одна строка IPL не ссылается на неё как на LOD (поле lod). Игра считает её обычным объектом, а у неё нет COL → краш при загрузке зоны	«%s» is a LOD model, but no IPL line references it as a LOD (the lod field). The game treats it as an ordinary object, and it has no COL → crash on loading the zone	«%s» es un modelo LOD, pero ninguna línea IPL lo referencia como LOD (campo lod). El juego lo trata como objeto normal, y no tiene COL → crash al cargar la zona
Свяжи копии «%s» с этим LOD: строка модели в IPL → кнопка «Связать все копии с LOD». LOD с привязанной моделью COL не нужен.	Link the copies of «%s» to this LOD: the model's line in the IPL → the «Link every copy to its LOD» button. A LOD with a linked model needs no COL.	Enlaza las copias de «%s» con este LOD: la línea del modelo en el IPL → botón «Enlazar todas las copias con su LOD». Un LOD con modelo enlazado no necesita COL.
«%s» расставлена в IPL (%d раз), но COL-записи с таким именем нет ни в одном .col — краш при загрузке зоны	«%s» is placed in the IPL (%d times), but no .col has a COL entry with that name — crash on loading the zone	«%s» está colocado en el IPL (%d veces), pero ningún .col tiene una entrada COL con ese nombre — crash al cargar la zona
Добавь COL-запись с именем модели (в .col архива или отдельный .col). Если это LOD-модель — назови её LOD<имя> и привяжи к модели.	Add a COL entry named after the model (in the archive's .col or a separate .col). If it is a LOD model — name it LOD<name> and link it to the model.	Añade una entrada COL con el nombre del modelo (en el .col del archivo IMG o en un .col aparte). Si es un modelo LOD — llámalo LOD<nombre> y enlázalo al modelo.
сфера DFF (r=%.1f) заметно больше сферы COL (r=%.1f) — визуальная модель отсекается по COL-сфере и будет пропадать у края экрана	the DFF sphere (r=%.1f) is noticeably larger than the COL sphere (r=%.1f) — the visual model is culled by the COL sphere and will vanish at the screen edge	la esfera del DFF (r=%.1f) es bastante mayor que la esfera del COL (r=%.1f) — el modelo visual se recorta por la esfera del COL y desaparecerá en el borde de la pantalla
объявлена в IDE, но нигде не размещена в IPL	declared in an IDE but placed in no IPL	declarado en un IDE pero no colocado en ningún IPL
…и ещё %d моделей без DFF	…and %d more models without a DFF	…y %d modelos más sin DFF
…и ещё %d моделей без TXD	…and %d more models without a TXD	…y %d modelos más sin TXD
…и ещё %d размещённых моделей без COL	…and %d more placed models without a COL	…y %d modelos colocados más sin COL
…и ещё %d неразмещённых моделей	…and %d more unplaced models	…y %d modelos más sin colocar
%d TXD в архивах не используются ни одной IDE-моделью (занимают слоты пула 5000)	%d TXDs in the archives are used by no IDE model (they take slots of the 5000 pool)	%d TXD de los archivos no los usa ningún modelo IDE (ocupan slots del pool de 5000)
Отменено	Cancelled	Cancelado
не найден чанк TEXDICTIONARY	TEXDICTIONARY chunk not found	no se encontró el chunk TEXDICTIONARY
нет STRUCT словаря	no dictionary STRUCT	no hay STRUCT del diccionario
в заголовке %d текстур, найдено %d	%d textures in the header, %d found	%d texturas en la cabecera, %d encontradas
нет STRUCT	no STRUCT	no hay STRUCT
STRUCT короче заголовка	STRUCT shorter than the header	STRUCT más corto que la cabecera
уровень %d выходит за STRUCT	level %d runs past the STRUCT	el nivel %d se sale del STRUCT
фильтр→LINEARMIPLINEAR 	filter→LINEARMIPLINEAR 	filtro→LINEARMIPLINEAR 
маска снята 	mask cleared 	máscara quitada 
флаг alpha 	alpha flag 	bandera alpha 
%s: формат %s не декодируется — оставлено как есть	%s: format %s cannot be decoded — left as is	%s: el formato %s no se puede decodificar — se deja tal cual
%s: формат %s не декодируется	%s: format %s cannot be decoded	%s: el formato %s no se decodifica
текстура №%d битая (%s) — файл не пересобрать	texture #%d is broken (%s) — the file cannot be rebuilt	la textura n.º %d está rota (%s) — el archivo no se puede reconstruir
Инфо	Info	Info
Предупреждение	Warning	Advertencia
Ошибка	Error	Error
Краш	Crash	Crash
Педы	Peds	Peatones
Пути	Paths	Rutas
Связи	Links	Referencias
Лимиты	Limits	Límites
Машины	Vehicles	Vehículos
Педы: данные	Peds: data	Peatones: datos
Одежда CJ	CJ clothes	Ropa de CJ
Катсцены	Cutscenes	Cinemáticas
Скрипт	Script	Script
UI-текстуры	UI textures	Texturas UI
Аудио	Audio	Audio
Качество	Quality	Calidad
не определена	not detected	no detectado
не удалось прочитать 	could not read 	no se pudo leer 
не удалось открыть 	could not open 	no se pudo abrir 
запись больше 256 МБ	entry larger than 256 MB	entrada de más de 256 MB
запись выходит за конец архива (прочитано %u из %u байт)	entry runs past the end of the archive (%u of %u bytes read)	la entrada sobrepasa el final del archivo (leídos %u de %u bytes)
gtacheck — отчёт проверки\n	gtacheck — check report\n	gtacheck — informe de comprobación\n
Папка: %s\nИгра: %s\n	Folder: %s\nGame: %s\n	Carpeta: %s\nJuego: %s\n
Проблем: %d (краш %d, ошибок %d, предупреждений %d, инфо %d)\n	Problems: %d (crash %d, errors %d, warnings %d, info %d)\n	Problemas: %d (crash %d, errores %d, advertencias %d, info %d)\n
Скрыто ванильных: %d (те же сообщения есть у чистой игры (SA 1.0 US / III / VC))\n	Vanilla hidden: %d (a stock game — SA 1.0 US / III / VC — produces the same messages)\n	Vanilla ocultos: %d (un juego limpio — SA 1.0 US / III / VC — produce los mismos mensajes)\n
gtacheck — отчёт проверки	gtacheck — check report	gtacheck — informe de la comprobación
Скрыто игнорируемых: %d (gta_check_ignore.txt)\n	Hidden ignored: %d (gta_check_ignore.txt)\n	Ignoradas ocultas: %d (gta_check_ignore.txt)\n
Уровень	Severity	Nivel
Категория	Category	Categoría
Сообщение	Message	Mensaje
Пояснения для этого кода пока нет	No help for this code yet	Todavía no hay explicación para este código
Деление по районам сделано для SA (поле lod в IPL, COL в IMG)	The district split is made for SA (the lod field in IPL, COL in IMG)	La división por distritos está hecha para SA (campo lod en el IPL, COL en el IMG)
Те же сообщения есть у чистой SA 1.0 US — игра с ними работает. Показать их можно в настройках.	Stock SA 1.0 US produces the same messages — the game runs with them. They can be shown in the settings.	La SA 1.0 US limpia produce los mismos mensajes — el juego funciona con ellos. Se pueden mostrar en los ajustes.
Не показывать проблемы, которые есть и у чистой SA 1.0 US (тот же код, файл, объект и текст):\nигра с ними работает, для кастомной сборки это шум. Переключается без перепроверки.	Hide problems that stock SA 1.0 US has too (same code, file, object and text):\nthe game runs with them, for a custom build they are noise. Toggles without re-checking.	No mostrar los problemas que también tiene la SA 1.0 US limpia (mismo código, archivo, objeto y texto):\nel juego funciona con ellos, en una build personalizada son ruido. Cambia sin volver a comprobar.
Скрыто ванильных: %d (те же сообщения есть у чистой SA 1.0 US)\n	Vanilla hidden: %d (stock SA 1.0 US produces the same messages)\n	Vanilla ocultos: %d (la SA 1.0 US limpia produce los mismos mensajes)\n
water.dat: строка не из 28/29 (квад) и не 21/22 (треугольник) полей.	water.dat: a line that is neither 28/29 (quad) nor 21/22 (triangle) fields.	water.dat: una línea que no tiene 28/29 campos (quad) ni 21/22 (triángulo).
Разберётся как треугольник с мусорными вершинами.	Parsed as a triangle with garbage vertices.	Se analiza como un triángulo con vértices basura.
Квад: 4 вершины × 7 чисел + тип; треугольник: 3 вершины.	Quad: 4 vertices × 7 numbers + type; triangle: 3 vertices.	Quad: 4 vértices × 7 números + tipo; triángulo: 3 vértices.
III/VC: waterpro.dat короче ожидаемого, число уровней вне 0..48 или секторы ссылаются на несуществующий уровень.	III/VC: waterpro.dat shorter than expected, level count outside 0..48, or sectors referencing a level that does not exist.	III/VC: waterpro.dat más corto de lo esperado, número de niveles fuera de 0..48 o sectores que refieren a un nivel inexistente.
Недочитанные таблицы остаются нулями — вода на нулевой высоте или её нет; ссылки за массив дают мусорную высоту.	The unread tables stay zero — water at height zero or none at all; references past the array give a garbage height.	Las tablas no leídas quedan en cero — agua a altura cero o sin agua; las referencias fuera del array dan una altura basura.
Пересохранить waterpro.dat редактором воды (21444 байта).	Re-save waterpro.dat with a water editor (21444 bytes).	Volver a guardar waterpro.dat con un editor de agua (21444 bytes).
версия RW 0x%X (libid 0x%08X) вне 3.4.0.0–3.6.0.3 — RwErrorSet, RpClumpStreamRead вернёт NULL → модель никогда не загрузится	RW version 0x%X (libid 0x%08X) outside 3.4.0.0–3.6.0.3 — RwErrorSet, RpClumpStreamRead returns NULL → the model never loads	versión RW 0x%X (libid 0x%08X) fuera de 3.4.0.0–3.6.0.3 — RwErrorSet, RpClumpStreamRead devuelve NULL → el modelo nunca cargará
погоды × 8	weathers × 8	climas × 8
версия RW чанка 0x%X вне 3.4.0.0–3.6.0.3 (libid 0x%08X) — LOAD-FAIL	RW chunk version 0x%X outside 3.4.0.0–3.6.0.3 (libid 0x%08X) — LOAD-FAIL	versión RW del chunk 0x%X fuera de 3.4.0.0–3.6.0.3 (libid 0x%08X) — LOAD-FAIL
III/VC берут последнюю	III/VC take the last one	III/VC toman la última
id %d вне диапазона 0..19999 — запись мимо ms_modelInfoPtrs	id %d outside 0..19999 — write past ms_modelInfoPtrs	id %d fuera del rango 0..19999 — escritura fuera de ms_modelInfoPtrs
id модели %d вне 0..19999 — чтение мимо ms_modelInfoPtrs, вызов по мусорному указателю	model id %d outside 0..19999 — read past ms_modelInfoPtrs, call through a garbage pointer	id de modelo %d fuera de 0..19999 — lectura fuera de ms_modelInfoPtrs, llamada por un puntero basura
id модели в IDE вне 0..19999.	A model id in the IDE is outside 0..19999.	Un id de modelo en el IDE está fuera de 0..19999.
Дать модели свободный id в пределах 0..19999.	Give the model a free id within 0..19999.	Dar al modelo un id libre dentro de 0..19999.
SA берёт ПЕРВУЮ зарегистрированную запись (порядок gta.dat и каталога); остальные копии не используются.	SA takes the FIRST registered entry (gta.dat and directory order); the other copies are not used.	SA toma la PRIMERA entrada registrada (orden de gta.dat y del directorio); las demás copias no se usan.
Ped-DFF: нет атомиков или последний атомик без скина.	Ped DFF: no atomics, or the last atomic has no skin.	DFF de ped: sin atomics, o el último atomic no tiene skin.
CPedModelInfo::SetClump ждёт скин на атомике — иерархия не назначится, краш при спавне.	CPedModelInfo::SetClump expects a skin on the atomic — the hierarchy is not assigned, crash at spawn.	CPedModelInfo::SetClump espera un skin en el atomic — la jerarquía no se asigna, cierre al aparecer.
Один скинованный атомик в клампе; для педов без скина использовать objs, а не peds.ide.	One skinned atomic in the clump; peds without a skin belong in objs, not peds.ide.	Un atomic con skin en el clump; los peds sin skin van en objs, no en peds.ide.
Движок обращается к ним на каждом педе (хит-сферы, тени) и пишет мимо массива матриц; условные (пальцы, лицо) — только при соответствующем действии.	The engine touches them on every ped (hit spheres, shadows) and writes past the matrix array; the conditional ones (fingers, face) only on the matching action.	El motor los toca en cada ped (esferas de impacto, sombras) y escribe fuera del array de matrices; los condicionales (dedos, cara) solo en la acción correspondiente.
Полный стандартный скелет SA (Pelvis, Spine, Neck, Head, руки, ноги …).	The full standard SA skeleton (Pelvis, Spine, Neck, Head, arms, legs …).	El esqueleto estándar completo de SA (Pelvis, Spine, Neck, Head, brazos, piernas …).
platformId 8 (D3D8 — формат III/VC).	platformId 8 (D3D8 — the III/VC format).	platformId 8 (D3D8 — formato de III/VC).
SA принимает только 9 — текстура не загрузится (LOAD-FAIL).	SA accepts 9 only — the texture will not load (LOAD-FAIL).	SA solo acepta 9 — la textura no se cargará (LOAD-FAIL).
Пересохранить TXD как D3D9 (SA).	Re-save the TXD as D3D9 (SA).	Reguardar el TXD como D3D9 (SA).
Палитровая текстура (PAL4/PAL8).	A paletted texture (PAL4/PAL8).	Una textura con paleta (PAL4/PAL8).
PAL4 не загрузится; PAL8 не поддерживается современными видеокартами.	PAL4 will not load; PAL8 is not supported by modern GPUs.	PAL4 no se cargará; las GPU modernas no admiten PAL8.
Подсказка id в COL не совпадает с IDE.	The id hint in the COL does not match the IDE.	La pista de id del COL no coincide con el IDE.
Безвредно — имя главнее.	Harmless — the name takes priority.	Inofensivo — el nombre manda.
Больше 180 IFP-блоков.	More than 180 IFP blocks.	Más de 180 bloques IFP.
Всего анимаций больше 2500.	More than 2500 animations in total.	Más de 2500 animaciones en total.
Имя handling не из 210 встроенных.	The handling name is not one of the 210 built-in ones.	El nombre de handling no es uno de los 210 integrados.
GetHandlingId не найдёт — машина без физики (или чужая).	GetHandlingId will not find it — a vehicle without physics (or someone else's).	GetHandlingId no lo encontrará — vehículo sin física (o con una ajena).
Запись уйдёт в чужой массив — порча данных других машин.	The record goes into a foreign array — other vehicles' data gets corrupted.	El registro va a un array ajeno — se corrompen los datos de otros vehículos.
LOD-модели грузятся на любом расстоянии — вся карта целиком, как издалека; обычные модели — по своей дальности. В цветных режимах без текстур это быстро	LOD models load at any distance — the whole map at once, as from afar; ordinary models by their own draw distance. Fast in the colour modes, which use no textures	Los modelos LOD se cargan a cualquier distancia — todo el mapa de una vez, como desde lejos; los modelos normales según su distancia. Rápido en los modos de color, que no usan texturas
Режимы «цвет:» на 3D-карте: включено — цвет умножается на текстуру (видны детали), выключено — сплошная заливка, форма от освещения	The «colour:» modes of the 3D map: on — the colour multiplies the texture (details stay visible), off — solid fill, shape from the lighting	Modos «color:» del mapa 3D: activado — el color multiplica la textura (se ven los detalles), desactivado — relleno sólido, la forma viene de la iluminación
делений %d	divisions %d	divisiones %d
клеток	cells	celdas
IPL-файлов после: %d из 256 слотов	IPL files after: %d of 256 slots	Archivos IPL después: %d de 256 slots
Тянуть — вращать, колесо — приблизить	Drag — rotate, wheel — zoom	Arrastrar — girar, rueda — acercar
мод:	mod:	mod:
%d из %d текстур не использует ни один материал моделей этого TXD (%u КБ): %s%s	%d of %d textures are used by no material of this TXD's models (%u KB): %s%s	%d de %d texturas no las usa ningún material de los modelos de este TXD (%u KB): %s%s
положи gta_check.exe в папку игры (рядом с gta_sa.exe)	put gta_check.exe into the game folder (next to gta_sa.exe)	pon gta_check.exe en la carpeta del juego (junto a gta_sa.exe)
Просмотр	View	Vista
Язык интерфейса и сообщений (переключается сразу)	Interface and message language (switches immediately)	Idioma de la interfaz y de los mensajes (cambia al instante)
Панель справа: модель в 3D, текстуры TXD или текст файла для выбранной строки	Right panel: the model in 3D, the TXD textures or the text of the file for the selected row	Panel derecho: el modelo en 3D, las texturas del TXD o el texto del archivo de la fila seleccionada
Поиск  (Ctrl+F)	Search  (Ctrl+F)	Buscar  (Ctrl+F)
Очистить поиск	Clear the search	Borrar la búsqueda
мод: все	mod: all	mod: todos
Показать только строки, чьи файлы принадлежат этому моду modloader или неванильному архиву IMG	Show only the rows whose files belong to this modloader mod or non-stock IMG archive	Mostrar solo las filas cuyos archivos pertenecen a este mod de modloader o a un archivo IMG no vanilla
ни одной##cats	none##cats	ninguna##cats
все##cats	all##cats	todas##cats
меню паузы — арт игры, Russo	pause menu — game art, Russo	menú de pausa — arte del juego, Russo
спокойный — плоский, Inter	calm — flat, Inter	sereno — plano, Inter
терминал — янтарный CRT, моноширинный	terminal — amber CRT, monospace	terminal — CRT ámbar, monoespaciada
оформление	look	estilo
Переключается сразу. Палитра игры (SA/VC/III) действует в обоих.	Switches at once. The game palette (SA/VC/III) applies to both.	Cambia al instante. La paleta del juego (SA/VC/III) se aplica a ambos.
Настройки…	Settings…	Ajustes…
[Ctrl+F] Поиск  [ПКМ] Где используется  [2×клик] Открыть  [Esc] Закрыть	[Ctrl+F] Search  [RMB] Where used  [2×click] Open  [Esc] Close	[Ctrl+F] Buscar  [BDR] Dónde se usa  [2×clic] Abrir  [Esc] Cerrar
Сохранение идёт в эту папку, игра не меняется (Настройки… → Сохранение)	Saving goes to this folder, the game is not changed (Settings… → Saving)	El guardado va a esta carpeta, el juego no cambia (Ajustes… → Guardado)
Что проверять, modloader, лимит-аджастер, показ ванильного, фон	What to check, modloader, limit adjuster, vanilla visibility, backdrop	Qué comprobar, modloader, limit adjuster, mostrar vanilla, fondo
Строка %d. Правки попадают в файл после «Сохранить» (Ctrl+S).	Line %d. Edits go into the file after «Save» (Ctrl+S).	Línea %d. Los cambios van al archivo tras «Guardar» (Ctrl+S).
Строка %d.	Line %d.	Línea %d.
Текстур: %d · %u байт · %s	Textures: %d · %u bytes · %s	Texturas: %d · %u bytes · %s
Не используется: ни один материал моделей этого TXD не ссылается на эту текстуру (QLT-12) — её можно удалить	Unused: no material of this TXD's models references this texture (QLT-12) — it can be deleted	No se usa: ningún material de los modelos de este TXD referencia esta textura (QLT-12) — se puede eliminar
выбранная	selected	seleccionada
коллизия:	collision:	colisión:
Без каркаса COL	No COL wireframe	Sin malla COL
Каркас COL голубым у выбранной модели (все её копии в кадре)	The COL wireframe in blue on the selected model (every copy in view)	La malla COL en azul en el modelo seleccionado (todas sus copias en el encuadre)
Скрыть категорию	Hide the category	Ocultar la categoría
Показать категорию	Show the category	Mostrar la categoría
Снова показывать эту строку	Show this row again	Mostrar esta fila de nuevo
Принять как есть: строка уходит из таблицы и счётчиков (и из «Исправить всё»), запоминается в gta_check_ignore.txt этой папки	Accept as is: the row leaves the table and the counters (and «Fix all»), remembered in gta_check_ignore.txt of this folder	Aceptar tal cual: la fila sale de la tabla y de los contadores (y de «Corregir todo»), se guarda en gta_check_ignore.txt de esta carpeta
фильтр 0x%X	filter 0x%X	filtro 0x%X
Выбери текстуру слева	Pick a texture on the left	Elige una textura a la izquierda
LOD-модель «%s» с %d детьми и без COL — коллизию наследует только LOD ровно с одним ребёнком	LOD model «%s» with %d children and no COL — only a LOD with exactly one child inherits the collision	modelo LOD «%s» con %d hijos y sin COL — solo hereda la colisión un LOD con exactamente un hijo
«%s» размещена в IPL (%d раз), но ни один .col не содержит записи с этим именем — CEntity::GetBoundRect разыменует NULL при загрузке сцены	«%s» is placed in IPLs (%d times), but no .col holds an entry with this name — CEntity::GetBoundRect dereferences NULL when the scene loads	«%s» está colocado en IPL (%d veces), pero ningún .col contiene una entrada con ese nombre — CEntity::GetBoundRect desreferencia NULL al cargar la escena
Каждой размещённой модели нужна COL-запись (или сделай её LOD-ом с одним ребёнком).	Every placed model needs a COL entry (or make it a LOD with one child).	Todo modelo colocado necesita una entrada COL (o conviértelo en LOD con un solo hijo).
Ужми текстуры (DXT, ≤ 1024 для обычных объектов) или разбей TXD по моделям.	Shrink the textures (DXT, ≤ 1024 for ordinary objects) or split the TXD per model.	Reduce las texturas (DXT, ≤ 1024 para objetos normales) o reparte el TXD por modelos.
сектор x %d..%d, y %d..%d: %d объектов в 50×50 м (в ванили не больше ~80) — списки сектора и рендер этого квадрата тормозят	sector x %d..%d, y %d..%d: %d objects in 50×50 m (vanilla never exceeds ~80) — the sector lists and the rendering of this square stutter	sector x %d..%d, y %d..%d: %d objetos en 50×50 m (en vanilla no más de ~80) — las listas del sector y el render de ese cuadrado se atascan
Объединяй мелочь в одну модель, лишние копии убери; смотри тепловую карту в панели «Карта».	Merge small things into one model, drop extra copies; see the heat map in the «Map» panel.	Junta lo pequeño en un solo modelo, quita copias sobrantes; mira el mapa de calor en el panel «Mapa».
самое тяжёлое место карты: около (%d, %d) в радиусе видимости %d объектов на %.0f МБ моделей и текстур%s (самый нагруженный сектор — %d объектов)	the heaviest spot of the map: around (%d, %d) %d objects within view distance, %.0f MB of models and textures%s (the busiest sector — %d objects)	el punto más pesado del mapa: cerca de (%d, %d) hay %d objetos a distancia de vista con %.0f MB de modelos y texturas%s (el sector más cargado — %d objetos)
Тепловая карта нагрузки — в панели «Карта» (слой «стриминг»).	The load heat map is in the «Map» panel (the «streaming» layer).	El mapa de calor de carga está en el panel «Mapa» (capa «streaming»).
Удали лишние текстуры из TXD — они грузятся в память вместе со словарём.	Remove the spare textures from the TXD — they load into memory with the dictionary.	Quita las texturas sobrantes del TXD — se cargan en memoria junto con el diccionario.
%s: исправлено фреймов %d (оригинал: %s)\n	%s: %d frames fixed (original: %s)\n	%s: %d frames corregidos (original: %s)\n
%s: исправлено фреймов %d → %s\n	%s: frames fixed %d → %s\n	%s: frames corregidos %d → %s\n
Токен длиннее 31 символа.	A token longer than 31 characters.	Un token de más de 31 caracteres.
sscanf %s в 32-байтный буфер — переполнение стека.	sscanf %s into a 32-byte buffer — a stack overflow.	sscanf %s en un búfer de 32 bytes — desbordamiento de pila.
Строка до первой строки типа.	A line before the first type line.	Una línea antes de la primera línea de tipo.
Индекс типа = 32 — запись за массивом.	Type index = 32 — a write past the array.	Índice de tipo = 32 — escritura fuera del array.
Сначала строка типа.	The type line first.	Primero la línea de tipo.
Имя типа педа не из 32 (регистр важен).	A ped type name not among the 32 (case matters).	Un nombre de tipo de ped que no está entre los 32 (importan las mayúsculas).
Вклад в маску 0 — тип не учитывается.	Contribution to the mask 0 — the type is not counted.	Aporte a la máscara 0 — el tipo no se tiene en cuenta.
Точное имя типа.	The exact type name.	El nombre exacto del tipo.
Токен ≥ 32 символов.	A token ≥ 32 characters.	Un token ≥ 32 caracteres.
Блок для player-типа.	A block for the player type.	Un bloque para el tipo player.
44-я строка данных.	A 44th data line.	Una 44.ª línea de datos.
Блок рассчитан на 43 — запись за концом.	The block is sized for 43 — a write past the end.	El bloque está pensado para 43 — escritura más allá del final.
Запись за концом блока — порча кучи.	A write past the end of the block — heap corruption.	Escritura más allá del final del bloque — corrupción del heap.
Имя ≥ 32 символов.	A name ≥ 32 characters.	Un nombre ≥ 32 caracteres.
Имя 24..31 символа.	A name of 24..31 characters.	Un nombre de 24..31 caracteres.
NUL уезжает в следующее поле — статы затираются.	The NUL slides into the next field — the stats get overwritten.	El NUL se desliza al campo siguiente — las estadísticas se sobrescriben.
Не 43 строки в pedstats.dat.	Not 43 lines in pedstats.dat.	pedstats.dat no tiene 43 líneas.
Статы адресуются по позиции — сдвиг ломает всех педов.	Stats are addressed by position — a shift breaks every ped.	Las estadísticas se direccionan por posición — un desplazamiento rompe a todos los peds.
Ровно 43 строки в ванильном порядке.	Exactly 43 lines in the vanilla order.	Exactamente 43 líneas en el orden original.
Значение вне 0..255.	A value outside 0..255.	Un valor fuera de 0..255.
Хранится байтом.	Stored as a byte.	Se guarda en un byte.
Не 11 полей.	Not 11 fields.	No hay 11 campos.
Мусор в недостающих.	Garbage in the missing ones.	Basura en los que faltan.
11 полей.	11 fields.	11 campos.
Последняя строка без перевода строки.	The last line has no line break.	La última línea no termina en salto de línea.
Сканер ищет 0x0A за буфером.	The scanner looks for 0x0A past the buffer.	El escáner busca 0x0A más allá del búfer.
Добавить перевод строки в конце.	Add a line break at the end.	Añadir un salto de línea al final.
58-я группа педов.	A 58th ped group.	Un 58.º grupo de peds.
Массив на 57 — затираются соседние флаги.	The array holds 57 — the neighbouring flags get overwritten.	El array es de 57 — se sobrescriben los flags vecinos.
Не больше 57.	No more than 57.	No más de 57.
Не 57 групп.	Not 57 groups.	No hay 57 grupos.
Поздние группы (dealers, shopkeepers…) съедут.	The later groups (dealers, shopkeepers…) shift.	Los grupos posteriores (dealers, shopkeepers…) se desplazan.
Ровно 57 в ванильном порядке.	Exactly 57 in the vanilla order.	Exactamente 57 en el orden original.
Модель не педа в группе педов.	A non-ped model in a ped group.	Un modelo que no es ped en un grupo de peds.
CPopulation прочитает не ту структуру — краш.	CPopulation reads the wrong structure — a crash.	CPopulation lee la estructura equivocada — cierre.
Только модели педов.	Ped models only.	Solo modelos de peds.
Больше 21 имени в группе.	More than 21 names in a group.	Más de 21 nombres en un grupo.
Читаются первые 21.	The first 21 are read.	Se leen los primeros 21.
Режется на две — сдвиг групп.	Cut in two — the groups shift.	Se corta en dos — los grupos se desplazan.
Сканер уходит за буфер.	The scanner runs past the buffer.	El escáner se sale del búfer.
Добавить перевод строки.	Add a line break.	Añadir un salto de línea.
Группа банды без найденных моделей.	A gang group with no models found.	Un grupo de banda sin modelos encontrados.
Банда не может появиться.	The gang cannot appear.	La banda no puede aparecer.
Хотя бы одна существующая модель.	At least one existing model.	Al menos un modelo existente.
popcycle.dat: не 480 строк данных.	popcycle.dat: not 480 data lines.	popcycle.dat: no hay 480 líneas de datos.
LoadLine вернёт NULL — краш при старте.	LoadLine returns NULL — a crash at startup.	LoadLine devuelve NULL — cierre al arrancar.
20 зон × 2 × 12 = 480 строк.	20 zones × 2 × 12 = 480 lines.	20 zonas × 2 × 12 = 480 líneas.
Больше 480 строк.	More than 480 lines.	Más de 480 líneas.
Читаются первые 480.	The first 480 are read.	Se leen las primeras 480.
Не 24 числа в строке.	Not 24 numbers in a line.	No hay 24 números en la línea.
Недостающие — от предыдущей строки/мусор.	The missing ones — from the previous line/garbage.	Los que faltan — de la línea anterior/basura.
24 числа.	24 numbers.	24 números.
Все 18 процентов групп = 0.	All 18 group percentages = 0.	Los 18 porcentajes de grupos = 0.
Деление на 0 → NaN — все проценты 0, всё достаётся последней группе.	Division by 0 → NaN — every percentage is 0, everything goes to the last group.	División por 0 → NaN — todos los porcentajes son 0, todo va al último grupo.
Хотя бы один процент > 0.	At least one percentage > 0.	Al menos un porcentaje > 0.
count не инициализирован — new(мусор).	count is uninitialised — new(garbage).	count no está inicializado — new(basura).
Заголовок: имя, база, тип, count.	Header: name, base, type, count.	Cabecera: nombre, base, tipo, count.
Имя группы ≥ 16 символов.	A group name ≥ 16 characters.	Un nombre de grupo ≥ 16 caracteres.
NUL теряется — имя не совпадёт.	The NUL is lost — the name will not match.	El NUL se pierde — el nombre no coincidirá.
Токен заголовка ≥ 32.	A header token ≥ 32.	Un token de cabecera ≥ 32.
Строк анимаций больше count.	More animation lines than count.	Más líneas de animación que count.
Запись за массивом.	A write past the array.	Escritura fuera del array.
Строк анимаций меньше count.	Fewer animation lines than count.	Menos líneas de animación que count.
Пустые слоты — позиционные AnimId сдвигаются.	Empty slots — the positional AnimIds shift.	Slots vacíos — los AnimId posicionales se desplazan.
count 0 и сразу end.	count 0 followed by end.	count 0 y enseguida end.
Пустая группа.	An empty group.	Grupo vacío.
Группа не закрыта «end».	The group is not closed with «end».	El grupo no se cierra con «end».
Следующий заголовок съедается как анимация.	The next header is swallowed as an animation.	La siguiente cabecera se traga como una animación.
pedType не из 32 имён.	pedType not among the 32 names.	pedType no está entre los 32 nombres.
FindPedType → 32 — чтение за таблицей.	FindPedType → 32 — a read past the table.	FindPedType → 32 — lectura fuera de la tabla.
statName нет среди 43 строк pedstats.dat.	statName is not among the 43 lines of pedstats.dat.	statName no está entre las 43 líneas de pedstats.dat.
Тип статов 16 (по умолчанию).	Stat type 16 (the default).	Tipo de estadísticas 16 (por defecto).
voiceType не из списка.	voiceType not from the list.	voiceType fuera de la lista.
voice нет в таблице.	voice is not in the table.	voice no está en la tabla.
Имя голоса из таблицы (регистр важен).	A voice name from the table (case matters).	Un nombre de voz de la tabla (importan las mayúsculas).
radio вне −1..254.	radio outside −1..254.	radio fuera de −1..254.
Хранится u8 после +1.	Stored as u8 after +1.	Se guarda como u8 tras +1.
Слишком длинный токен в peds.ide.	A token in peds.ide that is too long.	Un token demasiado largo en peds.ide.
Переполнение стека — краш при загрузке.	A stack overflow — a crash while loading.	Desbordamiento de pila — cierre al cargar.
Строка длиннее 255.	A line longer than 255.	Una línea de más de 255.
42-е событие в decision maker.	A 42nd event in a decision maker.	Un 42.º evento en un decision maker.
Вмещает 41 — запись за концом.	It holds 41 — a write past the end.	Caben 41 — escritura más allá del final.
Номер события вне 0..95.	An event number outside 0..95.	Un número de evento fuera de 0..95.
Запись мимо массива.	A write past the array.	Escritura fuera del array.
Файл decision maker не найден.	A decision maker file is not found.	No se encontró un archivo de decision maker.
Педы этого типа без решений (стоят столбом).	Peds of this type make no decisions (stand still).	Los peds de ese tipo no toman decisiones (se quedan plantados).
Строка длиннее 511.	A line longer than 511.	Una línea de más de 511.
id события вне 0..95.	An event id outside 0..95.	Un id de evento fuera de 0..95.
Событие не перечислено в PedEvent.txt.	The event is not listed in PedEvent.txt.	El evento no está en PedEvent.txt.
Индекс 0 — перезаписывается решение первого события.	Index 0 — the decision of the first event is overwritten.	Índice 0 — se sobrescribe la decisión del primer evento.
Использовать события из PedEvent.txt.	Use events from PedEvent.txt.	Usar eventos de PedEvent.txt.
7-я строка матрицы surfaud/surface.	A 7th row of the surfaud/surface matrix.	Una 7.ª fila de la matriz surfaud/surface.
Матрица 6×6 полна — запись уходит в другие данные.	The 6×6 matrix is full — the record goes into other data.	La matriz 6×6 está llena — el registro va a otros datos.
Матрица 6×6 полна.	The 6×6 matrix is full.	La matriz 6×6 está llena.
Не то число значений в строке.	The wrong number of values in a row.	Número incorrecto de valores en la fila.
Недостающие = 0 (нулевое трение).	The missing ones = 0 (zero friction).	Los que faltan = 0 (fricción cero).
Поверхность не из 179 встроенных.	A surface not among the 179 built-in ones.	Una superficie que no está entre las 179 integradas.
id 0 — свойства default.	id 0 — the default properties.	id 0 — propiedades por defecto.
Точное имя поверхности.	The exact surface name.	El nombre exacto de la superficie.
Не 36 полей.	Not 36 fields.	No hay 36 campos.
adhesionGroup не из списка.	adhesionGroup not from the list.	adhesionGroup fuera de la lista.
Биты не меняются.	The bits do not change.	Los bits no cambian.
tyreGrip×10 вне байта.	tyreGrip×10 outside a byte.	tyreGrip×10 fuera de un byte.
Встроенные поверхности без строки в surfinfo.dat.	Built-in surfaces without a line in surfinfo.dat.	Superficies integradas sin línea en surfinfo.dat.
Свойства нули.	The properties are zeros.	Propiedades a cero.
Добавить строки.	Add the lines.	Añadir las líneas.
shopping.dat: ошибка структуры.	shopping.dat: a structure error.	shopping.dat: error de estructura.
Магазин пустой или краш при открытии.	The shop is empty, or a crash when it opens.	La tienda está vacía o cierre al abrirla.
Свериться с ванильным shopping.dat.	Compare with the vanilla shopping.dat.	Cotejar con el shopping.dat original.
Нет секции prices.	No prices section.	No hay sección prices.
561-й предмет.	A 561st item.	Un 561.º artículo.
Массив на 560 — затираются соседние.	The array holds 560 — the neighbours get overwritten.	El array es de 560 — se sobrescriben los vecinos.
301-й предмет в подсекции.	A 301st item in a subsection.	Un 301.º artículo en una subsección.
Затирает счётчик.	It overwrites the counter.	Sobrescribe el contador.
type не из 11 имён секций цен.	type not among the 11 price section names.	type no está entre los 11 nombres de secciones de precios.
Индекс −1 — краш.	Index −1 — a crash.	Índice −1 — cierre.
Одно из 11 имён.	One of the 11 names.	Uno de los 11 nombres.
Подсекции нет под prices.	The subsection is not under prices.	La subsección no está bajo prices.
Чтение за блоком.	A read past the block.	Lectura fuera del bloque.
Добавить подсекцию.	Add the subsection.	Añadir la subsección.
«type» без имени.	«type» without a name.	«type» sin nombre.
type <имя>.	type <name>.	type <nombre>.
Предмет без цены.	An item without a price.	Un artículo sin precio.
Бесплатный/битый.	Free/broken.	Gratis/roto.
Добавить в prices.	Add it to prices.	Añadirlo a prices.
nametag длиннее 7.	nametag longer than 7.	nametag de más de 7.
GXT-метка читается в следующее поле.	The GXT label is read into the next field.	La etiqueta GXT se lee en el campo siguiente.
Подсекция prices не из 11 имён.	A prices subsection not among the 11 names.	Una subsección de prices que no está entre los 11 nombres.
Не найдётся.	It will not be found.	No se encontrará.
Не имя типа оружия.	Not a weapon type name.	No es un nombre de tipo de arma.
Имя оружия.	A weapon name.	Un nombre de arma.
Стат не из списка.	A stat not from the list.	Una estadística fuera de la lista.
Без изменения.	No change.	Sin cambio.
Изменение стата не целое или вне −128..127.	The stat change is not an integer or is outside −128..127.	El cambio de estadística no es entero o está fuera de −128..127.
atol → 0 / усечение.	atol → 0 / truncation.	atol → 0 / truncamiento.
Целое −128..127.	An integer −128..127.	Un entero −128..127.
Не то число токенов.	The wrong number of tokens.	Número incorrecto de tokens.
strtok NULL — краш.	strtok NULL — a crash.	strtok NULL — cierre.
Ровно столько токенов, сколько в подсекции.	Exactly as many tokens as in the subsection.	Exactamente tantos tokens como en la subsección.
Подсекция CarPaintJobs.	The CarPaintJobs subsection.	La subsección CarPaintJobs.
Ключи не присваиваются (баг движка).	The keys are not assigned (an engine bug).	Las claves no se asignan (bug del motor).
Имя магазина ≥ 24.	A shop name ≥ 24.	Un nombre de tienda ≥ 24.
Не совпадёт со скриптом.	It will not match the script.	No coincidirá con el script.
Потеря глубины — следующие строки уходят не туда.	The depth is lost — the following lines go to the wrong place.	Se pierde la profundidad — las líneas siguientes van donde no toca.
Сбалансировать секции.	Balance the sections.	Equilibrar las secciones.
129-я строка statdisp.	A 129th statdisp line.	Una 129.ª línea de statdisp.
Массив на 128.	The array holds 128.	El array es de 128.
GXT-метка длиннее 7.	A GXT label longer than 7.	Una etiqueta GXT de más de 7.
condition не lessthan/morethan.	condition is neither lessthan nor morethan.	condition no es lessthan ni morethan.
Не 5 токенов или statId не целое.	Not 5 tokens, or statId is not an integer.	No hay 5 tokens o statId no es entero.
Не 3 токена или id не целое.	Not 3 tokens, or the id is not an integer.	No hay 3 tokens o el id no es entero.
Имя ≥ 80.	A name ≥ 80.	Un nombre ≥ 80.
Не все id 0..58 присутствуют.	Not every id 0..58 is present.	No están presentes todos los id 0..58.
Реакция 0.	Reaction 0.	Reacción 0.
Объект висит в воздухе: под его низом нет опоры (коллизии соседей или воды) ближе 1.5 м.	The object hangs in the air: no support (neighbours' collision or water) within 1.5 m under its bottom.	El objeto flota en el aire: no hay apoyo (colisión de vecinos o agua) a menos de 1.5 m bajo su base.
Видимая ошибка расстановки: парящие деревья, столбы, ящики.	A visible placement error: floating trees, poles, crates.	Error visible de colocación: árboles, postes, cajas flotando.
Опусти Z в IPL или проверь, что опора действительно есть (у неё должен быть COL).	Lower the Z in the IPL or make sure the support really is there (it needs a COL).	Baja la Z en el IPL o comprueba que el apoyo existe de verdad (necesita COL).
DFF %u КБ · TXD %s %u КБ · дальность %g · COL %s	DFF %u KB · TXD %s %u KB · distance %g · COL %s	DFF %u KB · TXD %s %u KB · distancia %g · COL %s
 · есть LOD	 · has LOD	 · tiene LOD
Дальность считается до центра модели: ставь её больше радиуса (обычно 1.5–3 радиуса; крупные объекты — LOD со своей дальностью).	The distance is measured to the model centre: set it above the radius (usually 1.5–3 radii; large objects get a LOD with its own distance).	La distancia se mide al centro del modelo: ponla por encima del radio (normalmente 1.5–3 radios; los objetos grandes llevan un LOD con su propia distancia).
Автоматически исправить имена фреймов в %d файлах?	Automatically fix the frame names in %d files?	¿Corregir automáticamente los nombres de frame en %d archivos?
Правило: objs/tobj — фрейм атомика получает имя модели из IDE (с сохранением _dam);\nостальные фреймы и кламп-модели — убрать паддинг, обрезать до 23.\nОригиналы записей сохраняются в gta_check_backup\\ в папке игры.	Rule: objs/tobj — the atomic frame takes the model name from the IDE (keeping _dam);\nother frames and clump models — strip the padding, cut to 23.\nThe original entries are saved in gta_check_backup\\ inside the game folder.	Regla: objs/tobj — el frame del atomic toma el nombre del modelo del IDE (conservando _dam);\nel resto de frames y los modelos clump — quitar el relleno, recortar a 23.\nLos originales de las entradas se guardan en gta_check_backup\\ dentro de la carpeta del juego.
вес	weight	peso
В папку игры: gta_check_report.txt / .csv / .json	Into the game folder: gta_check_report.txt / .csv / .json	En la carpeta del juego: gta_check_report.txt / .csv / .json
Папка игры: %s	Game folder: %s	Carpeta del juego: %s
В брошенной папке нет data\\gta.dat (gta_vc.dat, gta3.dat) — это не папка игры	The dropped folder has no data\\gta.dat (gta_vc.dat, gta3.dat) — not a game folder	La carpeta soltada no tiene data\\gta.dat (gta_vc.dat, gta3.dat) — no es una carpeta del juego
строчная развёртка (CRT)	scanlines (CRT)	líneas de barrido (CRT)
Тонкие тёмные линии поверх всего окна, как у старого монитора	Thin dark lines over the whole window, like an old monitor	Líneas oscuras finas sobre toda la ventana, como en un monitor antiguo
Колёсико зажать — вращать, правая кнопка — двигать, прокрутка — приблизить. Маркер над моделью — строка таблицы (с учётом фильтров): клик выбирает строку, двойной клик подлетает к модели. Выбранная модель обведена оранжевой рамкой.	Hold the wheel — rotate, right button — move, scroll — zoom. A marker over a model is a table row (filters apply): click selects the row, double-click flies to the model. The selected model is outlined in orange.	Rueda pulsada — girar, botón derecho — mover, desplazar la rueda — acercar. Un marcador sobre un modelo es una fila de la tabla (con los filtros): clic selecciona la fila, doble clic vuela al modelo. El modelo seleccionado se marca con un contorno naranja.
Тянуть — вращать, правая кнопка — двигать, колесо — приблизить. Маркер над моделью — строка таблицы (с учётом фильтров): клик выбирает строку, двойной клик подлетает к модели.	Drag — rotate, right button — move, wheel — zoom. A marker over a model is a table row (filters apply): click selects the row, double-click flies to the model.	Arrastrar — girar, botón derecho — mover, rueda — acercar. Un marcador sobre un modelo es una fila de la tabla (con los filtros): clic selecciona la fila, doble clic vuela al modelo.
Тянуть — вращать, правая кнопка — двигать, колесо — приблизить. Маркер над моделью — строка таблицы (с учётом фильтров), клик по нему выбирает строку.	Drag — rotate, right button — move, wheel — zoom. A marker over a model is a table row (filters apply), clicking it selects the row.	Arrastrar — girar, botón derecho — mover, rueda — acercar. Un marcador sobre un modelo es una fila de la tabla (con los filtros), un clic en él selecciona la fila.
Поле lod ссылается на строку, которой в этом IPL нет.	The lod field refers to a line that this IPL does not have.	El campo lod hace referencia a una línea que no existe en este IPL.
LinkLods прочитает указатель за концом массива — краш или мусорная LOD-связь.	LinkLods reads a pointer past the end of the array — a crash or a garbage LOD link.	LinkLods lee un puntero más allá del final del array — cierre o un enlace LOD basura.
lod = номер строки LOD-объекта в этом же файле (с 0) или −1.	lod = the line number of the LOD object in this same file (from 0) or −1.	lod = número de línea del objeto LOD en este mismo archivo (desde 0) o −1.
Текущая строка. Правка попадает в файл после «Сохранить».	Current line. The edit goes into the file after «Save».	Línea actual. El cambio va al archivo tras «Guardar».
Показывать информационные заметки (не проблемы).	Show informational notes (not problems).	Mostrar notas informativas (no son problemas).
Экспорт: TXT CSV JSON Справка	Export: TXT CSV JSON Help	Exportar: TXT CSV JSON Ayuda
Исправить всё (000)	Fix all (000)	Corregir todo (000)
Экспорт:	Export:	Exportar:
УРОВЕНЬ	LEVEL	NIVEL
КАТЕГОРИЯ	CATEGORY	CATEGORÍA
ни одной	none	ninguna
Поиск по сообщению, файлу, объекту, коду…	Search in message, file, object, code…	Buscar en mensaje, archivo, objeto, código…
Показано %d из %d	Showing %d of %d	Mostrando %d de %d
· скрыто ванильных: %d	· vanilla hidden: %d	· vanilla ocultos: %d
Ур.	Lvl	Niv.
Кат.	Cat.	Cat.
Фон — арт загрузочных экранов из models\\txd\\loadscs.txd проверяемой игры	Backdrop — loading-screen art from models\\txd\\loadscs.txd of the checked game	Fondo — arte de las pantallas de carga de models\\txd\\loadscs.txd del juego comprobado
%s: %d > %d — %s	%s: %d > %d — %s	%s: %d > %d — %s
